﻿Country,Gender,Age,Household_size,Household_children,Employment_status,vac2_1,vac2_2,vac2_3,vac2_6,vac_3
Australia,Female,66,1,0,Retired,5,3,3,1,1
Australia,Male,62,1,0,Part time employment,4,4,2,3,2
Australia,Female,34,1,0,Part time employment,3,2,1,1,1
Australia,Male,43,1,0,Full time employment,4,4,3,3,4
Australia,Female,38,1,0,Part time employment,5,2,5,5,1
Australia,Male,70,1,0,Retired,1,1,3,1,1
Australia,Female,41,1,0,Part time employment,3,1,3,3,3
Australia,Female,62,1,0,Full time employment,4,1,5,3,3
Australia,Female,49,1,0,Retired,3,1,1,1,4
Australia,Male,64,1,0,Not working,5,5,4,3,5
Australia,Female,55,1,0,Not working,5,5,1,5,1
Australia,Female,71,1,0,Retired,2,1,2,1,1
Australia,Male,60,1,0,Full time employment,5,2,3,5,5
Australia,Female,60,1,0,Not working,1,3,1,1,1
Australia,Male,54,1,0,Retired,5,1,5,5,5
Australia,Female,64,1,0,Full time employment,4,3,2,4,2
Australia,Female,61,1,0,Full time employment,2,1,2,4,4
Australia,Female,61,1,0,Retired,3,3,2,2,2
Australia,Female,51,1,0,Full time employment,3,3,2,2,1
Australia,Male,80,1,0,Retired,3,3,2,2,1
Australia,Female,75,1,0,Retired,1,5,1,1,1
Australia,Male,51,1,0,Full time employment,5,1,4,5,5
Australia,Female,46,1,0,Full time employment,5,1,4,5,5
Australia,Female,49,1,0,Full time employment,2,5,3,3,3
Australia,Male,41,1,0,Not working,5,5,3,5,3
Australia,Female,75,1,0,Retired,3,3,2,1,1
Australia,Male,65,1,0,Not working,4,4,1,1,1
Australia,Male,73,1,0,Retired,1,5,1,1,1
Australia,Female,75,1,0,Retired,3,1,3,5,4
Australia,Male,73,1,0,Unemployed,2,3,3,1,1
Australia,Male,52,1,0,Full time employment,3,3,2,3,2
Australia,Male,71,1,0,Retired,3,4,1,1,1
Australia,Female,54,1,0,Retired,4,2,2,2,2
Australia,Male,61,1,0,Part time employment,3,1,5,5,5
Australia,Female,49,1,0,Unemployed,3,2,2,3,3
Australia,Male,54,1,0,Retired,3,3,2,3,3
Australia,Male,64,1,0,Retired,3,4,2,1,1
Australia,Female,70,1,0,Retired,4,4,2,2,1
Australia,Male,67,1,0,Retired,5,5,5,5,5
Australia,Male,64,1,0,Part time employment,3,5,2,1,1
Australia,Female,62,1,0,Full time employment,1,1,2,3,3
Australia,Female,70,1,0,Part time employment,2,4,2,2,1
Australia,Female,52,1,0,Full time employment,3,3,3,3,3
Australia,Male,64,1,0,Part time employment,4,5,2,2,1
Australia,Female,59,1,0,Full time employment,4,1,2,4,2
Australia,Male,70,1,0,Retired,4,3,1,2,1
Australia,Female,65,1,0,Retired,2,1,3,4,1
Australia,Male,59,1,0,Retired,4,2,2,3,3
Australia,Female,64,1,0,Retired,1,1,3,3,1
Australia,Male,71,1,0,Part time employment,2,5,1,1,1
Australia,Male,86,1,0,Retired,3,3,1,1,1
Australia,Female,63,1,0,Retired,2,5,1,1,1
Australia,Female,58,1,0,Full time employment,3,3,1,1,1
Australia,Female,58,1,0,Full time employment,3,3,2,3,3
Australia,Female,40,1,0,Full time employment,1,3,2,3,2
Australia,Female,57,1,0,Full time employment,1,5,1,1,1
Australia,Female,53,1,0,Not working,5,1,1,1,2
Australia,Male,71,1,0,Retired,5,5,1,1,1
Australia,Female,75,1,0,Part time employment,3,2,1,1,1
Australia,Male,70,1,0,Retired,3,4,4,3,3
Australia,Male,55,1,0,Part time employment,5,2,2,3,2
Australia,Female,75,1,0,Retired,3,3,1,1,1
Australia,Female,49,1,0,Full time employment,3,3,3,2,1
Australia,Female,59,1,0,Part time employment,1,3,4,4,5
Australia,Female,70,1,0,Retired,5,5,5,1,1
Australia,Male,68,1,0,Retired,4,4,2,2,2
Australia,Female,63,1,0,Part time employment,3,1,3,5,5
Australia,Female,64,1,0,Unemployed,1,2,3,1,1
Australia,Female,58,1,0,Full time employment,4,3,1,2,1
Australia,Female,76,1,0,Retired,4,3,2,2,2
Australia,Female,66,1,0,Retired,2,2,2,1,1
Australia,Female,60,1,0,Part time employment,4,5,3,3,3
Australia,Female,77,1,0,Retired,4,2,2,2,2
Australia,Female,71,1,0,Retired,2,4,1,1,1
Australia,Female,76,1,0,Retired,3,3,1,2,1
Australia,Female,83,1,0,Retired,2,1,1,1,1
Australia,Female,52,1,0,Not working,1,1,1,1,1
Australia,Female,53,1,0,Not working,1,1,1,1,1
Australia,Female,57,1,0,Retired,5,1,5,5,5
Australia,Male,60,1,0,Not working,5,1,5,5,5
Australia,Male,53,1,0,Full time employment,5,5,5,5,5
Australia,Female,67,1,0,Retired,4,4,2,2,2
Australia,Female,55,1,0,Part time employment,1,1,2,1,1
Australia,Male,63,1,0,Retired,5,1,5,5,5
Australia,Female,72,1,0,Retired,1,2,2,1,1
Australia,Male,61,1,0,Full time employment,3,3,2,2,2
Australia,Male,78,1,0,Retired,3,4,2,2,1
Australia,Female,49,1,0,Retired,1,2,3,1,4
Australia,Female,62,1,0,Retired,3,4,1,1,1
Australia,Female,71,1,0,Retired,3,4,2,1,1
Australia,Female,67,1,0,Retired,4,5,2,1,1
Australia,Female,72,1,0,Retired,2,5,1,1,1
Australia,Female,69,1,0,Retired,2,3,2,2,2
Australia,Male,71,1,0,Retired,1,1,2,1,1
Australia,Female,76,1,0,Retired,3,3,1,1,1
Australia,Female,73,1,0,Retired,5,4,4,5,1
Australia,Male,61,1,0,Full time employment,3,3,5,3,5
Australia,Male,60,1,0,Unemployed,2,4,1,2,1
Australia,Female,34,1,0,Full time employment,1,1,3,5,2
Australia,Male,51,1,0,Unemployed,2,4,3,2,1
Australia,Male,64,1,0,Retired,2,4,1,1,1
Australia,Male,61,1,0,Unemployed,4,4,5,4,5
Australia,Female,78,1,0,Retired,1,1,2,3,2
Australia,Female,89,1,0,Retired,2,5,1,1,1
Australia,Male,60,1,0,Retired,3,2,2,3,2
Australia,Male,48,1,0,Part time employment,2,1,3,4,3
Australia,Female,78,1,0,Retired,4,4,1,1,1
Australia,Female,34,1,0,Full time employment,1,1,3,1,1
Australia,Female,67,1,0,Retired,3,2,1,1,1
Australia,Female,71,1,0,Retired,4,2,2,2,1
Australia,Female,33,1,0,Full time employment,2,3,2,5,5
Australia,Male,55,1,0,Not working,5,1,5,5,5
Australia,Male,64,1,0,Retired,3,1,3,3,5
Australia,Female,53,1,0,Full time employment,4,4,1,3,1
Australia,Female,40,1,0,Unemployed,2,1,3,3,3
Australia,Female,48,1,0,Part time employment,5,1,5,5,5
Australia,Male,28,1,0,Full time employment,1,1,2,2,1
Australia,Male,51,1,0,Part time employment,4,4,2,2,2
Australia,Female,59,1,0,Part time employment,3,3,3,2,1
Australia,Female,59,1,0,Full time employment,4,2,1,1,1
Australia,Female,47,1,0,Full time employment,5,1,4,5,3
Australia,Male,64,1,0,Full time employment,1,3,1,1,1
Australia,Male,58,1,0,Not working,4,3,3,3,2
Australia,Female,25,1,0,Part time employment,1,1,3,3,2
Australia,Male,48,1,0,Full time employment,3,3,3,3,3
Australia,Male,50,1,0,Full time employment,5,5,1,2,1
Australia,Female,63,1,0,Part time employment,3,3,1,1,1
Australia,Female,57,1,0,Full time employment,3,1,2,2,2
Australia,Male,62,1,0,Part time employment,2,5,3,5,3
Australia,Female,34,1,0,Full time employment,1,4,2,1,1
Australia,Female,56,1,0,Not working,5,3,3,4,3
Australia,Female,62,1,0,Not working,3,3,3,1,1
Australia,Female,26,1,0,Unemployed,5,1,5,5,5
Australia,Female,46,1,0,Not working,1,1,1,5,5
Australia,Female,46,1,0,Part time employment,1,5,1,1,1
Australia,Female,46,1,0,Full time employment,1,3,1,2,2
Australia,Male,49,1,0,Full time employment,5,3,2,3,2
Australia,Male,33,1,0,Part time employment,4,1,4,3,3
Australia,Male,36,1,0,Full time employment,3,3,2,2,1
Australia,Male,47,1,0,Full time employment,3,4,3,3,3
Australia,Female,39,1,0,Unemployed,4,1,4,5,4
Australia,Female,48,1,0,Part time employment,3,3,3,3,1
Australia,Male,32,1,0,Full time employment,3,3,3,3,3
Australia,Female,33,1,0,Full time employment,3,2,2,3,1
Australia,Male,44,1,0,Full time employment,4,1,5,5,5
Australia,Female,29,1,0,Part time employment,5,1,5,5,5
Australia,Male,41,1,0,Unemployed,1,2,2,1,1
Australia,Female,37,1,0,Not working,2,2,1,1,1
Australia,Female,46,1,0,Unemployed,1,1,3,4,4
Australia,Female,41,1,0,Full time employment,2,2,2,1,2
Australia,Female,40,1,0,Unemployed,1,1,2,3,3
Australia,Male,49,1,0,Unemployed,2,4,2,2,1
Australia,Female,37,1,0,Full time employment,2,2,3,2,1
Australia,Female,49,1,0,Full time employment,2,2,1,1,1
Australia,Male,28,1,0,Part time employment,5,5,2,5,2
Australia,Female,43,1,0,Unemployed,3,1,3,3,3
Australia,Male,43,1,0,Full time employment,4,4,3,3,3
Australia,Male,28,1,0,Part time employment,5,4,4,4,4
Australia,Male,33,1,0,Part time employment,2,3,1,1,1
Australia,Male,47,1,0,Part time employment,4,5,4,3,4
Australia,Male,37,1,0,Not working,5,4,4,5,5
Australia,Male,48,1,0,Unemployed,3,5,3,3,3
Australia,Male,31,1,0,Full time employment,1,2,2,1,2
Australia,Male,26,1,0,Full time employment,2,2,2,1,1
Australia,Female,78,1,0,Part time employment,4,3,1,1,3
Australia,Female,71,1,0,Retired,1,1,3,3,3
Australia,Male,66,1,0,Full time employment,1,5,1,1,3
Australia,Female,77,1,0,Part time employment,1,2,1,1,1
Australia,Female,60,1,0,Retired,3,1,3,3,3
Australia,Female,58,1,0,Not working,4,2,3,4,3
Australia,Male,38,1,0,Full time employment,5,2,3,4,3
Australia,Female,69,1,0,Retired,3,4,1,2,1
Australia,Female,80,1,0,Retired,5,4,2,2,1
Australia,Male,68,1,0,Retired,1,4,2,1,1
Australia,Male,81,1,0,Retired,2,2,1,1,5
Australia,Male,44,1,0,Full time employment,3,3,3,3,5
Australia,Male,35,1,0,Full time employment,4,5,1,1,1
Australia,Male,36,1,0,Full time employment,1,1,1,1,1
Australia,Female,77,1,0,Retired,1,2,1,1,1
Australia,Female,75,1,0,Retired,2,3,3,1,1
Australia,Male,81,1,0,Retired,1,2,2,1,1
Australia,Female,48,1,0,Part time employment,5,5,5,5,5
Australia,Male,58,1,0,Part time employment,4,1,3,4,4
Australia,Male,79,1,0,Retired,3,3,1,3,1
Australia,Male,77,1,0,Retired,5,5,1,2,1
Australia,Male,85,1,0,Retired,2,2,2,1,1
Australia,Male,44,1,0,Not working,3,2,3,5,4
Australia,Male,43,1,0,Full time employment,3,4,2,2,1
Australia,Female,36,1,0,Full time employment,2,2,3,3,4
Australia,Male,64,1,0,Unemployed,4,1,5,5,5
Australia,Female,48,1,0,Not working,1,3,2,1,1
Australia,Female,52,1,0,Part time employment,4,4,2,2,4
Australia,Female,58,1,0,Retired,4,3,2,1,1
Australia,Male,31,1,0,Full time employment,1,4,1,2,1
Australia,Male,61,1,0,Full time employment,3,3,2,1,1
Australia,Female,35,1,0,Part time employment,2,2,4,1,1
Australia,Female,50,1,0,Part time employment,5,1,2,2,4
Australia,Female,46,1,0,Full time employment,2,2,2,2,1
Australia,Female,59,1,0,Part time employment,4,2,4,3,3
Australia,Female,74,1,0,Retired,3,1,3,5,5
Australia,Female,59,1,0,Full time employment,4,5,1,1,1
Australia,Female,55,1,0,Part time employment,3,1,4,3,4
Australia,Male,53,1,0,Full time employment,4,4,2,3,3
Australia,Female,79,1,0,Retired,4,2,1,4,2
Australia,Female,58,1,0,Retired,1,1,3,3,3
Australia,Male,44,1,0,Unemployed,2,4,3,2,1
Australia,Female,60,1,0,Retired,5,3,3,4,3
Australia,Male,45,1,0,Full time employment,3,4,1,1,1
Australia,Male,27,1,0,Full time employment,4,3,2,1,1
Australia,Male,75,1,0,Retired,4,3,4,4,1
Australia,Male,37,1,0,Unemployed,3,1,5,5,5
Australia,Female,63,1,0,Retired,3,3,1,1,1
Australia,Female,55,1,0,Part time employment,4,3,4,3,4
Australia,Male,47,1,0,Full time employment,4,2,4,3,4
Australia,Male,64,1,0,Retired,4,5,1,1,1
Australia,Male,21,1,0,Not working,3,3,4,3,2
Australia,Female,67,1,0,Retired,2,1,4,3,5
Australia,Female,63,1,0,Part time employment,1,1,1,3,1
Australia,Male,75,1,0,Retired,2,1,2,3,1
Australia,Male,52,1,0,Full time employment,2,2,2,2,2
Australia,Female,56,1,0,Unemployed,5,3,3,5,5
Australia,Female,65,1,0,Not working,2,3,2,2,1
Australia,Male,53,1,0,Full time employment,5,3,2,3,2
Australia,Female,38,1,0,Part time employment,4,4,3,4,3
Australia,Male,71,1,0,Retired,3,3,1,1,1
Australia,Female,35,1,0,Part time employment,3,3,1,2,1
Australia,Female,56,1,0,Full time employment,5,2,2,2,1
Australia,Male,56,1,0,Part time employment,5,4,4,5,5
Australia,Female,76,1,0,Retired,5,4,1,1,1
Australia,Female,71,1,0,Not working,1,1,3,3,2
Australia,Female,38,1,0,Part time employment,3,3,2,3,2
Australia,Female,35,1,0,Full time employment,1,1,3,5,3
Australia,Male,49,1,0,Full time employment,5,1,4,5,4
Australia,Male,55,1,0,Full time employment,4,4,1,2,1
Australia,Female,59,1,0,Retired,3,5,2,3,1
Australia,Female,56,1,0,Not working,5,3,1,1,1
Australia,Female,41,1,0,Full time employment,4,1,3,5,3
Australia,Female,50,1,0,Not working,4,1,3,3,4
Australia,Male,40,1,0,Part time employment,2,2,4,5,1
Australia,Female,29,1,0,Full time employment,3,1,2,2,1
Australia,Male,61,1,0,Full time employment,5,1,3,5,5
Australia,Male,30,1,0,Full time employment,5,1,5,5,2
Australia,Male,53,1,0,Not working,5,1,3,1,4
Australia,Male,32,1,0,Full time employment,4,2,3,3,3
Australia,Female,74,1,0,Retired,3,3,1,1,1
Australia,Male,37,1,0,Full time employment,4,2,2,4,2
Australia,Male,68,1,0,Retired,2,1,2,2,1
Australia,Male,72,1,0,Part time employment,3,4,3,3,2
Australia,Male,49,1,0,Full time employment,5,2,3,3,3
Australia,Male,67,1,0,Retired,4,5,3,4,3
Australia,Male,74,1,0,Retired,1,4,1,1,1
Australia,Female,33,1,0,Full time employment,5,3,3,5,3
Australia,Male,75,1,0,Retired,5,3,5,5,5
Australia,Male,84,1,0,Retired,1,5,3,1,1
Australia,Female,65,1,0,Retired,1,1,4,1,1
Australia,Male,26,1,0,Unemployed,2,2,2,1,1
Australia,Female,71,1,0,Retired,4,3,4,2,1
Australia,Female,61,1,0,Unemployed,3,3,4,2,3
Australia,Male,72,1,0,Retired,5,3,4,4,4
Australia,Female,59,1,0,Full time employment,2,2,1,1,1
Australia,Female,59,1,0,Part time employment,3,4,2,2,1
Australia,Male,70,1,0,Retired,3,2,2,3,3
Australia,Male,70,1,0,Retired,3,3,4,4,5
Australia,Male,34,1,0,Not working,3,4,2,3,1
Australia,Female,73,1,0,Retired,1,1,1,5,3
Australia,Female,70,1,0,Part time employment,4,2,2,2,1
Australia,Female,54,1,0,Not working,3,1,5,3,5
Australia,Female,46,1,0,Full time employment,2,2,3,3,3
Australia,Female,64,1,0,Retired,3,1,3,5,5
Australia,Female,64,1,0,Full time employment,4,3,2,3,2
Australia,Female,60,1,0,Unemployed,3,1,2,3,3
Australia,Female,41,1,0,Full time employment,3,3,2,2,1
Australia,Male,81,1,0,Retired,3,4,2,1,1
Australia,Female,60,1,0,Retired,4,2,2,2,3
Australia,Female,83,1,0,Not working,3,4,2,1,1
Australia,Female,67,1,0,Retired,2,1,1,1,1
Australia,Male,77,1,0,Retired,4,2,2,3,2
Australia,Female,60,1,0,Full time employment,3,3,3,3,4
Australia,Female,86,1,0,Retired,4,3,1,1,1
Australia,Female,39,1,0,Part time employment,1,1,2,3,2
Australia,Female,67,1,0,Retired,3,2,3,3,1
Australia,Male,74,1,0,Retired,3,5,2,1,5
Australia,Male,80,1,0,Retired,5,3,1,1,1
Australia,Male,87,1,0,Retired,2,4,1,1,1
Australia,Female,49,1,0,Not working,5,5,5,1,1
Australia,Male,33,1,0,Full time employment,2,3,2,5,2
Australia,Female,54,1,0,Part time employment,3,4,3,3,3
Australia,Male,69,1,0,Retired,3,1,3,3,3
Australia,Female,56,1,0,Unemployed,5,1,3,5,5
Australia,Female,71,1,0,Part time employment,4,4,2,1,1
Australia,Male,70,1,0,Retired,4,3,3,3,3
Australia,Male,72,1,0,Retired,1,3,4,1,2
Australia,Female,59,1,0,Full time employment,4,1,1,2,1
Australia,Female,57,1,0,Full time employment,5,3,3,5,1
Australia,Male,51,1,0,Part time employment,5,4,2,3,2
Australia,Male,52,1,0,Full time employment,3,3,2,1,1
Australia,Female,40,1,0,Full time employment,1,2,2,2,2
Australia,Female,57,1,0,Full time employment,2,5,2,1,1
Australia,Female,61,1,0,Part time employment,1,1,4,1,1
Australia,Male,44,1,0,Full time employment,1,4,1,1,2
Australia,Female,39,1,0,Not working,1,2,2,2,3
Australia,Male,37,1,0,Full time employment,4,4,4,4,2
Australia,Male,62,1,0,Full time employment,1,3,1,1,1
Australia,Male,63,1,0,Retired,4,4,1,1,1
Australia,Male,62,1,0,Not working,2,3,2,2,1
Australia,Male,53,1,0,Full time employment,1,5,5,1,1
Australia,Female,51,1,0,Part time employment,2,3,2,2,2
Australia,Male,44,1,0,Full time employment,2,2,3,1,1
Australia,Female,56,1,0,Full time employment,4,4,1,1,1
Australia,Female,50,1,0,Full time employment,2,4,1,2,2
Australia,Female,37,1,0,Full time employment,3,3,3,3,3
Australia,Female,54,1,0,Not working,3,1,1,2,1
Australia,Male,36,1,0,Full time employment,2,3,2,1,1
Australia,Male,44,1,0,Not working,3,3,3,3,3
Australia,Female,53,1,0,Not working,4,3,1,1,5
Australia,Male,34,1,0,Part time employment,1,3,3,3,3
Australia,Female,37,1,0,Full time employment,1,1,1,2,2
Australia,Male,37,1,0,Full time employment,2,1,1,2,1
Australia,Male,36,1,0,Full time employment,1,1,1,2,2
Australia,Male,40,1,0,Full time employment,4,4,1,1,2
Australia,Female,41,1,0,Unemployed,3,1,3,3,3
Australia,Male,46,1,0,Full time employment,3,3,3,2,3
Australia,Male,28,1,0,Full time employment,3,4,2,1,1
Australia,Male,31,1,0,Full time employment,4,4,3,3,4
Australia,Male,31,1,0,Full time employment,4,4,3,3,3
Australia,Male,27,1,0,Full time employment,3,5,3,4,3
Australia,Female,35,1,0,Full time employment,4,3,2,4,1
Australia,Male,32,1,0,Full time employment,4,2,1,1,1
Australia,Male,42,1,0,Not working,5,5,3,5,5
Australia,Male,21,1,0,Full time employment,3,2,2,4,1
Australia,Male,26,1,0,Full time employment,4,4,1,1,1
Australia,Male,29,1,0,Full time employment,3,4,4,3,4
Australia,Male,29,1,0,Full time employment,4,3,4,3,4
Australia,Male,29,1,0,Full time employment,5,5,2,5,1
Australia,Male,19,1,0,Not working,2,4,2,2,1
Australia,Male,76,1,0,Retired,2,3,1,1,1
Australia,Female,74,1,0,Retired,2,1,1,1,1
Australia,Female,70,1,0,Retired,3,1,3,4,4
Australia,Male,77,2,0,Retired,3,4,3,3,5
Australia,Male,86,2,0,Retired,4,2,1,2,1
Australia,Male,59,2,0,Part time employment,2,3,4,3,2
Australia,Female,62,2,0,Part time employment,4,1,3,1,1
Australia,Male,76,2,0,Retired,3,3,2,3,1
Australia,Female,20,2,0,Not working,1,1,1,1,1
Australia,Male,65,2,0,Unemployed,1,2,1,1,1
Australia,Female,46,2,0,Full time employment,3,3,2,3,2
Australia,Male,66,2,0,Full time employment,2,1,1,1,1
Australia,Female,27,2,0,Not working,4,2,3,3,3
Australia,Female,67,2,0,Retired,3,2,1,1,1
Australia,Male,57,2,0,Not working,5,1,4,4,4
Australia,Male,84,2,0,Retired,3,2,2,2,1
Australia,Male,54,2,0,Full time employment,3,5,4,1,2
Australia,Male,69,2,0,Retired,1,1,1,1,1
Australia,Female,56,2,0,Part time employment,1,1,3,1,1
Australia,Male,72,2,0,Retired,4,4,3,3,2
Australia,Female,65,2,0,Part time employment,3,3,1,1,1
Australia,Male,74,2,0,Retired,2,5,1,1,1
Australia,Female,71,2,0,Retired,2,1,1,1,1
Australia,Female,33,2,0,Full time employment,3,1,3,3,2
Australia,Female,73,2,0,Retired,3,2,3,4,3
Australia,Female,35,2,0,Full time employment,1,1,4,4,2
Australia,Female,63,2,0,Part time employment,4,1,1,3,3
Australia,Male,74,2,0,Retired,3,1,5,3,4
Australia,Female,31,2,0,Unemployed,3,3,3,3,3
Australia,Female,75,2,0,Retired,3,2,2,3,3
Australia,Male,62,2,0,Retired,3,3,2,2,1
Australia,Female,59,2,0,Part time employment,3,5,5,5,5
Australia,Female,74,2,0,Retired,3,1,3,3,3
Australia,Male,60,2,0,Retired,2,5,1,2,1
Australia,Male,72,2,0,Part time employment,5,5,4,5,3
Australia,Female,74,2,0,Retired,4,2,1,2,1
Australia,Male,71,2,0,Part time employment,3,5,1,1,1
Australia,Female,59,2,0,Part time employment,3,2,1,1,1
Australia,Male,55,2,0,Full time employment,2,2,2,1,1
Australia,Female,59,2,0,Part time employment,2,2,2,2,1
Australia,Male,67,2,0,Part time employment,2,2,1,1,1
Australia,Male,70,2,0,Retired,2,4,1,2,1
Australia,Female,57,2,0,Part time employment,5,1,1,3,4
Australia,Female,66,2,0,Retired,3,4,1,1,1
Australia,Female,52,2,0,Full time employment,3,4,4,3,4
Australia,Female,49,2,0,Part time employment,1,3,1,1,1
Australia,Female,56,2,0,Part time employment,5,3,1,3,1
Australia,Male,80,2,0,Retired,2,2,2,3,1
Australia,Female,60,2,0,Part time employment,3,3,3,3,2
Australia,Female,74,2,0,Retired,4,3,1,2,1
Australia,Female,62,2,0,Part time employment,4,4,2,4,1
Australia,Male,70,2,0,Full time employment,3,1,3,1,1
Australia,Male,73,2,0,Retired,3,3,4,4,4
Australia,Male,35,2,0,Full time employment,4,1,1,1,5
Australia,Male,52,2,0,Retired,3,1,4,3,3
Australia,Male,64,2,0,Full time employment,5,3,2,3,4
Australia,Male,63,2,0,Not working,4,3,2,3,1
Australia,Male,62,2,0,Part time employment,2,4,1,1,1
Australia,Male,65,2,0,Full time employment,3,3,3,2,1
Australia,Female,79,2,0,Retired,3,1,3,3,4
Australia,Male,46,2,0,Full time employment,5,4,2,3,1
Australia,Female,61,2,0,Not working,1,1,1,2,3
Australia,Male,66,2,0,Part time employment,4,5,1,1,1
Australia,Male,71,2,0,Retired,5,3,2,4,3
Australia,Female,64,2,0,Retired,5,5,1,1,1
Australia,Male,75,2,0,Retired,2,5,1,1,1
Australia,Male,60,2,0,Unemployed,3,3,3,3,2
Australia,Female,66,2,0,Retired,3,3,4,4,3
Australia,Male,72,2,0,Retired,2,2,3,1,1
Australia,Male,60,2,0,Retired,4,3,1,1,1
Australia,Female,73,2,0,Retired,1,2,1,1,1
Australia,Female,79,2,0,Retired,5,5,4,4,1
Australia,Male,48,2,0,Full time employment,5,3,3,3,5
Australia,Male,76,2,0,Retired,3,4,1,1,1
Australia,Male,54,2,0,Full time employment,3,4,2,1,1
Australia,Male,57,2,0,Full time employment,4,2,3,3,2
Australia,Male,66,2,0,Retired,1,4,2,1,1
Australia,Female,71,2,0,Retired,4,1,3,4,4
Australia,Male,84,2,0,Retired,1,5,1,1,1
Australia,Female,77,2,0,Retired,3,5,1,3,3
Australia,Female,48,2,0,Part time employment,2,4,2,3,1
Australia,Male,74,2,0,Retired,5,5,3,1,1
Australia,Male,62,2,0,Unemployed,1,2,2,4,1
Australia,Male,74,2,0,Retired,3,3,1,2,2
Australia,Female,71,2,0,Retired,1,1,1,1,1
Australia,Male,78,2,0,Retired,3,3,1,1,1
Australia,Female,63,2,0,Retired,3,3,1,3,1
Australia,Female,62,2,0,Retired,4,1,3,3,3
Australia,Male,57,2,0,Full time employment,2,5,2,1,1
Australia,Male,62,2,0,Part time employment,3,2,3,3,4
Australia,Female,68,2,0,Retired,2,2,1,1,1
Australia,Male,73,2,0,Retired,2,2,1,1,1
Australia,Male,67,2,0,Retired,5,1,4,5,4
Australia,Male,64,2,0,Unemployed,1,1,3,1,1
Australia,Male,29,2,0,Full time employment,2,3,2,2,1
Australia,Male,66,2,0,Full time employment,3,3,2,3,1
Australia,Female,61,2,0,Retired,3,4,3,3,2
Australia,Male,66,2,0,Retired,5,5,1,1,1
Australia,Female,74,2,0,Retired,1,3,1,1,1
Australia,Female,74,2,0,Retired,3,3,2,2,1
Australia,Male,80,2,0,Retired,4,5,1,1,1
Australia,Male,66,2,0,Retired,2,2,2,3,2
Australia,Male,62,2,0,Retired,5,1,1,5,5
Australia,Female,69,2,0,Retired,4,3,1,2,1
Australia,Male,73,2,0,Retired,2,1,2,1,1
Australia,Female,60,2,0,Part time employment,2,5,2,1,1
Australia,Male,80,2,0,Part time employment,2,2,2,2,1
Australia,Female,64,2,0,Retired,5,1,5,5,5
Australia,Female,57,2,0,Retired,3,3,2,2,2
Australia,Male,61,2,0,Full time employment,4,3,1,1,5
Australia,Male,69,2,0,Full time employment,5,1,3,5,5
Australia,Female,29,2,0,Full time employment,1,1,1,1,1
Australia,Female,66,2,0,Retired,1,3,2,1,1
Australia,Female,23,2,0,Part time employment,4,1,3,3,1
Australia,Male,62,2,0,Full time employment,4,4,1,1,1
Australia,Female,59,2,0,Retired,3,3,1,3,3
Australia,Male,70,2,0,Full time employment,1,3,1,1,1
Australia,Male,75,2,0,Retired,5,5,2,2,5
Australia,Female,55,2,0,Unemployed,1,5,1,5,1
Australia,Male,72,2,0,Retired,3,3,1,5,1
Australia,Female,50,2,0,Full time employment,1,1,3,3,1
Australia,Male,82,2,0,Retired,2,2,5,5,5
Australia,Male,82,2,0,Unemployed,5,3,2,2,1
Australia,Male,64,2,0,Full time employment,3,3,1,1,1
Australia,Male,79,2,0,Retired,1,2,1,1,1
Australia,Male,78,2,0,Retired,3,3,2,3,1
Australia,Female,66,2,0,Retired,5,4,2,2,1
Australia,Female,60,2,0,Part time employment,4,4,2,1,1
Australia,Male,75,2,0,Retired,4,3,2,2,4
Australia,Male,61,2,0,Part time employment,2,1,2,3,1
Australia,Male,69,2,0,Retired,5,2,3,5,3
Australia,Female,62,2,0,Not working,3,1,1,1,4
Australia,Male,61,2,0,Part time employment,1,1,4,1,4
Australia,Male,88,2,0,Retired,4,4,5,1,1
Australia,Male,56,2,0,Part time employment,4,3,1,2,1
Australia,Female,67,2,0,Unemployed,1,1,1,1,1
Australia,Female,49,2,0,Not working,1,2,1,1,1
Australia,Male,78,2,0,Retired,2,2,2,2,5
Australia,Female,31,2,0,Full time employment,4,3,5,4,5
Australia,Male,75,2,0,Retired,2,5,1,1,1
Australia,Male,69,2,0,Retired,2,3,2,4,1
Australia,Female,63,2,0,Part time employment,3,4,1,1,1
Australia,Female,20,2,0,Full time employment,5,5,1,1,1
Australia,Female,38,2,0,Full time employment,3,3,4,3,4
Australia,Male,65,2,0,Retired,1,1,1,1,5
Australia,Male,40,2,0,Full time employment,2,1,2,5,2
Australia,Male,64,2,0,Full time employment,3,3,1,1,1
Australia,Female,56,2,0,Retired,4,5,4,3,4
Australia,Female,73,2,0,Retired,1,1,2,5,5
Australia,Male,70,2,0,Full time employment,2,2,1,1,1
Australia,Male,70,2,0,Part time employment,2,2,2,3,3
Australia,Female,65,2,0,Part time employment,4,3,2,3,2
Australia,Male,61,2,0,Full time employment,4,1,4,5,4
Australia,Female,73,2,0,Part time employment,5,2,2,5,4
Australia,Female,84,2,0,Retired,5,2,3,5,2
Australia,Male,55,2,0,Unemployed,3,3,3,3,1
Australia,Male,43,2,0,Not working,4,3,2,3,4
Australia,Female,82,2,0,Retired,1,1,1,1,1
Australia,Male,55,2,0,Part time employment,3,5,2,1,1
Australia,Male,73,2,0,Part time employment,4,3,1,5,1
Australia,Male,64,2,0,Not working,3,3,4,4,1
Australia,Female,81,2,0,Retired,2,4,2,1,1
Australia,Female,57,2,0,Part time employment,4,2,3,3,1
Australia,Female,42,2,0,Full time employment,3,1,3,3,2
Australia,Male,60,2,0,Full time employment,3,2,3,3,3
Australia,Male,60,2,0,Part time employment,4,3,3,4,3
Australia,Female,60,2,0,Full time employment,4,2,2,4,2
Australia,Female,58,2,0,Retired,3,3,3,3,3
Australia,Female,67,2,0,Retired,2,1,1,2,2
Australia,Male,63,2,0,Part time employment,5,1,3,5,3
Australia,Female,62,2,0,Retired,4,2,1,2,2
Australia,Male,74,2,0,Part time employment,2,2,2,2,1
Australia,Female,62,2,0,Unemployed,1,3,1,3,1
Australia,Female,55,2,0,Full time employment,3,2,2,1,1
Australia,Female,65,2,0,Part time employment,1,2,3,1,1
Australia,Male,72,2,0,Part time employment,3,4,1,3,1
Australia,Female,57,2,0,Not working,3,2,3,3,4
Australia,Female,73,2,0,Full time employment,3,3,1,1,1
Australia,Female,70,2,0,Retired,2,2,3,3,2
Australia,Male,53,2,0,Full time employment,2,4,1,1,1
Australia,Female,66,2,0,Part time employment,4,1,2,4,2
Australia,Male,69,2,0,Retired,1,2,3,1,2
Australia,Female,50,2,0,Full time employment,4,2,3,3,2
Australia,Male,78,2,0,Retired,5,4,2,2,1
Australia,Male,52,2,0,Full time employment,3,1,3,4,3
Australia,Female,55,2,0,Full time employment,5,1,3,4,5
Australia,Female,56,2,0,Full time employment,3,3,2,1,1
Australia,Female,24,2,0,Unemployed,3,3,3,3,1
Australia,Male,58,2,0,Unemployed,2,1,4,5,4
Australia,Male,69,2,0,Retired,3,2,2,4,1
Australia,Female,60,2,0,Retired,1,2,1,1,1
Australia,Male,61,2,0,Full time employment,2,1,3,2,2
Australia,Male,50,2,0,Not working,4,2,3,5,3
Australia,Female,36,2,0,Part time employment,3,4,3,4,4
Australia,Female,29,2,0,Part time employment,3,1,1,1,5
Australia,Male,69,2,0,Part time employment,1,1,1,1,1
Australia,Female,71,2,0,Retired,4,4,5,5,5
Australia,Male,60,2,0,Part time employment,2,2,2,1,1
Australia,Female,60,2,0,Not working,3,5,1,1,1
Australia,Female,74,2,0,Retired,5,5,1,1,1
Australia,Male,64,2,0,Full time employment,4,3,2,2,1
Australia,Male,69,2,0,Retired,5,4,3,3,1
Australia,Male,72,2,0,Retired,4,1,3,3,1
Australia,Female,70,2,0,Retired,3,1,3,5,4
Australia,Male,59,2,0,Retired,1,4,1,1,1
Australia,Female,72,2,0,Retired,4,4,1,1,1
Australia,Female,64,2,0,Retired,4,3,2,2,2
Australia,Female,45,2,0,Not working,2,2,2,2,1
Australia,Male,63,2,0,Retired,2,4,1,1,1
Australia,Male,63,2,0,Retired,2,2,2,2,1
Australia,Female,72,2,0,Retired,4,4,1,1,1
Australia,Female,55,2,0,Part time employment,3,3,5,1,2
Australia,Male,74,2,0,Retired,1,2,2,1,1
Australia,Female,65,2,0,Retired,5,5,1,1,1
Australia,Female,64,2,0,Part time employment,4,2,2,4,2
Australia,Female,57,2,0,Not working,4,5,3,3,1
Australia,Female,57,2,0,Part time employment,1,5,1,1,1
Australia,Male,58,2,0,Retired,4,2,2,3,2
Australia,Female,73,2,0,Retired,3,3,3,3,2
Australia,Female,66,2,0,Retired,3,3,3,3,3
Australia,Male,60,2,0,Retired,4,1,4,3,3
Australia,Male,63,2,0,Retired,3,4,1,1,1
Australia,Male,70,2,0,Retired,2,5,1,1,1
Australia,Male,71,2,0,Retired,2,3,2,1,1
Australia,Female,64,2,0,Full time employment,2,3,1,2,1
Australia,Female,27,2,0,Full time employment,3,2,1,1,1
Australia,Female,39,2,0,Part time employment,2,2,3,3,5
Australia,Female,25,2,0,Part time employment,1,3,2,4,4
Australia,Male,62,2,0,Part time employment,4,2,2,4,2
Australia,Female,29,2,0,Part time employment,4,2,1,1,1
Australia,Male,67,2,0,Part time employment,3,5,2,1,1
Australia,Male,61,2,0,Unemployed,4,1,3,5,3
Australia,Female,24,2,0,Full time employment,5,5,1,1,5
Australia,Female,61,2,0,Not working,2,2,3,3,3
Australia,Female,61,2,0,Retired,2,1,2,1,1
Australia,Male,57,2,0,Full time employment,2,1,3,5,1
Australia,Male,72,2,0,Part time employment,3,4,5,1,1
Australia,Male,64,2,0,Unemployed,1,4,1,1,1
Australia,Male,31,2,0,Full time employment,4,4,3,4,4
Australia,Female,31,2,0,Full time employment,3,2,1,3,1
Australia,Male,51,2,0,Unemployed,4,1,5,5,4
Australia,Female,31,2,0,Full time employment,5,1,5,5,5
Australia,Female,44,2,0,Part time employment,2,3,4,3,4
Australia,Female,54,2,0,Retired,3,1,3,3,2
Australia,Female,52,2,0,Part time employment,5,2,1,1,1
Australia,Female,47,2,0,Not working,2,1,2,4,3
Australia,Female,29,2,0,Full time employment,5,5,4,3,3
Australia,Female,24,2,0,Part time employment,3,4,3,4,4
Australia,Male,30,2,0,Full time employment,2,5,1,1,1
Australia,Female,62,2,0,Part time employment,5,1,3,2,1
Australia,Female,61,2,0,Retired,3,3,4,3,1
Australia,Male,47,2,0,Part time employment,4,5,3,3,4
Australia,Female,58,2,0,Part time employment,5,1,4,3,5
Australia,Female,30,2,0,Full time employment,4,3,2,1,1
Australia,Male,64,2,0,Part time employment,2,2,2,2,2
Australia,Female,63,2,0,Part time employment,2,2,2,1,1
Australia,Female,59,2,0,Part time employment,4,4,4,3,3
Australia,Male,62,2,0,Full time employment,4,4,1,1,1
Australia,Male,60,2,0,Full time employment,2,3,2,3,3
Australia,Female,46,2,0,Part time employment,1,2,4,2,3
Australia,Female,58,2,0,Not working,5,2,2,5,5
Australia,Male,55,2,0,Part time employment,4,4,1,1,1
Australia,Male,42,2,0,Full time employment,4,3,1,3,1
Australia,Female,45,2,0,Full time employment,4,5,1,1,1
Australia,Female,52,2,0,Part time employment,3,2,2,3,1
Australia,Female,31,2,0,Unemployed,4,1,4,5,5
Australia,Female,38,2,0,Full time employment,3,4,1,1,1
Australia,Female,47,2,0,Unemployed,4,3,3,4,2
Australia,Female,23,2,0,Full time employment,1,1,1,1,1
Australia,Female,32,2,0,Full time employment,4,1,1,3,2
Australia,Female,41,2,0,Full time employment,3,1,3,4,4
Australia,Male,64,2,0,Part time employment,3,2,2,2,1
Australia,Male,64,2,0,Part time employment,3,4,1,1,1
Australia,Male,45,2,0,Full time employment,3,4,4,3,4
Australia,Female,42,2,0,Not working,2,5,1,1,1
Australia,Female,28,2,0,Part time employment,2,1,2,3,1
Australia,Female,41,2,0,Unemployed,1,1,1,1,1
Australia,Male,47,2,0,Full time employment,3,2,2,3,2
Australia,Male,37,2,0,Full time employment,1,1,1,1,1
Australia,Female,26,2,0,Unemployed,1,3,1,2,1
Australia,Female,35,2,0,Part time employment,1,2,2,2,2
Australia,Female,27,2,0,Full time employment,1,4,2,1,1
Australia,Female,43,2,0,Full time employment,4,2,2,3,3
Australia,Female,29,2,0,Full time employment,4,1,3,3,4
Australia,Female,47,2,0,Full time employment,5,2,1,5,1
Australia,Female,40,2,0,Unemployed,1,1,1,3,3
Australia,Female,49,2,0,Part time employment,3,1,3,5,5
Australia,Female,35,2,0,Part time employment,5,1,3,5,5
Australia,Female,31,2,0,Full time employment,2,2,3,3,1
Australia,Male,46,2,0,Full time employment,3,3,4,5,1
Australia,Female,39,2,0,Not working,4,2,2,3,3
Australia,Female,38,2,0,Unemployed,2,1,3,3,3
Australia,Female,47,2,0,Unemployed,3,2,4,5,2
Australia,Female,49,2,0,Full time employment,3,3,3,3,4
Australia,Female,30,2,0,Full time employment,1,3,2,1,1
Australia,Female,37,2,0,Full time employment,4,4,4,3,3
Australia,Female,26,2,0,Full time employment,1,1,2,3,1
Australia,Female,33,2,0,Full time employment,3,2,1,3,1
Australia,Male,31,2,0,Part time employment,2,2,2,1,2
Australia,Female,48,2,0,Not working,3,1,2,3,2
Australia,Female,47,2,0,Unemployed,3,3,3,1,1
Australia,Female,44,2,0,Full time employment,4,2,2,2,2
Australia,Male,47,2,0,Part time employment,4,4,4,4,2
Australia,Female,27,2,0,Not working,2,5,1,1,1
Australia,Male,40,2,0,Part time employment,2,4,2,2,1
Australia,Female,29,2,0,Full time employment,3,1,1,3,4
Australia,Male,37,2,0,Part time employment,3,1,3,2,1
Australia,Female,23,2,0,Unemployed,5,5,5,5,5
Australia,Male,37,2,0,Full time employment,1,1,1,1,1
Australia,Female,46,2,0,Full time employment,3,1,5,5,5
Australia,Female,42,2,0,Full time employment,3,1,1,2,1
Australia,Male,46,2,0,Full time employment,3,3,3,3,3
Australia,Female,41,2,0,Full time employment,5,4,1,1,1
Australia,Male,47,2,0,Retired,3,2,2,2,3
Australia,Male,39,2,0,Unemployed,3,4,1,1,1
Australia,Female,36,2,0,Full time employment,5,5,2,5,5
Australia,Male,37,2,0,Unemployed,4,1,3,3,3
Australia,Male,38,2,0,Full time employment,4,5,2,3,2
Australia,Female,26,2,0,Full time employment,3,2,3,4,3
Australia,Male,35,2,0,Part time employment,4,4,2,4,1
Australia,Male,30,2,0,Full time employment,4,2,3,4,4
Australia,Female,19,2,0,Unemployed,4,1,2,2,3
Australia,Male,29,2,0,Full time employment,5,1,5,5,5
Australia,Male,36,2,0,Not working,2,4,1,1,1
Australia,Female,26,2,0,Part time employment,3,1,3,4,3
Australia,Female,23,2,0,Part time employment,4,3,3,3,1
Australia,Male,36,2,0,Full time employment,3,3,3,2,3
Australia,Female,29,2,0,Full time employment,3,1,4,3,3
Australia,Male,41,2,0,Full time employment,2,1,2,2,3
Australia,Female,26,2,0,Unemployed,3,3,3,3,3
Australia,Female,34,2,0,Full time employment,3,3,2,3,2
Australia,Female,30,2,0,Full time employment,3,2,2,1,1
Australia,Male,21,2,0,Not working,5,1,2,5,3
Australia,Male,34,2,0,Part time employment,4,2,2,3,2
Australia,Female,23,2,0,Part time employment,4,4,3,3,4
Australia,Male,44,2,0,Full time employment,5,3,3,3,3
Australia,Male,43,2,0,Full time employment,3,3,2,2,1
Australia,Female,35,2,0,Part time employment,3,2,3,2,1
Australia,Female,24,2,0,Full time employment,4,1,2,3,3
Australia,Male,31,2,0,Full time employment,4,2,3,4,3
Australia,Female,63,2,0,Full time employment,2,2,1,2,1
Australia,Male,72,2,0,Retired,2,2,3,2,2
Australia,Male,69,2,0,Retired,2,2,1,2,1
Australia,Male,65,2,0,Part time employment,2,3,1,2,1
Australia,Female,74,2,0,Retired,5,5,2,2,1
Australia,Male,72,2,0,Retired,3,5,4,4,2
Australia,Male,82,2,0,Retired,5,3,3,3,3
Australia,Female,66,2,0,Not working,3,3,4,4,4
Australia,Female,30,2,0,Full time employment,2,4,1,1,1
Australia,Female,74,2,0,Retired,4,4,3,3,1
Australia,Female,61,2,0,Not working,2,1,2,5,5
Australia,Male,81,2,0,Retired,4,5,1,1,1
Australia,Female,69,2,0,Unemployed,3,3,2,2,1
Australia,Female,66,2,0,Part time employment,2,3,1,1,1
Australia,Female,70,2,0,Retired,5,2,4,3,1
Australia,Male,73,2,0,Retired,3,5,1,2,1
Australia,Female,79,2,0,Retired,4,4,1,1,3
Australia,Female,57,2,0,Part time employment,3,2,3,3,2
Australia,Female,73,2,0,Retired,1,3,1,1,1
Australia,Female,62,2,0,Part time employment,5,1,5,5,5
Australia,Male,73,2,0,Retired,4,1,3,3,2
Australia,Male,71,2,0,Retired,4,3,3,1,1
Australia,Female,38,2,0,Full time employment,4,2,3,2,2
Australia,Female,78,2,0,Retired,1,1,1,1,1
Australia,Female,74,2,0,Part time employment,5,2,3,3,1
Australia,Male,32,2,0,Full time employment,4,1,3,5,3
Australia,Female,68,2,0,Part time employment,1,2,1,1,1
Australia,Female,76,2,0,Retired,3,3,3,3,1
Australia,Female,66,2,0,Unemployed,4,1,2,4,4
Australia,Male,79,2,0,Part time employment,4,4,1,2,1
Australia,Male,72,2,0,Retired,3,2,3,5,2
Australia,Male,89,2,0,Retired,2,2,2,3,2
Australia,Male,64,2,0,Part time employment,4,3,5,4,5
Australia,Female,75,2,0,Unemployed,1,1,1,1,1
Australia,Female,72,2,0,Retired,3,3,3,1,1
Australia,Male,76,2,0,Retired,1,5,1,5,1
Australia,Female,71,2,0,Retired,3,2,1,2,1
Australia,Female,33,2,0,Full time employment,1,1,2,2,1
Australia,Female,31,2,0,Unemployed,4,2,3,4,3
Australia,Female,72,2,0,Retired,3,1,3,5,3
Australia,Male,34,2,0,Part time employment,4,2,2,3,2
Australia,Male,67,2,0,Retired,1,4,2,1,1
Australia,Male,72,2,0,Retired,1,2,2,1,1
Australia,Male,62,2,0,Full time employment,5,4,1,2,1
Australia,Male,59,2,0,Full time employment,5,5,1,1,1
Australia,Male,62,2,0,Part time employment,3,4,3,3,1
Australia,Male,75,2,0,Retired,3,4,2,3,1
Australia,Male,53,2,0,Full time employment,4,3,2,2,3
Australia,Male,69,2,0,Retired,1,2,3,1,2
Australia,Male,84,2,0,Retired,4,4,1,1,1
Australia,Male,59,2,0,Full time employment,3,3,3,3,3
Australia,Male,62,2,0,Full time employment,3,5,3,2,5
Australia,Male,54,2,0,Full time employment,3,2,2,4,1
Australia,Male,64,2,0,Full time employment,3,3,2,1,1
Australia,Female,32,2,0,Full time employment,3,1,3,4,3
Australia,Female,36,2,0,Part time employment,4,1,5,4,5
Australia,Female,39,2,0,Part time employment,2,2,2,3,4
Australia,Male,35,2,0,Full time employment,1,3,1,1,1
Australia,Male,71,2,0,Retired,5,3,1,2,1
Australia,Male,60,2,0,Full time employment,4,1,1,1,1
Australia,Female,62,2,0,Retired,5,1,1,1,5
Australia,Male,52,2,0,Unemployed,3,1,5,4,4
Australia,Male,37,2,0,Unemployed,4,1,3,4,4
Australia,Male,58,2,0,Full time employment,3,5,3,1,1
Australia,Male,51,2,0,Full time employment,5,1,3,4,3
Australia,Female,64,2,0,Retired,4,2,2,3,3
Australia,Male,64,2,0,Retired,1,4,2,1,1
Australia,Female,56,2,0,Full time employment,5,3,1,3,1
Australia,Female,60,2,0,Not working,4,3,2,4,4
Australia,Male,62,2,0,Retired,1,2,4,1,1
Australia,Male,67,2,0,Retired,4,3,2,1,1
Australia,Male,75,2,0,Retired,1,1,3,3,2
Australia,Male,59,2,0,Not working,1,1,1,1,1
Australia,Female,46,2,0,Full time employment,3,2,3,4,4
Australia,Female,52,2,0,Full time employment,4,4,2,2,1
Australia,Female,35,2,0,Part time employment,2,3,2,2,1
Australia,Female,32,2,0,Unemployed,3,3,2,4,2
Australia,Male,75,2,0,Retired,4,5,2,1,1
Australia,Female,40,2,0,Unemployed,5,5,4,4,4
Australia,Male,51,2,0,Not working,3,4,2,4,1
Australia,Female,46,2,0,Not working,1,1,5,5,5
Australia,Female,35,2,0,Full time employment,4,5,1,1,1
Australia,Female,51,2,0,Full time employment,2,5,1,1,1
Australia,Female,59,2,0,Unemployed,3,1,5,5,3
Australia,Male,63,2,0,Retired,3,5,1,1,1
Australia,Female,57,2,0,Not working,4,3,2,3,4
Australia,Female,45,2,0,Part time employment,3,3,3,3,3
Australia,Female,52,2,0,Full time employment,5,1,3,4,5
Australia,Male,49,2,0,Full time employment,4,5,1,3,5
Australia,Male,64,2,0,Full time employment,4,4,2,2,1
Australia,Female,54,2,0,Part time employment,3,3,3,3,3
Australia,Male,63,2,0,Retired,1,1,3,3,3
Australia,Male,35,2,0,Full time employment,2,4,1,2,1
Australia,Male,53,2,0,Full time employment,4,2,2,4,1
Australia,Female,41,2,0,Full time employment,2,5,3,1,1
Australia,Male,52,2,0,Part time employment,2,5,1,1,1
Australia,Female,41,2,0,Unemployed,1,3,1,1,1
Australia,Female,53,2,0,Part time employment,3,3,3,3,3
Australia,Male,30,2,0,Part time employment,4,4,3,4,4
Australia,Female,61,2,0,Full time employment,5,2,1,1,1
Australia,Male,33,2,0,Full time employment,5,2,3,2,4
Australia,Female,74,2,0,Retired,4,3,3,1,1
Australia,Female,53,2,0,Not working,2,3,2,2,1
Australia,Female,29,2,0,Part time employment,5,1,3,1,5
Australia,Female,53,2,0,Not working,4,3,2,3,1
Australia,Male,60,2,0,Unemployed,1,1,3,2,1
Australia,Female,56,2,0,Part time employment,2,1,2,3,1
Australia,Female,42,2,0,Full time employment,2,1,2,5,5
Australia,Male,47,2,0,Part time employment,2,4,2,2,3
Australia,Male,78,2,0,Part time employment,3,4,1,1,1
Australia,Female,33,2,0,Full time employment,2,2,3,3,3
Australia,Female,31,2,0,Part time employment,3,4,4,1,1
Australia,Male,85,2,0,Retired,3,5,1,1,1
Australia,Female,60,2,0,Full time employment,5,2,3,5,3
Australia,Female,55,2,0,Part time employment,3,2,3,3,3
Australia,Female,62,2,0,Retired,1,3,1,1,1
Australia,Female,73,2,0,Retired,3,1,1,1,1
Australia,Male,81,2,0,Retired,4,4,1,1,1
Australia,Male,50,2,0,Retired,1,4,1,1,1
Australia,Female,28,2,0,Full time employment,3,2,2,3,3
Australia,Female,55,2,0,Part time employment,4,4,1,1,5
Australia,Male,32,2,0,Full time employment,4,4,1,1,1
Australia,Male,86,2,0,Retired,3,1,2,2,1
Australia,Female,24,2,0,Part time employment,4,1,3,3,2
Australia,Female,77,2,0,Retired,3,3,3,1,1
Australia,Male,72,2,0,Retired,1,1,1,1,1
Australia,Female,76,2,0,Retired,2,3,3,1,1
Australia,Female,58,2,0,Not working,3,2,3,4,4
Australia,Female,45,2,0,Not working,2,3,4,1,1
Australia,Male,74,2,0,Retired,2,3,2,1,1
Australia,Female,60,2,0,Full time employment,1,3,2,1,1
Australia,Female,76,2,0,Retired,5,5,1,1,1
Australia,Male,32,2,0,Full time employment,1,3,1,1,1
Australia,Female,61,2,0,Full time employment,5,2,2,3,3
Australia,Male,72,2,0,Retired,5,4,1,1,1
Australia,Female,51,2,0,Not working,3,3,1,1,1
Australia,Male,37,2,0,Unemployed,5,3,4,2,4
Australia,Female,45,2,0,Part time employment,1,1,1,1,1
Australia,Male,26,2,0,Full time employment,2,1,2,3,1
Australia,Male,43,2,0,Not working,2,4,2,1,1
Australia,Male,27,2,0,Unemployed,1,1,3,3,4
Australia,Female,64,2,0,Not working,4,3,4,3,3
Australia,Female,38,2,0,Unemployed,1,1,2,3,2
Australia,Female,59,2,0,Full time employment,5,1,3,3,2
Australia,Female,37,2,0,Part time employment,4,2,3,4,4
Australia,Female,38,2,0,Part time employment,3,3,2,3,5
Australia,Male,32,2,0,Full time employment,2,3,2,3,3
Australia,Male,45,2,0,Full time employment,5,1,5,5,2
Australia,Female,47,2,0,Part time employment,4,1,3,4,3
Australia,Male,38,2,0,Full time employment,4,5,1,2,4
Australia,Male,32,2,0,Full time employment,3,2,2,2,2
Australia,Female,24,2,0,Part time employment,1,1,2,2,1
Australia,Male,31,2,0,Part time employment,1,5,1,1,1
Australia,Female,22,2,0,Not working,5,4,1,3,5
Australia,Male,66,2,0,Full time employment,5,1,5,5,5
Australia,Male,45,2,0,Full time employment,4,2,3,3,3
Australia,Female,26,2,0,Full time employment,4,4,2,2,5
Australia,Female,58,2,0,Not working,5,1,5,5,5
Australia,Male,62,2,0,Full time employment,3,4,2,1,1
Australia,Male,71,2,0,Retired,5,5,1,1,1
Australia,Female,21,2,0,Full time employment,2,4,1,1,1
Australia,Male,84,2,0,Retired,3,4,1,1,1
Australia,Female,72,2,0,Retired,3,3,2,1,1
Australia,Male,77,2,0,Retired,1,1,1,1,1
Australia,Male,30,2,0,Full time employment,1,1,2,1,1
Australia,Male,41,2,0,Full time employment,4,1,2,3,2
Australia,Male,56,2,0,Part time employment,2,2,4,3,3
Australia,Female,32,2,0,Not working,3,3,3,3,3
Australia,Female,32,2,0,Part time employment,3,1,1,4,2
Australia,Male,57,2,0,Not working,2,2,2,1,1
Australia,Female,22,2,0,Full time employment,3,3,2,3,3
Australia,Female,78,2,0,Retired,4,3,2,4,1
Australia,Male,21,2,0,Not working,5,1,5,5,5
Australia,Female,69,2,0,Retired,4,2,1,2,1
Australia,Female,48,2,0,Full time employment,2,1,2,3,2
Australia,Female,59,2,0,Not working,1,1,3,2,2
Australia,Female,68,2,0,Retired,2,4,1,1,1
Australia,Male,74,2,0,Retired,5,3,4,1,1
Australia,Male,72,2,0,Retired,3,3,1,2,1
Australia,Female,58,2,0,Not working,3,4,2,2,1
Australia,Female,67,2,0,Part time employment,2,5,3,1,3
Australia,Female,73,2,0,Retired,4,3,1,1,1
Australia,Male,74,2,0,Retired,3,2,2,3,3
Australia,Female,36,2,0,Part time employment,5,4,3,2,4
Australia,Female,78,2,0,Retired,3,4,2,5,1
Australia,Female,63,2,0,Unemployed,2,2,1,1,1
Australia,Female,48,2,0,Full time employment,3,3,2,3,2
Australia,Female,52,2,0,Part time employment,4,5,1,1,1
Australia,Female,57,2,0,Retired,1,1,3,3,3
Australia,Female,73,2,0,Retired,5,5,1,1,1
Australia,Female,56,2,0,Unemployed,5,2,1,1,1
Australia,Female,58,2,0,Part time employment,5,3,2,1,1
Australia,Female,44,2,0,Full time employment,4,4,4,5,4
Australia,Female,46,2,0,Retired,2,3,1,1,1
Australia,Male,72,2,0,Retired,1,1,1,1,1
Australia,Male,71,2,0,Retired,1,2,1,1,1
Australia,Male,74,2,0,Retired,2,3,1,1,1
Australia,Female,35,2,0,Full time employment,2,3,2,2,2
Australia,Female,62,2,0,Retired,5,1,4,4,4
Australia,Female,70,2,0,Retired,3,1,3,3,3
Australia,Male,77,2,0,Retired,1,2,1,1,1
Australia,Female,63,2,0,Full time employment,2,2,2,1,1
Australia,Male,79,2,0,Retired,1,1,5,3,3
Australia,Male,62,2,0,Unemployed,2,4,3,2,4
Australia,Female,76,2,0,Retired,1,1,1,1,1
Australia,Female,73,2,0,Part time employment,5,3,2,2,1
Australia,Female,65,2,0,Part time employment,5,3,5,5,5
Australia,Female,66,2,0,Part time employment,2,2,3,2,1
Australia,Female,69,2,0,Retired,3,1,3,5,5
Australia,Male,72,2,0,Retired,2,1,1,1,1
Australia,Male,69,2,0,Retired,5,3,2,2,1
Australia,Female,63,2,0,Part time employment,2,2,3,3,3
Australia,Male,79,2,0,Retired,3,4,2,2,1
Australia,Male,84,2,0,Retired,4,4,2,1,1
Australia,Female,65,2,0,Retired,3,3,3,3,5
Australia,Male,83,2,0,Retired,2,2,1,1,1
Australia,Male,65,2,0,Retired,3,2,3,3,3
Australia,Male,78,2,0,Retired,5,1,5,5,5
Australia,Female,63,2,0,Unemployed,3,3,2,3,1
Australia,Female,67,2,0,Retired,1,1,1,1,1
Australia,Female,73,2,0,Retired,4,2,1,1,1
Australia,Female,49,2,0,Not working,1,2,2,1,1
Australia,Male,73,2,0,Retired,3,5,1,1,1
Australia,Female,57,2,0,Unemployed,3,2,1,1,5
Australia,Female,59,2,0,Not working,1,3,3,1,1
Australia,Male,76,2,0,Retired,3,3,2,2,2
Australia,Male,41,2,0,Part time employment,2,2,2,2,1
Australia,Female,20,2,0,Part time employment,1,1,1,1,1
Australia,Male,77,2,0,Retired,5,5,3,1,1
Australia,Female,35,2,0,Full time employment,2,1,2,4,3
Australia,Female,74,2,0,Part time employment,5,5,3,5,4
Australia,Male,65,2,0,Part time employment,4,3,5,5,1
Australia,Male,75,2,0,Retired,4,5,1,1,1
Australia,Male,64,2,0,Retired,4,4,2,3,1
Australia,Female,64,2,0,Not working,2,1,3,5,5
Australia,Male,66,2,0,Retired,2,3,2,1,1
Australia,Male,95,2,0,Retired,4,4,2,1,1
Australia,Male,63,2,0,Part time employment,4,2,1,2,2
Australia,Female,74,2,0,Retired,3,4,1,2,1
Australia,Male,68,2,0,Retired,3,3,1,1,1
Australia,Male,71,2,0,Full time employment,3,1,4,4,4
Australia,Female,52,2,0,Full time employment,3,2,3,3,4
Australia,Female,40,2,0,Part time employment,2,5,5,1,5
Australia,Male,59,2,0,Retired,4,3,1,2,1
Australia,Male,69,2,0,Retired,1,3,1,4,1
Australia,Female,62,2,0,Full time employment,2,4,1,1,1
Australia,Male,29,2,0,Full time employment,5,1,5,5,5
Australia,Male,57,2,0,Full time employment,3,1,4,3,3
Australia,Male,68,2,0,Part time employment,3,3,2,1,1
Australia,Female,73,2,0,Retired,2,4,4,3,4
Australia,Female,75,2,0,Retired,3,3,1,1,1
Australia,Male,56,2,0,Full time employment,4,3,1,2,1
Australia,Female,57,2,0,Not working,4,5,3,5,4
Australia,Male,68,2,0,Retired,1,2,3,1,1
Australia,Female,50,2,0,Part time employment,2,3,3,2,2
Australia,Female,19,2,0,Unemployed,5,1,3,4,3
Australia,Male,34,2,0,Part time employment,3,4,4,5,4
Australia,Male,65,2,0,Part time employment,4,4,1,1,5
Australia,Male,60,2,0,Part time employment,3,1,3,5,2
Australia,Male,34,2,0,Unemployed,1,2,1,5,4
Australia,Female,57,2,0,Full time employment,3,4,1,1,1
Australia,Male,48,2,0,Unemployed,3,2,2,3,3
Australia,Female,51,2,0,Part time employment,2,1,3,3,3
Australia,Female,39,2,0,Full time employment,2,1,2,1,2
Australia,Female,31,2,0,Full time employment,5,5,2,1,1
Australia,Female,46,2,0,Unemployed,3,3,3,3,3
Australia,Male,71,2,0,Part time employment,2,3,1,1,1
Australia,Female,61,2,0,Unemployed,1,2,3,1,1
Australia,Male,62,2,0,Retired,5,1,5,5,5
Australia,Male,46,2,0,Not working,3,1,2,3,5
Australia,Female,46,2,0,Part time employment,4,1,5,4,5
Australia,Male,63,2,0,Part time employment,4,1,1,4,1
Australia,Male,56,2,0,Full time employment,5,3,3,2,1
Australia,Female,60,2,0,Not working,1,1,1,1,1
Australia,Female,56,2,0,Part time employment,5,1,2,2,3
Australia,Male,64,2,0,Unemployed,5,2,3,3,2
Australia,Male,64,2,0,Retired,4,2,3,3,1
Australia,Male,39,2,0,Full time employment,4,1,4,5,4
Australia,Male,64,2,0,Full time employment,5,1,5,5,3
Australia,Male,58,2,0,Full time employment,3,4,1,1,1
Australia,Male,63,2,0,Retired,4,2,1,1,1
Australia,Male,55,2,0,Full time employment,1,1,2,2,2
Australia,Male,62,2,0,Part time employment,5,5,1,3,2
Australia,Female,57,2,0,Part time employment,3,4,2,1,1
Australia,Female,63,2,0,Not working,4,1,3,4,5
Australia,Female,63,2,0,Not working,5,1,5,5,5
Australia,Male,46,2,0,Full time employment,2,4,1,2,1
Australia,Female,31,2,0,Full time employment,3,1,3,3,5
Australia,Male,60,2,0,Full time employment,3,3,2,1,1
Australia,Female,35,2,0,Unemployed,1,1,3,2,2
Australia,Male,64,2,0,Retired,2,5,1,1,1
Australia,Female,54,2,0,Full time employment,3,1,1,1,1
Australia,Female,27,2,0,Full time employment,2,3,1,2,1
Australia,Female,42,2,0,Full time employment,1,2,4,1,5
Australia,Male,28,2,0,Full time employment,5,4,5,5,1
Australia,Male,33,2,0,Not working,1,5,4,1,1
Australia,Male,35,2,0,Part time employment,3,3,3,3,3
Australia,Female,35,2,0,Part time employment,4,1,3,5,5
Australia,Female,43,2,0,Part time employment,4,1,4,5,5
Australia,Female,37,2,0,Not working,1,2,2,1,1
Australia,Male,30,2,0,Part time employment,2,3,1,1,1
Australia,Female,47,2,0,Not working,2,3,1,1,1
Australia,Male,27,2,0,Part time employment,5,1,1,1,1
Australia,Male,31,2,0,Full time employment,4,3,3,4,2
Australia,Female,32,2,0,Full time employment,2,1,2,4,2
Australia,Female,37,2,0,Full time employment,5,1,5,5,5
Australia,Male,30,2,0,Full time employment,3,2,1,2,1
Australia,Female,34,2,0,Not working,5,1,5,5,5
Australia,Female,25,2,0,Unemployed,1,3,1,4,1
Australia,Female,29,2,0,Full time employment,1,1,3,3,1
Australia,Female,24,2,0,Part time employment,2,1,4,3,4
Australia,Female,34,2,0,Part time employment,1,1,2,1,1
Australia,Female,29,2,0,Full time employment,5,3,5,4,3
Australia,Male,24,2,0,Full time employment,5,4,2,2,2
Australia,Male,32,2,0,Full time employment,1,1,3,4,4
Australia,Male,38,2,0,Full time employment,3,4,3,4,4
Australia,Female,31,2,0,Part time employment,3,2,4,4,4
Australia,Female,21,2,0,Part time employment,5,5,4,5,5
Australia,Male,26,2,0,Full time employment,3,3,4,3,4
Australia,Male,29,2,0,Full time employment,1,1,2,1,1
Australia,Male,79,2,0,Retired,5,5,1,1,1
Australia,Male,77,2,0,Part time employment,4,3,2,1,1
Australia,Female,28,2,0,Part time employment,1,2,4,2,5
Australia,Male,46,2,0,Full time employment,5,5,1,3,1
Australia,Female,77,2,0,Retired,3,3,1,1,1
Australia,Male,63,2,0,Full time employment,3,3,3,3,2
Australia,Female,62,2,0,Not working,1,1,2,1,1
Australia,Male,55,2,0,Full time employment,2,4,2,1,1
Australia,Female,27,3,0,Part time employment,3,4,1,1,5
Australia,Male,62,3,0,Retired,1,5,3,1,1
Australia,Male,42,3,0,Full time employment,2,4,3,3,2
Australia,Male,56,3,0,Part time employment,2,4,4,4,2
Australia,Male,68,3,0,Retired,1,2,3,3,2
Australia,Male,65,3,0,Unemployed,1,5,1,1,1
Australia,Female,41,3,0,Not working,3,1,3,3,3
Australia,Female,47,3,0,Full time employment,4,4,1,1,1
Australia,Male,69,3,0,Retired,3,2,1,1,1
Australia,Male,66,3,0,Retired,4,3,1,4,1
Australia,Female,22,3,0,Unemployed,1,1,1,1,1
Australia,Male,38,3,0,Part time employment,4,3,2,4,3
Australia,Male,73,3,0,Retired,3,4,1,1,1
Australia,Male,78,3,0,Retired,3,5,1,1,1
Australia,Female,48,3,0,Not working,3,5,5,5,5
Australia,Male,71,3,0,Retired,4,2,3,3,3
Australia,Female,54,3,0,Unemployed,5,1,3,5,5
Australia,Male,41,3,0,Full time employment,4,4,3,4,2
Australia,Female,71,3,0,Retired,3,3,3,3,1
Australia,Male,64,3,0,Full time employment,2,2,1,1,1
Australia,Male,53,3,0,Unemployed,5,5,2,3,4
Australia,Female,71,3,0,Retired,4,1,5,5,5
Australia,Male,75,3,0,Unemployed,3,5,1,1,1
Australia,Male,58,3,0,Full time employment,4,3,2,3,1
Australia,Male,63,3,0,Full time employment,3,1,2,3,3
Australia,Male,33,3,0,Full time employment,4,5,1,2,1
Australia,Male,64,3,0,Full time employment,1,1,3,3,2
Australia,Female,67,3,0,Retired,1,2,1,1,1
Australia,Female,51,3,0,Part time employment,5,5,1,3,1
Australia,Male,65,3,0,Full time employment,4,5,2,1,1
Australia,Female,57,3,0,Part time employment,5,3,3,4,4
Australia,Female,43,3,0,Full time employment,2,4,1,1,1
Australia,Female,63,3,0,Retired,2,2,2,2,1
Australia,Male,70,3,0,Retired,3,4,1,1,1
Australia,Female,55,3,0,Full time employment,4,2,1,1,1
Australia,Male,66,3,0,Retired,5,5,1,1,1
Australia,Female,24,3,0,Full time employment,2,2,2,2,2
Australia,Male,34,3,0,Full time employment,3,3,3,3,2
Australia,Female,59,3,0,Part time employment,4,2,2,3,3
Australia,Male,73,3,0,Retired,3,3,1,1,1
Australia,Female,40,3,0,Full time employment,2,4,3,3,4
Australia,Female,58,3,0,Part time employment,4,2,2,2,1
Australia,Female,52,3,0,Part time employment,2,1,3,3,3
Australia,Male,64,3,0,Unemployed,5,1,5,5,5
Australia,Female,57,3,0,Retired,3,1,5,4,2
Australia,Male,55,3,0,Full time employment,5,2,1,1,1
Australia,Male,53,3,0,Full time employment,1,4,4,1,1
Australia,Male,55,3,0,Retired,1,3,1,1,1
Australia,Female,35,3,0,Full time employment,4,3,3,3,3
Australia,Female,60,3,0,Not working,3,1,5,5,5
Australia,Female,30,3,0,Full time employment,4,2,2,3,2
Australia,Male,60,3,0,Full time employment,4,3,1,2,1
Australia,Male,60,3,0,Retired,3,2,2,3,3
Australia,Female,59,3,0,Part time employment,3,2,3,3,5
Australia,Female,62,3,0,Not working,2,3,1,2,1
Australia,Female,61,3,0,Full time employment,5,3,4,3,4
Australia,Male,61,3,0,Unemployed,3,1,1,3,5
Australia,Female,46,3,0,Full time employment,3,2,3,3,3
Australia,Male,63,3,0,Unemployed,5,1,1,5,5
Australia,Female,26,3,0,Part time employment,2,3,2,1,1
Australia,Male,60,3,0,Part time employment,3,4,3,2,2
Australia,Female,21,3,0,Part time employment,2,2,3,2,2
Australia,Female,32,3,0,Part time employment,1,1,5,5,1
Australia,Female,24,3,0,Unemployed,3,3,2,2,1
Australia,Female,30,3,0,Part time employment,4,2,3,3,2
Australia,Female,27,3,0,Full time employment,5,2,3,3,4
Australia,Female,46,3,0,Full time employment,3,2,3,3,2
Australia,Female,19,3,0,Unemployed,5,4,2,3,4
Australia,Female,30,3,0,Full time employment,3,4,2,2,1
Australia,Female,37,3,0,Full time employment,3,3,2,1,1
Australia,Female,24,3,0,Part time employment,4,2,5,4,5
Australia,Male,49,3,0,Full time employment,3,3,3,4,4
Australia,Female,49,3,0,Full time employment,4,5,1,1,1
Australia,Female,20,3,0,Unemployed,4,4,1,1,1
Australia,Male,22,3,0,Unemployed,4,4,4,4,3
Australia,Male,29,3,0,Full time employment,4,1,3,5,3
Australia,Male,44,3,0,Full time employment,5,1,3,3,3
Australia,Female,25,3,0,Part time employment,2,3,3,3,3
Australia,Female,21,3,0,Unemployed,3,5,1,1,1
Australia,Female,49,3,0,Full time employment,2,4,1,1,1
Australia,Male,23,3,0,Part time employment,5,1,1,5,1
Australia,Female,35,3,0,Full time employment,3,3,3,3,1
Australia,Male,39,3,0,Full time employment,2,1,2,2,2
Australia,Male,39,3,0,Part time employment,1,1,5,5,5
Australia,Male,36,3,0,Full time employment,1,2,2,3,3
Australia,Male,29,3,0,Unemployed,1,1,1,1,1
Australia,Female,29,3,0,Unemployed,2,1,2,4,3
Australia,Male,43,3,0,Full time employment,5,5,3,3,4
Australia,Female,49,3,0,Full time employment,4,3,3,4,2
Australia,Male,38,3,0,Full time employment,3,4,3,3,4
Australia,Male,28,3,0,Full time employment,4,3,2,2,1
Australia,Female,23,3,0,Full time employment,3,2,4,2,2
Australia,Male,21,3,0,Part time employment,4,3,2,2,3
Australia,Female,59,3,0,Part time employment,5,1,3,5,5
Australia,Male,38,3,0,Unemployed,3,4,2,2,2
Australia,Female,64,3,0,Retired,2,2,2,1,1
Australia,Female,58,3,0,Part time employment,4,1,5,5,5
Australia,Male,46,3,0,Part time employment,4,1,3,5,3
Australia,Male,56,3,0,Retired,2,2,1,1,1
Australia,Male,56,3,0,Full time employment,2,3,1,2,1
Australia,Female,65,3,0,Not working,5,1,3,3,3
Australia,Female,73,3,0,Retired,4,3,2,2,1
Australia,Female,82,3,0,Retired,2,3,2,2,5
Australia,Female,47,3,0,Not working,4,4,4,3,3
Australia,Female,29,3,0,Full time employment,2,2,2,3,1
Australia,Male,35,3,0,Full time employment,1,1,1,1,1
Australia,Male,74,3,0,Retired,1,3,1,1,1
Australia,Male,61,3,0,Full time employment,4,4,1,3,3
Australia,Female,58,3,0,Unemployed,5,5,3,3,3
Australia,Female,63,3,0,Retired,1,2,2,1,1
Australia,Male,74,3,0,Retired,2,4,1,1,1
Australia,Female,49,3,0,Full time employment,3,3,2,3,3
Australia,Female,56,3,0,Part time employment,4,2,2,5,3
Australia,Male,61,3,0,Retired,3,2,2,3,3
Australia,Female,33,3,0,Full time employment,1,1,1,5,1
Australia,Female,52,3,0,Part time employment,4,4,1,3,1
Australia,Male,61,3,0,Retired,3,4,2,2,2
Australia,Female,34,3,0,Full time employment,3,3,2,2,1
Australia,Female,19,3,0,Part time employment,2,1,3,3,3
Australia,Male,49,3,0,Full time employment,5,1,5,5,5
Australia,Male,40,3,0,Part time employment,2,3,2,3,2
Australia,Male,51,3,0,Not working,5,5,1,5,1
Australia,Male,21,3,0,Part time employment,3,3,3,3,3
Australia,Female,77,3,0,Retired,5,5,1,1,1
Australia,Male,39,3,0,Part time employment,4,3,3,5,3
Australia,Male,23,3,0,Unemployed,1,1,2,2,1
Australia,Female,21,3,0,Not working,2,2,1,2,1
Australia,Female,56,3,0,Part time employment,4,3,2,3,2
Australia,Male,60,3,0,Retired,4,3,4,4,4
Australia,Female,25,3,0,Part time employment,2,3,3,3,2
Australia,Female,59,3,0,Part time employment,3,2,3,3,2
Australia,Female,34,3,0,Unemployed,2,2,3,1,1
Australia,Male,28,3,0,Full time employment,4,4,2,2,2
Australia,Male,24,3,0,Part time employment,1,5,1,1,1
Australia,Female,25,3,0,Full time employment,4,1,3,3,1
Australia,Male,68,3,0,Retired,3,3,3,1,4
Australia,Female,43,3,0,Full time employment,3,2,3,3,4
Australia,Female,22,3,0,Part time employment,1,1,1,3,1
Australia,Female,49,3,0,Full time employment,1,4,4,3,1
Australia,Female,32,3,0,Part time employment,2,4,3,3,3
Australia,Male,53,3,0,Full time employment,1,4,2,1,1
Australia,Male,41,3,0,Part time employment,2,1,1,2,1
Australia,Female,39,3,0,Part time employment,3,2,2,3,3
Australia,Female,22,3,0,Part time employment,3,3,3,4,3
Australia,Female,22,3,0,Full time employment,4,1,4,4,5
Australia,Female,74,3,0,Retired,2,1,3,4,4
Australia,Female,49,3,0,Not working,1,2,3,5,5
Australia,Male,46,3,0,Full time employment,5,5,3,3,3
Australia,Female,35,3,0,Full time employment,2,1,1,1,1
Australia,Male,25,3,0,Part time employment,4,1,2,2,3
Australia,Male,71,3,0,Part time employment,1,3,2,1,1
Australia,Female,62,3,0,Part time employment,2,2,2,4,1
Australia,Female,63,3,0,Part time employment,5,1,5,5,5
Australia,Female,30,3,0,Full time employment,2,3,2,2,2
Australia,Female,48,3,0,Full time employment,3,3,3,3,3
Australia,Male,69,3,0,Retired,5,5,2,4,2
Australia,Female,61,3,0,Not working,3,1,4,5,5
Australia,Male,66,3,0,Retired,3,4,3,1,1
Australia,Male,62,3,0,Not working,3,1,3,3,2
Australia,Male,54,3,0,Part time employment,4,4,1,2,1
Australia,Male,61,3,0,Retired,5,1,5,5,5
Australia,Female,44,3,0,Full time employment,2,2,4,5,5
Australia,Male,53,3,0,Full time employment,3,2,1,4,3
Australia,Female,73,3,0,Retired,3,2,3,3,3
Australia,Female,55,3,0,Unemployed,2,1,3,4,4
Australia,Female,37,3,0,Part time employment,3,5,1,1,1
Australia,Female,62,3,0,Unemployed,3,1,1,5,5
Australia,Male,41,3,0,Unemployed,4,1,1,4,1
Australia,Female,28,3,0,Full time employment,3,1,2,3,1
Australia,Male,27,3,0,Not working,3,2,3,3,2
Australia,Female,63,3,0,Retired,3,3,2,2,1
Australia,Female,35,3,0,Full time employment,1,2,2,1,1
Australia,Male,38,3,0,Full time employment,2,3,4,4,3
Australia,Female,26,3,0,Part time employment,1,3,1,1,1
Australia,Male,19,3,0,Part time employment,5,4,1,1,1
Australia,Female,24,3,0,Unemployed,3,3,1,2,1
Australia,Female,22,3,0,Part time employment,1,1,1,3,5
Australia,Male,31,3,0,Full time employment,3,5,1,4,1
Australia,Male,22,3,0,Part time employment,3,5,1,3,1
Australia,Male,25,3,0,Full time employment,3,3,3,3,3
Australia,Male,41,3,0,Full time employment,2,4,2,2,1
Australia,Male,20,3,0,Part time employment,5,5,1,3,1
Australia,Female,20,3,0,Not working,2,1,3,3,2
Australia,Female,23,3,0,Part time employment,1,5,1,1,1
Australia,Female,22,3,0,Part time employment,4,2,4,4,4
Australia,Male,20,3,0,Full time employment,1,1,1,3,5
Australia,Female,61,3,0,Retired,1,1,4,3,3
Australia,Male,55,3,0,Part time employment,1,2,2,1,1
Australia,Female,29,3,0,Unemployed,2,2,2,3,3
Australia,Female,19,4,0,Part time employment,3,3,3,3,3
Australia,Female,54,4,0,Unemployed,2,1,2,2,3
Australia,Female,27,4,0,Full time employment,3,2,1,1,1
Australia,Female,31,4,0,Unemployed,4,1,3,4,3
Australia,Male,68,4,0,Retired,5,1,5,5,5
Australia,Male,68,4,0,Retired,2,2,2,1,1
Australia,Female,49,4,0,Part time employment,5,2,2,4,3
Australia,Male,72,4,0,Retired,2,3,2,1,1
Australia,Male,74,4,0,Retired,4,3,1,4,2
Australia,Male,48,4,0,Not working,2,1,3,3,2
Australia,Male,53,4,0,Full time employment,2,3,1,3,3
Australia,Male,54,4,0,Retired,3,3,3,3,3
Australia,Male,59,4,0,Not working,3,1,2,3,2
Australia,Female,22,4,0,Part time employment,3,3,3,3,2
Australia,Male,23,4,0,Part time employment,4,4,2,4,1
Australia,Female,22,4,0,Not working,3,3,3,3,3
Australia,Male,69,4,0,Unemployed,2,4,2,1,1
Australia,Female,26,4,0,Unemployed,4,5,1,1,1
Australia,Male,56,4,0,Not working,3,4,4,1,1
Australia,Female,45,4,0,Part time employment,2,1,4,2,1
Australia,Female,22,4,0,Full time employment,4,1,1,5,4
Australia,Male,50,4,0,Full time employment,3,3,1,1,1
Australia,Female,38,4,0,Full time employment,5,1,2,3,4
Australia,Male,30,4,0,Full time employment,4,3,1,2,1
Australia,Female,61,4,0,Retired,2,2,3,4,3
Australia,Male,27,4,0,Full time employment,4,1,2,3,3
Australia,Male,21,4,0,Part time employment,4,5,2,3,4
Australia,Female,31,4,0,Part time employment,2,1,2,3,2
Australia,Female,28,4,0,Part time employment,3,4,2,4,2
Australia,Male,31,4,0,Full time employment,4,1,2,5,2
Australia,Female,32,4,0,Full time employment,3,2,2,3,3
Australia,Male,27,4,0,Part time employment,4,1,2,5,1
Australia,Male,35,4,0,Unemployed,4,4,1,2,1
Australia,Male,22,4,0,Not working,1,2,2,1,1
Australia,Female,28,4,0,Not working,3,3,1,1,1
Australia,Male,30,4,0,Part time employment,1,2,1,1,1
Australia,Male,42,4,0,Part time employment,4,3,2,2,2
Australia,Male,41,4,0,Part time employment,1,1,3,3,3
Australia,Female,26,4,0,Unemployed,3,3,3,3,1
Australia,Male,23,4,0,Full time employment,3,2,1,4,4
Australia,Male,25,4,0,Part time employment,4,3,3,3,3
Australia,Female,24,4,0,Part time employment,1,1,1,3,3
Australia,Female,25,4,0,Unemployed,3,3,2,3,3
Australia,Female,21,4,0,Part time employment,4,3,2,2,4
Australia,Male,25,4,0,Not working,4,2,2,3,1
Australia,Female,26,4,0,Part time employment,2,1,3,3,2
Australia,Female,19,4,0,Part time employment,5,5,4,4,4
Australia,Male,20,4,0,Part time employment,1,2,1,1,1
Australia,Female,24,4,0,Full time employment,4,1,2,2,2
Australia,Female,19,4,0,Part time employment,4,2,2,1,1
Australia,Male,31,4,0,Not working,4,1,3,4,5
Australia,Female,24,4,0,Part time employment,5,2,1,3,1
Australia,Female,49,4,0,Full time employment,1,3,1,1,1
Australia,Female,77,4,0,Retired,3,1,2,3,1
Australia,Male,63,4,0,Part time employment,4,4,3,3,3
Australia,Male,25,4,0,Unemployed,4,4,3,4,3
Australia,Male,72,4,0,Retired,3,4,1,2,1
Australia,Female,24,4,0,Full time employment,5,2,2,2,1
Australia,Male,37,4,0,Full time employment,3,5,1,1,1
Australia,Male,60,4,0,Unemployed,4,1,5,4,1
Australia,Male,21,4,0,Part time employment,4,1,2,3,1
Australia,Male,22,4,0,Part time employment,5,5,5,5,5
Australia,Male,54,4,0,Full time employment,2,1,1,3,1
Australia,Male,27,4,0,Part time employment,4,1,3,5,4
Australia,Male,27,4,0,Full time employment,3,1,2,3,3
Australia,Female,59,4,0,Not working,1,1,3,5,3
Australia,Male,74,4,0,Retired,1,3,1,1,1
Australia,Female,24,4,0,Part time employment,3,1,3,5,5
Australia,Male,49,4,0,Not working,3,1,3,3,3
Australia,Female,21,4,0,Part time employment,2,2,4,3,3
Australia,Female,30,4,0,Part time employment,3,3,1,1,1
Australia,Female,33,4,0,Full time employment,1,2,1,1,1
Australia,Female,35,4,0,Full time employment,5,1,5,5,4
Australia,Male,25,4,0,Full time employment,2,5,3,3,1
Australia,Male,30,4,0,Full time employment,5,1,5,5,5
Australia,Male,21,4,0,Part time employment,2,2,2,2,2
Australia,Male,25,4,0,Unemployed,3,1,5,5,5
Australia,Female,31,4,0,Part time employment,2,2,2,2,2
Australia,Female,21,4,0,Part time employment,3,4,1,2,1
Australia,Female,23,4,0,Full time employment,1,1,1,1,1
Australia,Female,21,4,0,Full time employment,3,2,3,3,2
Australia,Female,21,4,0,Part time employment,3,3,2,2,3
Australia,Male,32,4,0,Full time employment,4,3,4,4,5
Australia,Female,27,4,0,Not working,2,2,2,3,1
Australia,Male,60,4,0,Full time employment,4,2,1,1,1
Australia,Male,60,4,0,Not working,3,1,3,3,3
Australia,Female,55,4,0,Part time employment,1,1,2,4,3
Australia,Female,20,4,0,Unemployed,4,1,3,4,4
Australia,Male,26,4,0,Not working,2,4,1,1,1
Australia,Male,60,4,0,Full time employment,4,4,5,4,4
Australia,Male,21,4,0,Unemployed,3,3,2,3,2
Australia,Female,39,4,0,Full time employment,3,3,3,3,3
Australia,Male,35,4,0,Unemployed,4,4,1,1,2
Australia,Male,31,4,0,Unemployed,2,3,3,3,3
Australia,Male,25,4,0,Full time employment,5,1,3,5,1
Australia,Male,23,4,0,Unemployed,3,3,2,3,2
Australia,Male,26,4,0,Full time employment,4,2,4,3,3
Australia,Female,28,4,0,Part time employment,1,1,2,2,5
Australia,Female,23,4,0,Unemployed,3,1,2,2,1
Australia,Male,26,4,0,Full time employment,2,5,2,1,1
Australia,Male,31,4,0,Part time employment,4,3,2,3,1
Australia,Male,59,5,0,Full time employment,3,2,2,5,4
Australia,Male,35,5,0,Full time employment,1,1,2,1,2
Australia,Female,21,5,0,Unemployed,3,4,2,1,1
Australia,Female,67,5,0,Retired,4,3,1,1,1
Australia,Female,39,5,0,Full time employment,3,1,2,5,3
Australia,Female,25,5,0,Full time employment,5,5,5,5,2
Australia,Female,59,5,0,Part time employment,3,3,3,5,1
Australia,Male,35,5,0,Full time employment,1,1,1,1,1
Australia,Female,19,5,0,Unemployed,2,1,3,3,4
Australia,Male,25,5,0,Unemployed,4,4,4,2,1
Australia,Female,25,5,0,Part time employment,4,2,3,4,3
Australia,Female,33,5,0,Not working,5,5,3,5,5
Australia,Female,29,5,0,Part time employment,1,1,5,5,4
Australia,Male,38,5,0,Part time employment,5,5,1,1,1
Australia,Male,19,5,0,Not working,4,5,2,1,1
Australia,Male,21,5,0,Part time employment,2,3,3,3,2
Australia,Male,59,5,0,Unemployed,3,2,3,3,3
Australia,Female,58,5,0,Not working,4,2,2,4,4
Australia,Female,29,5,0,Unemployed,5,1,1,1,1
Australia,Male,60,5,0,Unemployed,1,4,1,1,1
Australia,Male,31,5,0,Full time employment,2,5,3,1,1
Australia,Female,63,5,0,Unemployed,3,3,3,3,3
Australia,Male,36,5,0,Full time employment,1,1,1,1,1
Australia,Female,29,5,0,Full time employment,5,1,3,3,2
Australia,Male,25,5,0,Part time employment,3,3,3,3,3
Australia,Male,24,5,0,Full time employment,3,4,3,2,4
Australia,Female,22,5,0,Part time employment,1,2,2,1,1
Australia,Female,43,5,0,Part time employment,4,1,1,1,3
Australia,Female,25,5,0,Unemployed,1,2,1,2,1
Australia,Female,68,5,0,Retired,3,3,1,1,1
Australia,Male,58,5,0,Retired,3,2,3,2,2
Australia,Male,56,5,0,Full time employment,3,1,2,3,3
Australia,Female,46,5,0,Part time employment,3,2,2,2,2
Australia,Female,27,5,0,Part time employment,5,1,2,5,3
Australia,Male,20,5,0,Not working,2,1,3,4,3
Australia,Male,25,5,0,Full time employment,1,1,2,1,1
Australia,Female,19,5,0,Part time employment,1,3,3,3,3
Australia,Male,20,5,0,Unemployed,3,3,3,3,3
Australia,Male,31,5,0,Part time employment,4,3,2,2,1
Australia,Male,22,6,0,Retired,5,5,3,3,2
Australia,Male,62,6,0,Part time employment,5,5,3,2,3
Australia,Male,32,6,0,Full time employment,3,3,2,3,2
Australia,Female,75,6,0,Part time employment,4,1,1,1,1
Australia,Female,37,6,0,Part time employment,3,2,3,2,3
Australia,Female,29,6,0,Full time employment,2,5,1,1,1
Australia,Female,25,6,0,Part time employment,3,1,3,3,3
Australia,Female,44,6,0,Full time employment,4,4,3,1,3
Australia,Male,47,6,0,Unemployed,3,3,3,3,3
Australia,Male,71,6,0,Part time employment,3,4,2,2,1
Australia,Female,20,6,0,Full time employment,3,3,3,3,4
Australia,Female,24,7,0,Part time employment,2,3,1,1,1
Australia,Male,32,8 or more,0,Part time employment,5,5,3,5,1
Australia,Female,55,8 or more,0,Full time employment,5,5,4,5,5
Australia,Male,24,8 or more,0,Full time employment,3,1,2,2,3
Australia,Female,31,Don't know,0,Full time employment,4,5,3,4,2
Australia,Female,30,Don't know,0,Part time employment,4,2,2,2,2
Australia,Female,63,Don't know,0,Full time employment,3,3,3,3,3
Australia,Male,41,Don't know,0,Unemployed,3,1,3,5,3
Australia,Female,23,Don't know,0,Part time employment,3,3,3,3,3
Australia,Female,81,Don't know,0,Retired,4,3,1,1,1
Australia,Male,27,Prefer not to say,0,Unemployed,3,3,3,3,3
Australia,Female,50,Prefer not to say,0,Part time employment,3,2,2,1,1
Australia,Female,35,Prefer not to say,0,Part time employment,2,2,2,2,2
Australia,Female,23,Prefer not to say,0,Not working,3,3,3,3,3
Australia,Male,33,Prefer not to say,0,Part time employment,3,1,4,4,3
Australia,Male,43,Prefer not to say,0,Full time employment,3,2,3,4,3
Australia,Male,19,Prefer not to say,0,Unemployed,3,1,3,4,3
Australia,Female,24,Prefer not to say,0,Part time employment,3,3,3,3,3
Australia,Female,72,Prefer not to say,0,Full time employment,1,1,3,3,3
Australia,Male,38,Prefer not to say,0,Full time employment,2,4,3,3,3
Australia,Male,23,Prefer not to say,0,Unemployed,3,3,3,3,3
Australia,Female,35,1,1,Full time employment,1,2,2,3,3
Australia,Female,30,1,1,Full time employment,1,1,2,1,1
Australia,Female,44,1,1,Full time employment,4,3,4,3,3
Australia,Female,23,2,1,Part time employment,2,1,3,4,1
Australia,Female,46,2,1,Not working,3,3,1,5,1
Australia,Female,52,2,1,Part time employment,2,2,2,3,2
Australia,Female,65,2,1,Retired,4,2,1,1,1
Australia,Female,63,2,1,Part time employment,3,4,2,2,1
Australia,Male,36,2,1,Full time employment,3,3,3,5,1
Australia,Male,64,2,1,Retired,2,4,1,2,1
Australia,Female,39,2,1,Full time employment,3,3,4,4,5
Australia,Female,44,2,1,Full time employment,1,2,3,3,1
Australia,Female,49,2,1,Full time employment,3,3,3,3,3
Australia,Male,35,2,1,Full time employment,5,3,3,4,3
Australia,Male,47,2,1,Full time employment,5,1,5,5,5
Australia,Male,43,2,1,Full time employment,4,3,2,4,2
Australia,Male,43,2,1,Full time employment,4,3,5,5,3
Australia,Male,50,2,1,Full time employment,1,2,2,2,1
Australia,Female,46,2,1,Full time employment,3,4,4,4,4
Australia,Female,34,2,1,Unemployed,3,1,1,3,4
Australia,Female,52,2,1,Retired,3,2,4,3,3
Australia,Female,52,2,1,Unemployed,3,2,3,4,2
Australia,Male,37,2,1,Full time employment,1,1,1,1,1
Australia,Female,49,2,1,Full time employment,3,3,4,3,4
Australia,Female,56,2,1,Retired,3,1,3,4,4
Australia,Male,46,2,1,Full time employment,1,1,3,2,1
Australia,Male,36,2,1,Full time employment,1,1,1,1,1
Australia,Female,30,2,1,Part time employment,2,2,2,3,1
Australia,Male,43,3,1,Full time employment,2,3,2,3,2
Australia,Female,44,3,1,Full time employment,1,4,1,1,1
Australia,Female,31,3,1,Not working,3,2,3,3,2
Australia,Female,34,3,1,Full time employment,2,1,3,3,3
Australia,Female,31,3,1,Full time employment,2,2,2,2,2
Australia,Male,34,3,1,Part time employment,2,1,2,3,3
Australia,Female,37,3,1,Full time employment,1,4,3,2,1
Australia,Female,34,3,1,Full time employment,1,1,1,1,1
Australia,Male,38,3,1,Full time employment,3,2,3,3,3
Australia,Female,29,3,1,Not working,1,3,1,1,4
Australia,Female,35,3,1,Part time employment,3,3,3,3,3
Australia,Female,37,3,1,Part time employment,3,2,2,3,2
Australia,Male,35,3,1,Full time employment,5,1,1,5,1
Australia,Female,40,3,1,Part time employment,5,3,2,3,2
Australia,Female,42,3,1,Unemployed,1,2,2,3,4
Australia,Female,46,3,1,Full time employment,2,1,2,4,3
Australia,Female,31,3,1,Part time employment,1,1,5,5,5
Australia,Female,31,3,1,Full time employment,5,2,2,4,3
Australia,Female,41,3,1,Full time employment,3,2,3,4,2
Australia,Female,36,3,1,Unemployed,3,2,1,2,1
Australia,Female,43,3,1,Not working,4,1,2,5,3
Australia,Female,44,3,1,Full time employment,3,3,3,3,3
Australia,Male,55,3,1,Full time employment,1,1,1,2,1
Australia,Male,39,3,1,Part time employment,5,5,2,2,4
Australia,Female,44,3,1,Full time employment,1,1,2,1,1
Australia,Male,29,3,1,Full time employment,1,2,2,4,5
Australia,Female,37,3,1,Unemployed,3,1,5,5,5
Australia,Male,43,3,1,Full time employment,3,3,3,3,5
Australia,Male,35,3,1,Full time employment,3,2,3,1,1
Australia,Female,53,3,1,Not working,3,2,3,2,2
Australia,Male,34,3,1,Full time employment,5,5,1,3,3
Australia,Male,53,3,1,Full time employment,2,3,3,3,1
Australia,Male,56,3,1,Full time employment,3,2,2,3,1
Australia,Female,33,3,1,Full time employment,3,1,1,5,1
Australia,Male,34,3,1,Full time employment,1,1,2,1,1
Australia,Male,37,3,1,Full time employment,3,1,1,5,1
Australia,Male,32,3,1,Full time employment,2,1,2,1,1
Australia,Male,45,3,1,Full time employment,4,4,5,3,1
Australia,Male,31,3,1,Full time employment,4,2,1,2,2
Australia,Male,33,3,1,Full time employment,3,2,2,3,2
Australia,Female,38,3,1,Full time employment,2,3,1,1,1
Australia,Male,38,3,1,Full time employment,2,3,1,1,1
Australia,Male,41,3,1,Full time employment,4,4,3,3,4
Australia,Male,37,3,1,Full time employment,2,1,1,1,1
Australia,Male,35,3,1,Full time employment,1,3,2,2,1
Australia,Female,37,3,1,Full time employment,1,1,1,5,1
Australia,Male,31,3,1,Full time employment,1,2,1,2,1
Australia,Female,31,3,1,Unemployed,4,1,3,1,5
Australia,Female,40,3,1,Full time employment,2,2,2,1,1
Australia,Female,27,3,1,Not working,2,2,3,3,1
Australia,Female,37,3,1,Part time employment,5,5,1,1,1
Australia,Female,49,3,1,Part time employment,2,2,1,1,1
Australia,Male,37,3,1,Full time employment,1,1,2,2,1
Australia,Male,33,3,1,Full time employment,4,3,3,4,4
Australia,Male,45,3,1,Full time employment,4,4,4,4,3
Australia,Female,29,3,1,Full time employment,4,4,3,4,3
Australia,Male,39,3,1,Unemployed,1,1,1,1,1
Australia,Female,19,3,1,Full time employment,4,4,5,5,4
Australia,Male,43,3,1,Full time employment,3,3,4,4,4
Australia,Male,39,3,1,Full time employment,1,1,1,4,2
Australia,Male,44,3,1,Full time employment,3,3,2,3,2
Australia,Female,30,3,1,Part time employment,1,1,1,1,1
Australia,Male,38,3,1,Full time employment,1,4,1,2,1
Australia,Male,49,3,1,Part time employment,3,3,3,3,3
Australia,Male,33,3,1,Full time employment,5,5,2,2,1
Australia,Female,47,3,1,Part time employment,3,4,3,3,3
Australia,Male,61,3,1,Full time employment,3,1,2,2,1
Australia,Male,37,3,1,Full time employment,3,4,2,3,2
Australia,Male,60,3,1,Retired,3,2,3,3,2
Australia,Female,47,3,1,Full time employment,3,1,3,4,3
Australia,Female,77,3,1,Retired,4,3,3,3,1
Australia,Female,30,3,1,Full time employment,1,1,4,3,5
Australia,Male,64,3,1,Full time employment,2,3,1,1,1
Australia,Female,49,3,1,Not working,2,3,4,3,2
Australia,Female,36,3,1,Full time employment,5,1,3,5,5
Australia,Female,31,3,1,Not working,1,1,1,1,1
Australia,Male,60,3,1,Not working,1,5,1,1,1
Australia,Male,39,3,1,Full time employment,2,4,2,1,1
Australia,Female,48,3,1,Not working,1,2,1,1,1
Australia,Female,40,3,1,Not working,3,2,2,3,3
Australia,Male,50,3,1,Full time employment,1,1,1,1,1
Australia,Female,39,3,1,Part time employment,3,1,3,5,3
Australia,Female,40,3,1,Not working,1,1,3,3,3
Australia,Female,43,3,1,Full time employment,1,2,3,5,4
Australia,Male,44,3,1,Full time employment,3,3,3,3,3
Australia,Female,37,3,1,Unemployed,2,2,1,3,1
Australia,Female,32,3,1,Full time employment,2,3,3,3,3
Australia,Male,49,3,1,Full time employment,1,5,1,1,1
Australia,Male,48,3,1,Unemployed,1,5,3,4,3
Australia,Female,37,3,1,Full time employment,1,1,1,1,1
Australia,Female,49,3,1,Unemployed,3,1,5,5,5
Australia,Male,50,3,1,Full time employment,5,5,2,1,1
Australia,Female,38,3,1,Full time employment,2,1,2,2,3
Australia,Male,52,3,1,Full time employment,3,1,2,3,3
Australia,Female,31,3,1,Part time employment,1,1,1,3,1
Australia,Male,33,3,1,Full time employment,1,2,1,1,1
Australia,Female,52,3,1,Full time employment,1,1,3,4,3
Australia,Male,51,3,1,Full time employment,2,4,3,2,1
Australia,Female,33,3,1,Full time employment,2,2,1,1,1
Australia,Male,36,3,1,Full time employment,4,2,2,4,4
Australia,Male,63,3,1,Retired,4,1,3,3,3
Australia,Male,41,3,1,Full time employment,3,3,3,3,3
Australia,Male,21,3,1,Full time employment,3,3,4,4,3
Australia,Male,33,3,1,Full time employment,4,4,4,3,4
Australia,Female,26,3,1,Part time employment,3,1,2,5,4
Australia,Female,31,3,1,Full time employment,1,1,1,1,1
Australia,Female,36,3,1,Unemployed,3,4,1,5,1
Australia,Female,33,3,1,Part time employment,3,3,4,2,1
Australia,Female,31,3,1,Part time employment,1,1,3,3,5
Australia,Male,56,3,1,Full time employment,3,5,2,3,1
Australia,Male,34,3,1,Full time employment,2,1,1,3,5
Australia,Female,66,3,1,Part time employment,4,3,3,4,2
Australia,Female,39,3,1,Part time employment,4,1,3,2,4
Australia,Female,47,3,1,Part time employment,3,3,1,3,1
Australia,Female,47,3,1,Full time employment,2,2,2,2,5
Australia,Female,46,3,1,Full time employment,3,3,1,1,1
Australia,Male,34,3,1,Full time employment,1,1,2,2,2
Australia,Male,35,3,1,Full time employment,4,5,1,4,4
Australia,Male,36,3,1,Full time employment,2,2,3,2,2
Australia,Female,25,3,1,Unemployed,1,1,1,1,1
Australia,Female,35,3,1,Full time employment,4,5,5,4,1
Australia,Male,48,3,1,Full time employment,2,2,3,3,3
Australia,Male,52,3,1,Full time employment,3,5,5,5,5
Australia,Male,42,3,1,Full time employment,2,2,2,2,3
Australia,Male,43,3,1,Unemployed,1,5,1,1,1
Australia,Male,37,3,1,Full time employment,1,1,1,2,1
Australia,Male,37,3,1,Full time employment,1,1,1,1,2
Australia,Male,32,3,1,Full time employment,2,2,2,2,2
Australia,Female,31,3,1,Full time employment,3,1,2,2,3
Australia,Female,47,3,1,Not working,3,2,1,1,1
Australia,Male,32,3,1,Part time employment,3,1,4,4,4
Australia,Male,28,3,1,Full time employment,4,3,3,4,4
Australia,Male,27,3,1,Full time employment,2,1,1,2,1
Australia,Male,35,3,1,Full time employment,2,1,2,1,1
Australia,Male,37,3,1,Full time employment,4,2,1,3,2
Australia,Male,30,3,1,Full time employment,1,1,1,1,5
Australia,Male,30,3,1,Full time employment,4,4,3,3,4
Australia,Male,39,3,1,Unemployed,3,4,3,3,1
Australia,Male,47,3,1,Full time employment,3,1,5,3,5
Australia,Male,30,3,1,Full time employment,2,1,1,1,1
Australia,Female,33,3,1,Part time employment,5,1,5,5,5
Australia,Male,21,3,1,Full time employment,5,5,1,2,2
Australia,Male,20,3,1,Full time employment,1,1,1,1,1
Australia,Male,34,3,1,Full time employment,1,2,1,1,2
Australia,Male,24,3,1,Part time employment,3,1,3,2,4
Australia,Male,36,3,1,Full time employment,1,1,2,1,1
Australia,Male,36,3,1,Full time employment,1,1,5,5,3
Australia,Female,22,4,1,Unemployed,4,4,3,4,4
Australia,Female,33,4,1,Full time employment,5,1,5,5,5
Australia,Female,68,4,1,Unemployed,4,1,3,4,3
Australia,Male,68,4,1,Retired,5,3,1,3,1
Australia,Male,20,4,1,Unemployed,2,3,2,5,3
Australia,Female,61,4,1,Part time employment,1,2,2,2,1
Australia,Male,44,4,1,Full time employment,3,3,1,3,1
Australia,Male,53,4,1,Full time employment,3,3,1,1,1
Australia,Male,45,4,1,Full time employment,4,4,4,4,3
Australia,Female,56,4,1,Full time employment,2,1,1,1,1
Australia,Female,27,4,1,Full time employment,1,1,1,2,1
Australia,Male,62,4,1,Part time employment,1,1,5,5,5
Australia,Male,57,4,1,Full time employment,2,1,3,5,2
Australia,Female,20,4,1,Part time employment,4,4,2,4,2
Australia,Female,23,4,1,Part time employment,3,2,3,3,1
Australia,Male,19,4,1,Unemployed,3,5,1,1,5
Australia,Male,39,4,1,Unemployed,5,4,1,1,1
Australia,Female,18,4,1,Unemployed,2,3,2,2,1
Australia,Male,20,4,1,Unemployed,4,3,2,3,1
Australia,Female,18,4,1,Not working,2,2,1,1,1
Australia,Male,47,4,1,Not working,1,1,4,3,2
Australia,Male,48,4,1,Full time employment,5,5,5,5,5
Australia,Male,33,4,1,Full time employment,4,3,4,3,4
Australia,Male,20,4,1,Part time employment,1,4,1,1,1
Australia,Female,21,4,1,Unemployed,4,3,2,2,1
Australia,Male,80,4,1,Retired,1,1,1,1,1
Australia,Male,53,4,1,Full time employment,3,3,3,3,3
Australia,Female,21,4,1,Unemployed,4,4,1,4,2
Australia,Female,45,4,1,Full time employment,4,2,2,2,3
Australia,Male,57,4,1,Unemployed,3,3,2,1,5
Australia,Male,54,4,1,Full time employment,2,3,3,3,1
Australia,Male,36,4,1,Full time employment,4,3,4,3,4
Australia,Female,33,4,1,Unemployed,2,2,3,4,5
Australia,Female,23,4,1,Part time employment,2,2,2,1,1
Australia,Female,42,4,1,Unemployed,3,2,2,2,1
Australia,Male,20,4,1,Unemployed,2,3,1,2,2
Australia,Female,21,4,1,Part time employment,1,4,1,1,1
Australia,Female,40,4,1,Full time employment,3,2,2,3,1
Australia,Male,38,4,1,Full time employment,2,3,3,3,3
Australia,Female,48,4,1,Part time employment,5,1,3,5,5
Australia,Male,44,4,1,Full time employment,3,3,3,3,3
Australia,Female,21,4,1,Part time employment,4,4,1,2,5
Australia,Female,19,4,1,Unemployed,2,4,1,1,1
Australia,Male,18,4,1,Retired,2,1,4,5,5
Australia,Male,19,4,1,Part time employment,4,4,2,1,1
Australia,Male,21,4,1,Unemployed,2,2,1,3,3
Australia,Female,22,4,1,Unemployed,3,3,3,1,1
Australia,Female,40,5,1,Unemployed,2,3,1,1,1
Australia,Female,20,5,1,Part time employment,5,4,1,2,1
Australia,Male,40,5,1,Full time employment,3,3,3,3,3
Australia,Female,60,5,1,Part time employment,4,4,4,4,5
Australia,Female,19,5,1,Part time employment,2,3,2,3,4
Australia,Female,56,5,1,Full time employment,3,3,3,3,2
Australia,Female,56,5,1,Not working,5,1,3,4,5
Australia,Male,21,5,1,Full time employment,4,2,2,2,4
Australia,Male,44,5,1,Full time employment,4,2,4,1,3
Australia,Male,39,5,1,Full time employment,2,5,1,1,5
Australia,Female,19,5,1,Not working,5,3,3,5,5
Australia,Male,48,5,1,Part time employment,3,4,2,2,2
Australia,Male,46,5,1,Full time employment,3,2,5,3,1
Australia,Male,38,5,1,Full time employment,1,1,2,3,2
Australia,Female,42,5,1,Full time employment,1,1,5,5,5
Australia,Male,46,5,1,Full time employment,2,1,3,4,2
Australia,Female,50,5,1,Full time employment,3,3,3,3,3
Australia,Male,49,5,1,Full time employment,2,1,1,4,3
Australia,Female,34,5,1,Part time employment,4,4,4,3,4
Australia,Male,39,5,1,Unemployed,5,5,5,1,1
Australia,Female,32,5,1,Part time employment,3,3,3,3,2
Australia,Female,20,5,1,Unemployed,5,4,1,3,1
Australia,Female,63,5,1,Not working,2,2,2,2,1
Australia,Female,45,5,1,Part time employment,5,5,5,5,5
Australia,Female,21,5,1,Part time employment,5,2,3,3,2
Australia,Male,38,5,1,Full time employment,4,4,3,4,3
Australia,Female,41,5,1,Full time employment,3,2,1,2,2
Australia,Female,50,5,1,Part time employment,4,5,1,4,1
Australia,Female,55,5,1,Retired,3,2,3,3,3
Australia,Female,30,5,1,Full time employment,3,3,2,3,3
Australia,Female,20,5,1,Part time employment,5,4,4,5,5
Australia,Male,34,5,1,Full time employment,1,2,1,2,1
Australia,Female,19,5,1,Part time employment,3,2,3,3,2
Australia,Female,33,6,1,Full time employment,3,4,4,3,3
Australia,Female,45,6,1,Not working,3,3,1,1,1
Australia,Male,25,6,1,Full time employment,3,3,4,3,1
Australia,Male,48,6,1,Full time employment,5,2,3,4,4
Australia,Female,31,6,1,Full time employment,3,4,3,3,4
Australia,Male,50,7,1,Full time employment,2,3,3,5,3
Australia,Male,32,8 or more,1,Full time employment,5,1,3,2,1
Australia,Female,30,Don't know,1,Full time employment,3,3,4,3,3
Australia,Female,39,Prefer not to say,1,Unemployed,3,4,3,2,2
Australia,Female,43,Prefer not to say,1,Unemployed,3,3,3,3,1
Australia,Male,46,2,2,Full time employment,4,3,4,3,5
Australia,Male,56,3,2,Part time employment,2,3,2,2,4
Australia,Male,47,3,2,Full time employment,1,1,3,3,3
Australia,Female,44,3,2,Part time employment,4,3,3,5,3
Australia,Male,43,3,2,Full time employment,5,5,5,5,3
Australia,Male,52,3,2,Full time employment,3,1,3,5,3
Australia,Female,33,3,2,Full time employment,3,1,5,5,5
Australia,Female,27,3,2,Not working,1,1,1,1,1
Australia,Male,43,3,2,Not working,3,2,3,4,3
Australia,Female,57,3,2,Full time employment,3,1,3,5,5
Australia,Female,42,3,2,Not working,3,1,4,3,3
Australia,Male,59,3,2,Full time employment,3,3,4,3,3
Australia,Male,42,3,2,Full time employment,3,4,4,2,5
Australia,Male,43,3,2,Full time employment,4,4,4,4,4
Australia,Female,28,3,2,Not working,3,1,5,5,5
Australia,Female,35,4,2,Part time employment,4,5,5,5,4
Australia,Female,43,4,2,Unemployed,3,3,2,2,5
Australia,Female,41,4,2,Part time employment,5,5,1,5,5
Australia,Male,48,4,2,Part time employment,1,5,1,1,1
Australia,Male,55,4,2,Full time employment,3,4,3,1,1
Australia,Female,48,4,2,Not working,1,4,1,2,1
Australia,Female,51,4,2,Part time employment,5,1,5,5,5
Australia,Female,54,4,2,Retired,2,1,3,5,5
Australia,Female,31,4,2,Part time employment,2,1,4,5,2
Australia,Female,40,4,2,Part time employment,3,3,1,2,3
Australia,Female,37,4,2,Unemployed,3,3,1,1,1
Australia,Female,49,4,2,Full time employment,3,3,2,1,1
Australia,Female,38,4,2,Not working,1,1,1,1,1
Australia,Male,67,4,2,Retired,3,3,1,1,1
Australia,Female,35,4,2,Unemployed,2,2,3,2,3
Australia,Male,46,4,2,Full time employment,2,3,1,2,2
Australia,Female,31,4,2,Part time employment,2,3,2,3,2
Australia,Female,34,4,2,Part time employment,3,3,2,2,2
Australia,Male,45,4,2,Full time employment,4,1,3,1,1
Australia,Male,43,4,2,Retired,1,5,1,1,1
Australia,Male,35,4,2,Full time employment,4,2,3,4,3
Australia,Female,34,4,2,Part time employment,1,4,3,3,3
Australia,Female,47,4,2,Not working,3,2,2,2,1
Australia,Female,40,4,2,Unemployed,5,3,1,5,4
Australia,Male,37,4,2,Full time employment,5,1,3,5,4
Australia,Female,39,4,2,Unemployed,5,4,5,5,1
Australia,Female,34,4,2,Part time employment,2,4,3,3,4
Australia,Female,44,4,2,Part time employment,4,3,2,4,2
Australia,Female,38,4,2,Part time employment,3,1,2,3,1
Australia,Female,31,4,2,Full time employment,1,2,1,1,1
Australia,Female,49,4,2,Part time employment,4,4,4,4,4
Australia,Female,49,4,2,Full time employment,2,2,3,3,1
Australia,Female,18,4,2,Unemployed,4,3,2,1,1
Australia,Female,45,4,2,Not working,5,1,3,5,3
Australia,Female,36,4,2,Full time employment,1,3,2,3,2
Australia,Female,38,4,2,Not working,1,3,1,1,1
Australia,Female,36,4,2,Full time employment,1,1,1,3,1
Australia,Male,41,4,2,Part time employment,2,3,2,3,2
Australia,Male,42,4,2,Full time employment,1,1,3,1,1
Australia,Male,31,4,2,Full time employment,1,1,1,1,4
Australia,Female,46,4,2,Unemployed,1,1,2,3,1
Australia,Female,39,4,2,Unemployed,3,1,3,3,3
Australia,Male,46,4,2,Full time employment,2,2,1,1,1
Australia,Male,40,4,2,Full time employment,3,1,1,3,2
Australia,Male,44,4,2,Full time employment,4,4,1,2,1
Australia,Male,44,4,2,Full time employment,2,2,3,3,1
Australia,Male,44,4,2,Full time employment,3,4,2,5,1
Australia,Male,34,4,2,Full time employment,1,1,1,1,1
Australia,Female,46,4,2,Part time employment,3,1,3,5,1
Australia,Male,24,4,2,Full time employment,5,4,1,1,1
Australia,Male,45,4,2,Retired,3,2,4,4,4
Australia,Female,29,4,2,Unemployed,1,3,1,3,3
Australia,Female,28,4,2,Part time employment,4,3,3,2,3
Australia,Male,31,4,2,Part time employment,3,1,1,1,1
Australia,Female,55,4,2,Retired,2,1,2,4,4
Australia,Male,40,4,2,Full time employment,4,4,4,3,3
Australia,Male,35,4,2,Full time employment,3,1,1,2,2
Australia,Male,33,4,2,Full time employment,3,5,5,4,2
Australia,Male,37,4,2,Full time employment,4,3,2,3,1
Australia,Female,40,4,2,Part time employment,3,2,2,1,1
Australia,Female,35,4,2,Not working,3,2,1,2,2
Australia,Female,47,4,2,Full time employment,4,4,1,1,1
Australia,Female,35,4,2,Unemployed,3,4,4,4,1
Australia,Female,29,4,2,Unemployed,3,1,1,3,3
Australia,Female,48,4,2,Full time employment,1,2,1,2,1
Australia,Female,36,4,2,Not working,3,2,1,2,1
Australia,Male,46,4,2,Full time employment,2,2,2,2,2
Australia,Female,42,4,2,Part time employment,5,4,3,4,2
Australia,Male,44,4,2,Full time employment,3,3,3,3,3
Australia,Female,40,4,2,Full time employment,3,3,3,3,2
Australia,Female,33,4,2,Full time employment,1,2,2,2,1
Australia,Male,46,4,2,Full time employment,5,1,5,5,5
Australia,Male,39,4,2,Full time employment,2,2,4,3,5
Australia,Female,39,4,2,Full time employment,3,4,3,4,3
Australia,Male,53,4,2,Full time employment,5,1,5,5,5
Australia,Male,39,4,2,Full time employment,5,3,5,5,1
Australia,Male,42,4,2,Full time employment,1,3,3,3,3
Australia,Male,41,4,2,Full time employment,1,2,2,1,1
Australia,Male,52,4,2,Not working,5,1,5,5,5
Australia,Female,45,4,2,Part time employment,3,3,1,1,1
Australia,Male,40,4,2,Full time employment,3,1,2,3,2
Australia,Female,49,4,2,Not working,1,1,3,3,3
Australia,Male,57,4,2,Part time employment,2,2,2,3,1
Australia,Male,74,4,2,Full time employment,1,4,2,1,1
Australia,Male,50,4,2,Full time employment,3,4,1,3,1
Australia,Female,43,4,2,Part time employment,3,3,3,3,3
Australia,Male,34,4,2,Full time employment,3,4,2,2,1
Australia,Female,33,4,2,Full time employment,3,1,3,2,1
Australia,Male,43,4,2,Full time employment,3,3,3,3,3
Australia,Male,46,4,2,Full time employment,1,1,2,2,1
Australia,Male,35,4,2,Full time employment,4,4,4,4,4
Australia,Female,31,4,2,Full time employment,1,2,2,2,2
Australia,Male,44,4,2,Part time employment,3,4,2,1,1
Australia,Male,36,4,2,Full time employment,2,2,2,2,2
Australia,Female,40,4,2,Unemployed,3,2,1,1,1
Australia,Female,28,4,2,Not working,1,1,5,3,5
Australia,Female,37,4,2,Part time employment,3,1,2,4,4
Australia,Female,54,4,2,Part time employment,5,1,5,5,5
Australia,Male,34,4,2,Full time employment,3,1,3,3,3
Australia,Female,32,4,2,Part time employment,4,2,1,4,1
Australia,Male,56,4,2,Full time employment,5,5,2,1,1
Australia,Male,56,4,2,Full time employment,3,3,2,2,1
Australia,Female,55,4,2,Part time employment,5,2,1,1,1
Australia,Female,35,4,2,Not working,5,2,3,3,1
Australia,Male,44,4,2,Full time employment,4,3,4,3,4
Australia,Female,36,4,2,Part time employment,2,4,4,3,4
Australia,Male,45,4,2,Retired,3,2,2,1,2
Australia,Female,42,4,2,Full time employment,1,3,3,3,3
Australia,Male,56,4,2,Full time employment,2,2,1,2,1
Australia,Female,42,4,2,Not working,4,1,1,3,1
Australia,Male,41,4,2,Full time employment,1,1,1,1,1
Australia,Female,38,4,2,Part time employment,3,3,3,3,3
Australia,Male,42,4,2,Full time employment,1,4,1,1,1
Australia,Male,31,4,2,Full time employment,2,3,3,2,1
Australia,Male,41,4,2,Full time employment,1,1,3,3,3
Australia,Female,49,4,2,Full time employment,3,2,2,2,1
Australia,Male,49,4,2,Full time employment,5,1,5,5,5
Australia,Male,43,4,2,Full time employment,4,3,2,3,1
Australia,Female,46,4,2,Not working,5,3,3,5,5
Australia,Female,39,4,2,Unemployed,1,1,3,3,3
Australia,Male,33,4,2,Full time employment,1,1,1,1,1
Australia,Male,27,4,2,Full time employment,5,2,3,3,2
Australia,Male,33,4,2,Full time employment,1,3,1,1,1
Australia,Male,22,4,2,Unemployed,5,2,2,3,2
Australia,Male,33,4,2,Full time employment,1,1,1,1,1
Australia,Female,31,4,2,Part time employment,1,1,1,1,1
Australia,Female,37,5,2,Full time employment,5,3,1,1,1
Australia,Male,35,5,2,Unemployed,3,2,2,2,1
Australia,Female,60,5,2,Not working,5,1,3,5,5
Australia,Male,55,5,2,Unemployed,4,4,1,1,1
Australia,Male,18,5,2,Part time employment,2,2,2,2,2
Australia,Female,20,5,2,Not working,4,1,3,4,4
Australia,Female,53,5,2,Not working,4,1,3,3,3
Australia,Female,24,5,2,Unemployed,3,5,5,4,1
Australia,Female,37,5,2,Unemployed,3,1,3,5,4
Australia,Male,36,5,2,Full time employment,2,1,3,3,2
Australia,Male,47,5,2,Full time employment,4,4,2,5,2
Australia,Male,46,5,2,Full time employment,3,3,2,3,1
Australia,Female,38,5,2,Full time employment,5,5,2,1,1
Australia,Female,34,5,2,Not working,4,3,3,3,2
Australia,Male,42,5,2,Full time employment,3,4,3,3,3
Australia,Male,46,5,2,Full time employment,3,5,1,1,5
Australia,Male,36,5,2,Full time employment,5,1,4,5,5
Australia,Male,46,5,2,Full time employment,3,5,1,1,1
Australia,Female,40,5,2,Not working,3,2,3,3,3
Australia,Female,49,5,2,Full time employment,4,3,2,3,2
Australia,Male,38,5,2,Part time employment,4,1,5,5,4
Australia,Male,49,5,2,Full time employment,2,2,1,3,1
Australia,Male,43,5,2,Full time employment,4,2,2,3,3
Australia,Female,67,5,2,Part time employment,1,2,2,2,3
Australia,Female,45,5,2,Full time employment,3,2,2,4,1
Australia,Male,62,5,2,Full time employment,5,3,1,3,1
Australia,Male,64,5,2,Unemployed,4,4,2,2,1
Australia,Female,48,5,2,Full time employment,3,4,2,3,1
Australia,Male,33,5,2,Full time employment,1,1,2,1,1
Australia,Female,24,5,2,Part time employment,2,3,1,2,1
Australia,Male,24,5,2,Part time employment,5,5,1,1,1
Australia,Male,47,5,2,Full time employment,2,4,1,2,1
Australia,Male,41,5,2,Unemployed,5,1,5,5,5
Australia,Female,42,6,2,Part time employment,1,1,1,1,1
Australia,Female,69,6,2,Retired,5,1,2,3,1
Australia,Female,70,6,2,Retired,4,3,1,1,1
Australia,Male,62,6,2,Full time employment,2,4,4,3,4
Australia,Male,59,6,2,Retired,2,1,1,2,1
Australia,Female,19,6,2,Unemployed,3,4,2,2,1
Australia,Female,26,6,2,Not working,3,3,4,4,3
Australia,Female,36,6,2,Retired,4,2,3,4,2
Australia,Female,31,7,2,Full time employment,4,4,2,3,4
Australia,Female,38,7,2,Not working,1,1,1,1,5
Australia,Female,30,7,2,Not working,3,3,4,1,2
Australia,Female,33,8 or more,2,Part time employment,2,1,4,4,1
Australia,Female,42,Don't know,2,Unemployed,3,3,3,3,3
Australia,Male,35,Don't know,2,Part time employment,3,3,3,3,3
Australia,Female,20,Don't know,2,Not working,3,3,3,3,3
Australia,Female,50,Don't know,2,Not working,5,2,3,3,2
Australia,Male,45,Prefer not to say,2,Full time employment,3,1,5,5,5
Australia,Male,33,3,3,Full time employment,5,2,3,3,2
Australia,Female,39,4,3,Part time employment,5,1,5,5,5
Australia,Female,38,5,3,Full time employment,2,3,2,2,1
Australia,Female,37,5,3,Not working,3,1,3,3,3
Australia,Female,29,5,3,Not working,1,1,3,3,4
Australia,Male,40,5,3,Full time employment,3,3,1,1,1
Australia,Male,39,5,3,Full time employment,4,2,1,3,1
Australia,Male,35,5,3,Full time employment,5,5,1,1,1
Australia,Male,46,5,3,Full time employment,4,3,3,3,2
Australia,Male,49,5,3,Full time employment,4,1,3,3,1
Australia,Female,39,5,3,Full time employment,3,3,2,1,3
Australia,Male,45,5,3,Full time employment,1,3,2,3,1
Australia,Male,45,5,3,Full time employment,1,4,1,1,1
Australia,Female,39,5,3,Part time employment,3,3,3,1,3
Australia,Female,41,5,3,Not working,2,2,2,2,1
Australia,Female,34,5,3,Part time employment,3,4,3,3,3
Australia,Female,21,5,3,Part time employment,5,4,5,5,5
Australia,Female,36,5,3,Not working,2,4,2,2,1
Australia,Female,45,5,3,Part time employment,2,2,1,1,1
Australia,Male,49,5,3,Not working,4,4,2,2,1
Australia,Female,30,5,3,Not working,2,1,3,4,4
Australia,Female,43,5,3,Unemployed,3,3,4,3,3
Australia,Female,42,5,3,Full time employment,4,3,2,3,1
Australia,Male,46,5,3,Full time employment,2,2,1,2,1
Australia,Male,33,5,3,Full time employment,1,1,1,1,1
Australia,Female,37,6,3,Unemployed,4,2,4,4,4
Australia,Male,45,6,3,Full time employment,1,3,3,4,3
Australia,Male,70,7,3,Retired,1,1,3,1,5
Australia,Female,56,7,3,Retired,1,1,2,3,1
Australia,Male,71,7,3,Retired,1,1,3,1,1
Australia,Male,73,7,3,Retired,4,2,5,5,5
Australia,Female,22,8 or more,3,Not working,3,3,3,3,3
Australia,Female,38,4,4,Full time employment,5,2,5,5,5
Australia,Male,44,5,4,Not working,5,1,4,5,5
Australia,Female,38,5,4,Full time employment,1,1,1,1,1
Australia,Female,28,5,4,Full time employment,1,1,2,2,1
Australia,Female,34,5,4,Part time employment,3,1,3,4,1
Australia,Male,37,6,4,Part time employment,2,4,2,2,1
Australia,Male,41,6,4,Full time employment,3,3,2,4,2
Australia,Female,38,6,4,Not working,3,1,2,3,4
Australia,Male,44,6,4,Full time employment,5,3,1,4,3
Australia,Female,47,6,4,Unemployed,4,1,4,4,5
Australia,Female,34,6,4,Unemployed,2,3,3,3,3
Australia,Male,44,6,4,Full time employment,5,2,2,5,4
Australia,Female,26,7,4,Unemployed,3,1,2,3,3
Australia,Female,34,7,5 or more,Unemployed,5,1,1,1,1
Australia,Female,38,7,5 or more,Full time employment,4,1,2,5,4
Australia,Male,51,7,5 or more,Full time employment,3,2,1,2,1
Australia,Female,33,7,5 or more,Part time employment,4,1,4,4,4
Australia,Male,19,7,5 or more,Unemployed,2,2,4,2,1
Australia,Male,41,8 or more,5 or more,Unemployed,1,4,1,1,1
Australia,Female,39,8 or more,5 or more,Full time employment,4,1,2,3,1
Australia,Female,49,8 or more,5 or more,Not working,5,3,1,1,1
