﻿Country,Gender,Age,Household_size,Household_children,Employment_status,vac2_1,vac2_2,vac2_3,vac2_6,vac_3
Canada,Female,33,Prefer not to say,5 or more,Full time employment,3,1,4,5,1
Canada,Male,47,7,5 or more,Full time employment,3,4,4,3,3
Canada,Female,34,6,5 or more,Other,4,5,3,4,4
Canada,Female,46,5,5 or more,Full time employment,5,2,3,3,3
Canada,Female,39,7,5 or more,Full time employment,3,4,1,3,3
Canada,Female,36,5,5 or more,Unemployed,1,3,1,1,1
Canada,Female,19,6,5 or more,Unemployed,1,1,3,2,1
Canada,Female,52,5,5 or more,Full time employment,3,2,3,4,1
Canada,Male,43,6,5 or more,Full time employment,5,1,2,5,4
Canada,Male,34,5,5 or more,Not working,3,3,3,3,3
Canada,Male,48,5,5 or more,Full time employment,3,1,4,4,2
Canada,Male,37,Prefer not to say,5 or more,Full time employment,4,4,4,4,4
Canada,Female,45,7,5 or more,Full time student,3,3,3,5,5
Canada,Male,51,5,5 or more,Full time employment,1,1,2,3,1
Canada,Female,22,7,5 or more,Part time employment,1,1,1,4,2
Canada,Female,55,5,5 or more,Full time employment,2,2,2,1,2
Canada,Female,63,5,5 or more,Full time employment,1,1,1,1,1
Canada,Female,27,4,5 or more,Not working,3,2,2,2,2
Canada,Male,42,8 or more,5 or more,Not working,4,1,1,5,5
Canada,Male,43,6,5 or more,Full time employment,4,2,2,4,3
Canada,Female,39,8 or more,5 or more,Full time student,2,2,2,2,3
Canada,Female,23,8 or more,5 or more,Full time student,3,3,2,3,2
Canada,Female,45,6,5 or more,Full time employment,4,1,3,4,4
Canada,Female,46,7,5 or more,Not working,5,1,5,5,5
Canada,Male,45,8 or more,5 or more,Unemployed,4,2,3,3,3
Canada,Male,67,6,5 or more,Retired,2,1,1,3,3
Canada,Female,44,6,5 or more,Not working,3,3,3,3,3
Canada,Female,53,5,5 or more,Not working,4,3,4,3,3
Canada,Female,19,6,5 or more,Full time employment,4,5,4,5,5
Canada,Female,72,5,5 or more,Retired,1,1,5,5,5
Canada,Female,28,5,5 or more,Unemployed,5,1,3,5,5
Canada,Male,37,7,5 or more,Full time employment,4,4,2,5,1
Canada,Male,42,5,5 or more,Other,1,1,1,1,1
Canada,Female,36,1,5 or more,Other,3,1,1,1,1
Canada,Female,63,6,5 or more,Retired,4,3,1,1,1
Canada,Female,19,6,5 or more,Part time employment,2,1,3,4,5
Canada,Female,40,5,5 or more,Not working,5,5,4,4,4
Canada,Female,27,5,5 or more,Full time employment,5,3,5,2,5
Canada,Female,42,5,5 or more,Full time employment,1,1,3,5,5
Canada,Female,52,5,5 or more,Unemployed,1,1,1,1,3
Canada,Male,27,6,5 or more,Full time employment,3,1,4,5,4
Canada,Female,30,6,4,Unemployed,1,1,1,5,5
Canada,Female,41,4,4,Full time employment,2,3,2,2,2
Canada,Male,38,5,4,Not working,4,3,3,3,3
Canada,Female,39,4,4,Unemployed,3,3,3,2,1
Canada,Female,43,6,4,Not working,3,1,3,3,3
Canada,Male,21,5,4,Not working,2,3,2,3,5
Canada,Female,27,4,4,Unemployed,4,3,3,1,1
Canada,Female,38,4,4,Part time employment,3,4,3,3,3
Canada,Female,29,4,4,Full time employment,2,2,3,4,3
Canada,Male,35,4,4,Unemployed,1,1,1,3,3
Canada,Male,49,6,4,Full time employment,3,2,2,2,2
Canada,Male,39,4,4,Not working,4,1,3,5,5
Canada,Female,40,4,4,Full time employment,5,1,5,5,5
Canada,Male,50,6,4,Full time employment,2,5,1,1,1
Canada,Female,44,7,4,Not working,3,1,1,3,2
Canada,Male,44,6,4,Full time employment,5,1,3,5,4
Canada,Female,20,7,4,Full time student,4,2,4,4,5
Canada,Female,61,4,4,Other,1,3,1,1,1
Canada,Female,30,5,4,Part time employment,2,4,1,2,2
Canada,Male,44,6,4,Full time employment,3,2,2,3,2
Canada,Male,18,7,4,Unemployed,1,1,1,1,1
Canada,Male,22,4,4,Full time student,2,3,2,1,1
Canada,Female,37,4,4,Full time employment,3,5,1,5,1
Canada,Female,50,4,4,Unemployed,2,1,2,3,2
Canada,Female,18,4,4,Unemployed,2,3,4,2,5
Canada,Male,66,3,4,Not working,4,1,2,1,3
Canada,Male,60,6,4,Retired,5,4,2,1,1
Canada,Female,56,4,4,Retired,1,1,2,1,1
Canada,Female,24,4,4,Full time employment,4,4,4,3,1
Canada,Female,45,4,4,Full time employment,3,3,3,3,3
Canada,Male,76,4,4,Part time employment,2,1,2,2,1
Canada,Female,43,4,4,Part time employment,3,1,3,3,3
Canada,Male,57,7,4,Unemployed,2,2,2,3,3
Canada,Male,43,Don't know,4,Full time employment,3,3,3,3,3
Canada,Male,20,Prefer not to say,4,Unemployed,5,5,5,4,5
Canada,Male,21,8 or more,4,Unemployed,3,2,2,3,2
Canada,Male,49,4,4,Full time employment,1,1,3,5,1
Canada,Female,62,4,4,Retired,3,2,2,4,1
Canada,Male,39,4,4,Other,1,1,1,1,3
Canada,Male,46,4,4,Full time employment,5,1,4,5,4
Canada,Female,37,5,3,Part time employment,1,5,1,1,1
Canada,Female,38,5,3,Full time employment,3,1,3,3,2
Canada,Female,32,3,3,Full time employment,3,1,4,2,1
Canada,Female,34,5,3,Full time employment,1,3,1,1,1
Canada,Female,33,8 or more,3,Full time employment,4,1,3,5,4
Canada,Male,45,5,3,Full time employment,1,4,1,1,1
Canada,Female,44,5,3,Not working,2,1,3,4,3
Canada,Female,40,6,3,Not working,1,1,1,1,3
Canada,Male,28,5,3,Full time employment,5,5,5,5,5
Canada,Male,42,5,3,Full time employment,2,5,3,4,2
Canada,Male,20,5,3,Full time employment,2,1,3,5,1
Canada,Male,19,Don't know,3,Other,3,3,3,3,3
Canada,Female,35,8 or more,3,Part time employment,5,5,5,5,5
Canada,Female,38,5,3,Full time employment,1,3,3,3,1
Canada,Male,50,5,3,Retired,2,1,2,2,5
Canada,Male,23,5,3,Unemployed,3,1,2,4,1
Canada,Female,39,4,3,Full time employment,4,2,4,4,1
Canada,Male,31,5,3,Full time employment,5,5,1,1,5
Canada,Male,41,6,3,Unemployed,1,3,1,2,5
Canada,Male,33,5,3,Not working,3,3,3,3,3
Canada,Male,18,5,3,Not working,4,2,4,3,4
Canada,Female,20,6,3,Part time employment,5,1,2,5,5
Canada,Male,28,3,3,Full time employment,3,2,4,3,2
Canada,Male,49,6,3,Full time employment,1,3,1,1,1
Canada,Male,30,3,3,Full time employment,5,5,5,5,1
Canada,Male,34,5,3,Unemployed,1,1,3,3,4
Canada,Male,68,3,3,Retired,1,2,2,2,2
Canada,Male,20,4,3,Other,4,3,3,2,3
Canada,Male,46,5,3,Full time employment,1,3,1,1,1
Canada,Female,48,3,3,Full time employment,3,3,3,2,2
Canada,Male,56,6,3,Unemployed,4,1,3,1,5
Canada,Male,30,3,3,Full time employment,1,1,1,3,1
Canada,Female,31,5,3,Not working,1,1,4,3,5
Canada,Female,64,3,3,Retired,1,1,3,4,3
Canada,Male,51,6,3,Unemployed,4,2,4,4,2
Canada,Male,26,6,3,Other,3,4,2,2,3
Canada,Female,69,3,3,Retired,4,5,5,5,5
Canada,Female,44,3,3,Full time employment,3,1,3,5,5
Canada,Female,45,5,3,Full time employment,5,1,4,2,2
Canada,Female,61,8 or more,3,Full time employment,1,5,1,1,1
Canada,Female,37,8 or more,3,Other,1,1,5,5,3
Canada,Male,44,3,3,Part time employment,1,1,3,4,4
Canada,Male,60,3,3,Retired,5,4,2,4,1
Canada,Female,32,3,3,Unemployed,3,3,1,1,3
Canada,Male,22,7,3,Unemployed,3,2,3,4,2
Canada,Female,26,Prefer not to say,3,Full time student,3,1,4,5,5
Canada,Male,19,3,3,Other,1,1,2,1,1
Canada,Male,31,3,3,Unemployed,5,1,5,5,5
Canada,Female,31,5,3,Part time employment,2,1,2,3,1
Canada,Male,44,5,3,Full time employment,2,4,1,1,1
Canada,Male,40,3,3,Not working,2,2,5,4,2
Canada,Female,36,3,3,Not working,4,1,5,5,3
Canada,Female,38,5,3,Full time employment,3,3,3,3,2
Canada,Female,61,3,3,Retired,2,3,1,1,1
Canada,Female,21,Prefer not to say,3,Full time student,5,3,4,2,3
Canada,Female,40,8 or more,3,Not working,5,1,5,1,4
Canada,Male,30,5,3,Full time employment,5,1,5,5,5
Canada,Male,33,7,3,Other,3,3,2,4,2
Canada,Female,30,3,3,Full time employment,2,2,3,3,2
Canada,Male,39,5,3,Full time employment,4,1,4,5,3
Canada,Female,36,6,3,Full time employment,5,5,1,3,3
Canada,Female,58,3,3,Full time employment,1,1,1,1,1
Canada,Male,38,5,3,Not working,2,3,2,4,3
Canada,Female,39,6,3,Part time employment,1,1,2,3,1
Canada,Female,37,3,3,Not working,5,1,5,5,5
Canada,Female,34,5,3,Full time employment,4,4,3,4,3
Canada,Female,40,3,3,Not working,4,4,3,3,3
Canada,Female,41,5,3,Not working,1,1,1,3,1
Canada,Female,41,3,3,Full time employment,1,2,1,1,2
Canada,Male,70,3,3,Retired,3,5,1,1,1
Canada,Male,28,3,3,Full time employment,5,1,5,5,5
Canada,Male,49,3,3,Full time employment,1,1,2,3,3
Canada,Female,50,Prefer not to say,3,Other,1,1,2,4,2
Canada,Female,53,3,3,Full time employment,3,1,3,3,3
Canada,Female,32,3,3,Full time employment,4,1,4,5,5
Canada,Female,41,5,3,Not working,1,1,3,3,3
Canada,Female,57,3,3,Full time employment,2,2,1,1,5
Canada,Female,77,3,3,Retired,1,2,3,2,2
Canada,Male,28,6,3,Full time employment,1,1,1,5,1
Canada,Female,41,3,3,Part time employment,5,1,5,5,5
Canada,Female,47,3,3,Not working,3,3,2,3,3
Canada,Female,37,3,3,Full time employment,1,1,5,5,5
Canada,Female,38,5,3,Not working,5,1,3,5,5
Canada,Male,60,6,3,Unemployed,3,4,2,2,2
Canada,Female,39,5,3,Full time employment,3,2,2,2,1
Canada,Male,48,4,3,Full time employment,2,1,2,4,4
Canada,Male,44,5,3,Full time employment,2,1,3,2,2
Canada,Female,48,5,2,Not working,5,1,5,5,4
Canada,Female,30,4,2,Other,5,4,1,1,1
Canada,Female,36,3,2,Not working,3,3,3,3,3
Canada,Female,31,4,2,Full time employment,4,4,2,4,1
Canada,Female,22,4,2,Full time employment,4,3,3,3,1
Canada,Female,51,4,2,Full time employment,2,1,2,1,1
Canada,Male,58,4,2,Part time employment,2,1,1,2,2
Canada,Female,54,2,2,Retired,2,1,2,2,2
Canada,Female,38,4,2,Full time employment,3,2,1,2,2
Canada,Female,44,4,2,Full time employment,3,4,3,3,1
Canada,Female,30,4,2,Full time employment,4,1,4,5,5
Canada,Female,31,4,2,Full time employment,3,2,2,2,1
Canada,Female,48,4,2,Unemployed,1,3,2,1,1
Canada,Female,39,4,2,Full time employment,2,2,2,2,2
Canada,Female,37,4,2,Not working,3,2,3,5,2
Canada,Female,32,3,2,Full time employment,1,2,2,2,1
Canada,Female,51,3,2,Full time employment,3,2,3,4,2
Canada,Female,50,3,2,Full time student,2,2,2,1,1
Canada,Female,52,4,2,Full time employment,5,5,5,5,5
Canada,Male,25,4,2,Unemployed,3,1,2,1,2
Canada,Female,72,2,2,Retired,1,3,1,1,1
Canada,Female,39,4,2,Full time employment,1,1,5,4,4
Canada,Female,30,4,2,Full time employment,3,1,4,4,5
Canada,Female,54,4,2,Not working,1,1,3,1,1
Canada,Female,37,4,2,Unemployed,5,5,1,1,1
Canada,Female,55,2,2,Not working,2,3,2,3,2
Canada,Female,30,4,2,Full time employment,3,1,3,4,3
Canada,Male,50,4,2,Not working,3,3,1,1,1
Canada,Female,20,4,2,Full time student,3,5,1,1,1
Canada,Female,33,4,2,Not working,3,1,5,5,3
Canada,Male,20,2,2,Not working,3,3,3,1,2
Canada,Female,30,4,2,Full time student,1,1,2,3,4
Canada,Female,41,4,2,Unemployed,1,1,1,1,1
Canada,Female,50,4,2,Unemployed,4,4,1,1,1
Canada,Female,30,4,2,Not working,4,1,1,4,4
Canada,Female,70,4,2,Retired,3,4,3,3,3
Canada,Female,53,5,2,Retired,3,5,4,4,4
Canada,Male,70,2,2,Part time employment,1,4,4,4,1
Canada,Female,46,2,2,Unemployed,3,1,2,2,4
Canada,Male,79,2,2,Retired,2,2,3,1,1
Canada,Female,68,2,2,Other,4,3,1,5,5
Canada,Male,58,3,2,Other,1,1,2,2,1
Canada,Male,55,5,2,Full time employment,4,5,1,2,1
Canada,Female,77,2,2,Retired,1,4,1,1,1
Canada,Male,43,6,2,Full time employment,2,3,3,3,1
Canada,Female,43,4,2,Part time employment,2,2,2,3,3
Canada,Male,29,4,2,Part time employment,3,4,3,1,1
Canada,Male,30,3,2,Full time employment,4,3,5,3,5
Canada,Male,22,5,2,Unemployed,5,1,5,5,5
Canada,Female,30,4,2,Unemployed,1,4,3,3,3
Canada,Female,52,5,2,Not working,3,1,3,3,3
Canada,Female,70,2,2,Other,3,1,2,3,3
Canada,Female,34,3,2,Not working,2,4,2,3,1
Canada,Female,65,2,2,Other,2,4,2,5,1
Canada,Female,41,4,2,Not working,1,1,4,5,5
Canada,Male,24,4,2,Full time employment,3,3,3,3,3
Canada,Male,33,4,2,Full time employment,4,4,3,3,4
Canada,Male,50,2,2,Full time employment,3,3,2,4,2
Canada,Male,39,2,2,Full time employment,4,4,3,4,2
Canada,Male,48,Prefer not to say,2,Other,1,1,3,2,5
Canada,Male,41,4,2,Full time employment,2,3,2,3,5
Canada,Male,71,2,2,Retired,4,3,1,1,1
Canada,Male,40,5,2,Full time employment,5,1,4,5,3
Canada,Male,38,4,2,Full time employment,2,1,3,1,1
Canada,Male,44,6,2,Full time employment,3,3,3,3,3
Canada,Female,42,2,2,Full time employment,5,1,5,5,5
Canada,Female,30,4,2,Other,5,3,1,1,1
Canada,Male,20,5,2,Full time student,5,5,2,3,4
Canada,Male,46,4,2,Full time employment,5,1,5,5,2
Canada,Female,25,2,2,Not working,3,3,3,3,3
Canada,Male,34,4,2,Part time employment,1,1,3,3,3
Canada,Male,39,6,2,Full time employment,1,3,1,1,1
Canada,Female,44,3,2,Full time employment,3,3,3,3,3
Canada,Female,35,4,2,Full time employment,4,1,3,5,4
Canada,Female,39,4,2,Part time employment,1,1,1,1,1
Canada,Male,34,4,2,Not working,2,1,5,5,1
Canada,Female,33,4,2,Not working,3,3,3,5,5
Canada,Male,56,2,2,Full time employment,3,3,2,1,5
Canada,Male,20,4,2,Part time employment,4,5,3,4,4
Canada,Male,61,2,2,Retired,1,2,2,1,1
Canada,Female,23,4,2,Full time employment,2,2,1,4,1
Canada,Male,30,Don't know,2,Full time employment,5,5,5,5,5
Canada,Male,37,4,2,Retired,4,3,2,2,1
Canada,Male,47,6,2,Part time employment,4,3,3,4,3
Canada,Male,54,3,2,Not working,2,3,3,3,4
Canada,Female,19,6,2,Full time student,1,5,5,1,2
Canada,Female,40,4,2,Unemployed,3,2,3,3,3
Canada,Female,56,2,2,Unemployed,3,1,3,5,2
Canada,Male,44,1,2,Unemployed,5,2,4,5,1
Canada,Female,68,5,2,Retired,1,3,1,1,1
Canada,Female,26,2,2,Full time student,4,1,2,3,1
Canada,Female,35,4,2,Full time employment,1,1,1,1,1
Canada,Female,18,5,2,Full time student,2,5,3,2,1
Canada,Female,60,2,2,Full time employment,2,1,3,1,1
Canada,Female,41,4,2,Unemployed,4,3,1,1,1
Canada,Male,59,7,2,Retired,2,1,3,3,4
Canada,Female,37,5,2,Unemployed,3,3,3,3,3
Canada,Female,50,2,2,Not working,2,2,4,3,3
Canada,Male,77,2,2,Retired,2,4,1,1,1
Canada,Female,24,4,2,Not working,5,1,3,5,3
Canada,Male,80,2,2,Retired,2,1,3,1,1
Canada,Male,31,2,2,Other,3,5,3,3,3
Canada,Female,33,2,2,Full time employment,1,1,1,1,1
Canada,Female,34,4,2,Not working,3,4,3,3,3
Canada,Female,58,4,2,Other,1,5,1,3,3
Canada,Female,40,6,2,Full time employment,1,1,1,1,3
Canada,Female,41,4,2,Not working,4,2,1,3,3
Canada,Male,61,6,2,Not working,1,3,1,1,1
Canada,Female,77,2,2,Retired,4,4,2,2,2
Canada,Female,62,2,2,Not working,2,1,2,2,1
Canada,Male,18,5,2,Part time employment,4,2,4,4,5
Canada,Male,23,6,2,Part time employment,1,3,1,1,1
Canada,Male,53,2,2,Part time employment,1,1,1,1,1
Canada,Male,48,4,2,Unemployed,1,3,2,1,2
Canada,Male,40,6,2,Not working,1,3,3,2,1
Canada,Female,24,5,2,Unemployed,3,3,3,3,3
Canada,Male,48,3,2,Full time employment,3,3,3,3,5
Canada,Female,28,4,2,Not working,3,2,2,1,1
Canada,Female,44,2,2,Other,1,1,5,3,5
Canada,Male,51,4,2,Full time employment,4,4,4,4,2
Canada,Female,58,5,2,Full time employment,4,1,3,3,2
Canada,Male,48,4,2,Full time employment,4,2,1,1,1
Canada,Male,19,5,2,Full time student,4,3,2,3,2
Canada,Male,45,2,2,Full time employment,1,1,3,1,3
Canada,Male,18,7,2,Full time student,3,1,3,3,1
Canada,Male,22,5,2,Not working,3,4,2,3,2
Canada,Male,32,4,2,Unemployed,5,1,4,5,5
Canada,Male,42,3,2,Part time employment,5,1,5,5,5
Canada,Female,32,5,2,Not working,2,3,1,3,2
Canada,Female,27,3,2,Full time student,2,1,2,4,2
Canada,Female,38,5,2,Full time employment,4,2,2,4,4
Canada,Male,47,4,2,Not working,2,1,1,2,3
Canada,Male,37,4,2,Retired,3,3,2,2,1
Canada,Male,43,4,2,Full time employment,1,1,1,1,5
Canada,Female,38,4,2,Full time employment,2,2,2,3,1
Canada,Male,41,4,2,Full time employment,2,2,3,2,1
Canada,Male,67,2,2,Retired,5,5,1,2,2
Canada,Female,55,2,2,Other,2,3,2,1,2
Canada,Male,59,2,2,Full time employment,2,3,2,1,1
Canada,Female,77,2,2,Retired,1,2,1,1,2
Canada,Female,40,4,2,Full time employment,4,1,2,5,4
Canada,Female,32,4,2,Part time employment,3,2,3,3,3
Canada,Female,42,4,2,Full time employment,3,1,2,3,2
Canada,Female,35,2,2,Part time employment,4,3,1,1,1
Canada,Female,21,5,2,Full time employment,5,3,2,3,1
Canada,Female,25,3,2,Not working,4,1,4,5,3
Canada,Male,33,4,2,Full time employment,3,4,3,3,4
Canada,Male,63,4,2,Full time student,3,1,2,1,1
Canada,Female,68,5,2,Retired,1,2,1,1,1
Canada,Female,66,2,2,Retired,3,5,1,1,1
Canada,Female,29,2,2,Full time employment,4,2,2,2,1
Canada,Male,75,2,2,Retired,4,3,1,1,1
Canada,Female,36,4,2,Full time employment,2,2,1,1,1
Canada,Female,31,4,2,Full time employment,3,4,1,1,1
Canada,Female,29,2,2,Unemployed,5,3,1,1,1
Canada,Female,62,4,2,Retired,1,1,3,4,1
Canada,Female,36,4,2,Full time employment,3,1,5,5,5
Canada,Female,37,4,2,Unemployed,3,1,3,3,3
Canada,Male,19,5,2,Full time student,4,2,1,3,4
Canada,Female,39,5,2,Full time student,1,1,3,5,4
Canada,Female,57,4,2,Part time employment,2,3,1,1,1
Canada,Female,41,4,2,Unemployed,3,3,3,3,3
Canada,Female,18,6,2,Full time student,1,1,4,2,4
Canada,Female,51,1,2,Full time employment,1,1,2,5,3
Canada,Male,48,Prefer not to say,2,Other,1,1,4,2,4
Canada,Female,41,3,2,Full time employment,4,5,1,5,5
Canada,Female,53,4,2,Full time employment,3,3,3,3,1
Canada,Female,30,2,2,Full time employment,4,3,1,1,1
Canada,Female,63,2,2,Full time employment,3,4,3,3,3
Canada,Female,28,4,2,Not working,5,1,2,5,3
Canada,Female,47,2,2,Full time employment,1,1,3,3,3
Canada,Female,70,2,2,Retired,3,4,1,2,3
Canada,Male,55,3,2,Full time employment,3,1,3,5,5
Canada,Male,40,5,2,Full time employment,5,1,5,5,5
Canada,Female,51,5,2,Other,1,1,1,3,5
Canada,Female,30,4,2,Not working,3,1,1,3,1
Canada,Female,64,2,2,Part time employment,2,2,2,3,2
Canada,Female,40,4,2,Full time employment,3,3,3,3,3
Canada,Female,71,2,2,Retired,2,3,2,2,2
Canada,Female,26,4,2,Full time employment,2,1,1,5,1
Canada,Female,50,4,2,Full time employment,1,1,1,5,4
Canada,Female,34,4,2,Full time employment,2,2,2,2,2
Canada,Female,40,4,2,Full time employment,5,1,3,4,3
Canada,Female,36,4,2,Full time employment,3,4,1,1,5
Canada,Female,63,2,2,Full time employment,3,3,3,4,1
Canada,Female,37,4,2,Full time employment,5,2,2,3,1
Canada,Male,74,2,2,Retired,3,3,1,3,4
Canada,Male,65,2,2,Full time employment,2,3,2,1,1
Canada,Male,47,4,2,Unemployed,3,1,5,5,5
Canada,Female,43,2,2,Not working,1,1,1,3,3
Canada,Female,44,4,2,Other,4,2,1,1,1
Canada,Female,56,2,2,Not working,3,5,5,1,1
Canada,Male,46,2,2,Full time employment,5,3,2,5,3
Canada,Female,49,2,2,Full time employment,2,4,2,1,1
Canada,Female,44,Prefer not to say,2,Other,1,1,2,1,1
Canada,Male,70,2,2,Retired,2,4,2,3,1
Canada,Male,54,4,2,Full time employment,3,2,2,2,2
Canada,Female,43,6,2,Full time employment,5,2,2,5,4
Canada,Female,44,4,2,Not working,2,3,1,5,1
Canada,Female,51,4,2,Full time employment,2,3,1,1,1
Canada,Female,55,2,2,Full time employment,3,2,4,4,4
Canada,Male,43,Don't know,2,Full time employment,5,5,5,5,3
Canada,Male,19,Prefer not to say,2,Other,1,1,5,1,2
Canada,Male,47,4,2,Full time employment,4,3,4,4,5
Canada,Female,38,4,2,Full time employment,1,3,1,1,2
Canada,Female,57,4,2,Full time student,3,1,2,3,2
Canada,Male,20,Prefer not to say,2,Other,1,1,1,1,1
Canada,Female,22,5,2,Part time employment,3,1,2,3,1
Canada,Male,18,4,2,Part time employment,1,1,4,5,5
Canada,Male,18,5,2,Full time student,3,1,2,3,4
Canada,Male,28,6,2,Not working,2,1,3,5,5
Canada,Male,44,4,2,Full time employment,4,1,4,5,5
Canada,Male,51,4,2,Full time employment,3,3,3,3,2
Canada,Female,20,5,2,Part time employment,2,2,1,1,1
Canada,Male,61,2,2,Retired,3,4,3,4,1
Canada,Male,62,Prefer not to say,2,Retired,5,1,5,5,5
Canada,Male,63,2,2,Retired,3,3,1,1,1
Canada,Female,30,4,2,Not working,3,3,3,3,2
Canada,Male,59,5,2,Full time employment,3,3,2,2,2
Canada,Female,29,8 or more,2,Full time employment,1,2,1,1,1
Canada,Female,28,2,2,Part time employment,1,2,2,2,1
Canada,Female,49,2,2,Not working,1,1,5,5,5
Canada,Female,38,4,2,Not working,2,3,3,3,3
Canada,Female,31,3,2,Not working,4,5,4,1,2
Canada,Female,33,4,2,Full time employment,1,1,2,3,2
Canada,Female,34,5,2,Full time employment,4,3,1,4,4
Canada,Female,45,4,2,Full time employment,1,3,4,1,5
Canada,Male,44,2,2,Full time employment,4,4,3,4,1
Canada,Female,50,3,2,Not working,1,1,2,1,1
Canada,Male,65,2,2,Retired,4,3,1,1,1
Canada,Female,55,4,2,Not working,2,1,5,3,2
Canada,Male,37,4,2,Full time employment,3,1,3,4,3
Canada,Male,37,3,2,Full time employment,4,3,3,4,3
Canada,Male,47,6,2,Unemployed,3,4,4,4,4
Canada,Male,32,Don't know,2,Other,3,3,4,4,4
Canada,Male,30,4,2,Full time employment,1,4,3,1,1
Canada,Male,65,1,2,Unemployed,2,1,2,2,2
Canada,Male,53,4,2,Unemployed,3,2,2,2,1
Canada,Male,22,8 or more,2,Full time student,3,3,3,5,4
Canada,Male,32,4,2,Full time employment,1,1,1,1,1
Canada,Female,39,2,2,Part time employment,4,1,5,5,5
Canada,Female,52,3,2,Unemployed,5,1,5,5,5
Canada,Female,47,3,2,Full time employment,2,2,2,5,3
Canada,Female,30,4,2,Unemployed,2,4,2,3,1
Canada,Female,33,4,2,Part time employment,5,1,4,5,4
Canada,Female,26,4,2,Not working,5,3,4,5,5
Canada,Female,32,4,2,Full time employment,1,4,1,1,1
Canada,Female,61,2,2,Part time employment,2,3,1,1,1
Canada,Female,48,4,2,Full time employment,3,2,1,1,1
Canada,Female,55,2,2,Unemployed,3,3,1,1,1
Canada,Female,66,2,2,Retired,5,2,1,1,1
Canada,Female,60,2,2,Retired,3,3,3,3,5
Canada,Male,28,3,2,Full time employment,3,4,4,3,2
Canada,Male,69,2,2,Retired,2,3,1,1,1
Canada,Female,49,2,1,Full time employment,3,2,3,1,1
Canada,Female,37,4,1,Full time employment,2,3,2,3,2
Canada,Female,51,2,1,Full time employment,2,4,2,2,2
Canada,Female,35,3,1,Not working,1,3,1,1,1
Canada,Female,42,2,1,Full time employment,3,1,1,3,1
Canada,Female,57,1,1,Unemployed,4,4,4,4,3
Canada,Female,54,2,1,Full time employment,4,1,3,5,3
Canada,Female,47,4,1,Part time employment,4,2,2,4,1
Canada,Female,31,3,1,Part time employment,1,1,1,2,4
Canada,Female,36,2,1,Full time employment,2,2,2,4,4
Canada,Female,75,1,1,Retired,4,2,1,5,1
Canada,Female,33,2,1,Unemployed,5,1,5,1,5
Canada,Female,40,4,1,Not working,4,2,4,4,3
Canada,Female,29,3,1,Full time employment,1,2,2,2,3
Canada,Female,48,5,1,Not working,1,2,2,1,1
Canada,Female,52,1,1,Full time employment,2,1,2,5,5
Canada,Female,31,3,1,Full time employment,2,3,2,3,2
Canada,Female,34,3,1,Other,1,1,1,5,1
Canada,Female,42,4,1,Full time student,2,4,1,2,1
Canada,Female,29,3,1,Full time employment,2,1,3,3,1
Canada,Female,72,2,1,Retired,2,3,2,3,1
Canada,Female,29,3,1,Full time employment,2,2,3,3,3
Canada,Female,36,3,1,Full time employment,3,2,2,2,1
Canada,Female,55,2,1,Not working,1,1,5,5,5
Canada,Female,30,3,1,Full time employment,4,1,3,3,5
Canada,Male,41,1,1,Unemployed,3,4,1,1,1
Canada,Female,47,4,1,Full time employment,1,1,1,1,1
Canada,Male,66,4,1,Retired,2,2,1,1,1
Canada,Female,50,2,1,Part time employment,3,1,3,5,1
Canada,Female,36,2,1,Part time employment,4,3,1,1,1
Canada,Female,18,5,1,Full time employment,5,1,5,5,5
Canada,Female,45,3,1,Part time employment,1,1,2,3,3
Canada,Female,66,4,1,Retired,3,1,5,5,5
Canada,Male,42,2,1,Full time employment,2,2,3,3,3
Canada,Female,29,5,1,Unemployed,4,1,2,5,5
Canada,Female,22,2,1,Full time employment,1,1,1,1,1
Canada,Female,36,3,1,Full time employment,1,1,4,1,1
Canada,Female,75,1,1,Retired,2,3,1,1,1
Canada,Male,22,3,1,Unemployed,1,1,4,5,4
Canada,Female,46,4,1,Unemployed,1,1,3,3,3
Canada,Female,35,3,1,Full time employment,2,1,1,2,1
Canada,Male,41,3,1,Full time employment,2,1,1,2,1
Canada,Female,28,7,1,Full time employment,1,1,3,4,3
Canada,Male,55,5,1,Unemployed,3,3,3,3,4
Canada,Female,42,2,1,Not working,3,3,3,3,2
Canada,Male,51,4,1,Unemployed,1,1,2,3,2
Canada,Female,43,2,1,Unemployed,5,5,5,5,5
Canada,Female,55,3,1,Full time employment,2,2,3,3,4
Canada,Male,40,3,1,Full time employment,1,4,1,1,1
Canada,Male,25,3,1,Full time employment,4,1,4,4,3
Canada,Male,21,3,1,Full time student,1,2,3,3,3
Canada,Male,18,6,1,Full time student,3,2,4,3,3
Canada,Male,52,1,1,Retired,5,1,5,5,5
Canada,Male,29,3,1,Part time employment,2,2,5,1,5
Canada,Female,32,2,1,Unemployed,4,1,5,5,5
Canada,Female,42,4,1,Full time employment,2,3,1,3,4
Canada,Male,18,4,1,Full time student,5,4,2,5,5
Canada,Female,23,6,1,Full time student,3,4,4,3,3
Canada,Male,22,4,1,Part time employment,3,5,1,3,1
Canada,Male,58,3,1,Full time employment,2,2,3,4,2
Canada,Female,19,5,1,Unemployed,2,1,3,4,2
Canada,Female,20,5,1,Full time student,3,1,3,3,3
Canada,Female,35,3,1,Not working,3,3,3,3,5
Canada,Female,43,2,1,Full time employment,1,5,1,1,1
Canada,Male,51,3,1,Full time employment,1,1,2,1,1
Canada,Female,44,3,1,Not working,3,1,4,5,5
Canada,Male,47,3,1,Full time employment,3,2,3,3,1
Canada,Male,37,Prefer not to say,1,Unemployed,3,2,3,4,2
Canada,Male,44,4,1,Full time employment,2,1,2,3,5
Canada,Male,40,3,1,Full time employment,3,5,2,2,1
Canada,Male,29,1,1,Part time employment,5,1,5,5,5
Canada,Female,36,2,1,Other,5,5,3,5,4
Canada,Male,72,3,1,Retired,5,1,4,5,5
Canada,Male,51,3,1,Full time employment,4,3,2,2,1
Canada,Male,70,3,1,Part time employment,4,4,1,2,1
Canada,Male,50,1,1,Other,3,4,4,3,1
Canada,Male,70,3,1,Retired,1,1,5,5,5
Canada,Male,33,3,1,Full time employment,2,3,1,1,1
Canada,Female,40,4,1,Not working,3,1,5,5,5
Canada,Male,62,1,1,Full time employment,3,3,2,3,3
Canada,Female,47,4,1,Part time employment,3,2,1,1,1
Canada,Female,19,5,1,Not working,3,2,2,3,1
Canada,Male,33,Don't know,1,Part time employment,2,2,1,2,5
Canada,Male,64,1,1,Other,5,1,5,5,5
Canada,Male,32,1,1,Full time employment,1,3,2,1,2
Canada,Male,63,3,1,Full time employment,3,1,5,5,5
Canada,Male,38,3,1,Full time employment,5,5,5,5,5
Canada,Female,30,3,1,Unemployed,4,5,2,4,3
Canada,Male,28,4,1,Full time employment,2,4,1,1,1
Canada,Female,65,4,1,Retired,1,2,2,1,2
Canada,Male,55,5,1,Unemployed,1,2,1,1,1
Canada,Male,51,5,1,Part time employment,1,1,1,1,1
Canada,Male,52,2,1,Other,2,3,3,3,3
Canada,Female,49,3,1,Full time employment,5,2,3,5,5
Canada,Female,44,3,1,Not working,2,3,3,3,1
Canada,Female,53,4,1,Part time employment,1,2,1,1,1
Canada,Female,69,1,1,Retired,1,3,1,1,1
Canada,Female,50,3,1,Full time employment,2,4,2,1,1
Canada,Male,26,1,1,Unemployed,5,1,1,5,5
Canada,Female,70,1,1,Retired,3,4,1,1,1
Canada,Female,33,4,1,Full time employment,1,1,3,5,2
Canada,Female,29,3,1,Full time employment,3,2,1,2,1
Canada,Female,32,3,1,Part time employment,2,1,2,1,1
Canada,Male,74,1,1,Retired,3,1,5,5,5
Canada,Male,19,3,1,Full time employment,1,1,1,1,1
Canada,Female,33,4,1,Part time employment,3,1,2,3,1
Canada,Female,28,6,1,Full time employment,2,2,1,1,1
Canada,Female,56,4,1,Not working,1,3,1,1,1
Canada,Female,55,3,1,Other,3,1,3,3,3
Canada,Male,56,1,1,Unemployed,1,2,1,1,4
Canada,Female,70,1,1,Part time employment,2,2,1,1,1
Canada,Male,38,3,1,Full time employment,2,3,2,1,1
Canada,Male,39,1,1,Part time employment,5,1,4,5,5
Canada,Female,58,3,1,Not working,1,3,1,1,1
Canada,Female,60,4,1,Retired,1,3,2,1,1
Canada,Female,46,4,1,Full time employment,4,1,1,3,2
Canada,Female,24,5,1,Full time employment,3,3,1,5,1
Canada,Female,20,7,1,Full time student,5,1,1,5,5
Canada,Male,64,3,1,Full time employment,1,4,1,1,1
Canada,Female,22,5,1,Unemployed,3,1,3,4,2
Canada,Male,48,4,1,Full time employment,2,3,3,3,1
Canada,Female,25,3,1,Unemployed,5,1,2,5,4
Canada,Female,33,1,1,Not working,3,5,1,1,1
Canada,Female,73,1,1,Retired,5,5,1,4,1
Canada,Male,58,1,1,Not working,5,5,1,1,1
Canada,Female,20,4,1,Unemployed,4,4,4,1,5
Canada,Female,69,1,1,Retired,1,2,1,1,1
Canada,Female,18,4,1,Unemployed,5,1,5,5,5
Canada,Female,45,2,1,Part time employment,2,2,2,3,2
Canada,Female,58,4,1,Not working,1,1,4,1,1
Canada,Female,20,5,1,Full time student,4,4,2,4,4
Canada,Male,21,2,1,Full time employment,1,1,3,5,5
Canada,Female,52,3,1,Not working,1,3,2,1,1
Canada,Male,65,4,1,Full time employment,1,5,1,1,1
Canada,Male,45,4,1,Not working,3,1,3,2,2
Canada,Male,18,4,1,Part time employment,4,3,3,4,3
Canada,Male,24,3,1,Full time employment,2,3,2,2,1
Canada,Female,68,4,1,Retired,1,1,1,1,1
Canada,Female,27,5,1,Full time student,4,3,1,2,5
Canada,Female,26,1,1,Full time employment,3,2,2,4,2
Canada,Female,57,1,1,Full time employment,1,1,1,1,1
Canada,Female,33,3,1,Unemployed,3,5,5,1,5
Canada,Female,35,3,1,Unemployed,1,2,1,2,1
Canada,Female,20,4,1,Other,3,5,5,3,5
Canada,Female,65,1,1,Retired,5,5,3,1,1
Canada,Male,40,3,1,Not working,4,4,2,1,1
Canada,Male,34,1,1,Other,1,1,5,1,5
Canada,Male,38,3,1,Full time employment,2,3,2,2,1
Canada,Male,36,3,1,Full time employment,2,1,1,2,1
Canada,Male,41,3,1,Full time employment,3,3,2,3,1
Canada,Male,46,3,1,Full time employment,2,3,2,2,2
Canada,Male,29,6,1,Full time employment,5,1,5,5,5
Canada,Male,35,1,1,Retired,3,3,3,3,3
Canada,Male,37,5,1,Full time student,1,1,2,2,3
Canada,Male,43,Don't know,1,Full time employment,5,1,5,5,5
Canada,Female,18,3,1,Not working,3,2,3,3,3
Canada,Female,23,3,1,Full time employment,2,1,4,5,5
Canada,Male,63,3,1,Full time employment,1,5,4,1,5
Canada,Female,29,2,1,Part time employment,4,4,4,4,1
Canada,Female,28,3,1,Unemployed,5,5,4,4,5
Canada,Male,46,4,1,Full time employment,3,1,2,3,4
Canada,Female,44,3,1,Part time employment,3,3,1,1,1
Canada,Female,58,1,1,Unemployed,3,3,1,1,1
Canada,Female,67,4,1,Retired,1,1,2,1,1
Canada,Female,34,3,1,Full time employment,3,4,2,2,2
Canada,Female,26,1,1,Full time employment,3,1,3,3,4
Canada,Female,58,6,1,Part time employment,2,3,1,1,1
Canada,Female,36,1,1,Part time employment,2,3,3,4,4
Canada,Female,40,3,1,Not working,3,3,2,3,3
Canada,Male,21,4,1,Full time student,4,4,1,2,1
Canada,Male,47,3,1,Full time employment,3,3,3,2,1
Canada,Female,60,4,1,Retired,1,2,1,1,5
Canada,Male,51,4,1,Full time employment,3,3,3,3,2
Canada,Male,62,4,1,Full time employment,3,1,3,3,3
Canada,Female,43,3,1,Unemployed,4,4,3,3,3
Canada,Female,52,2,1,Other,1,1,1,1,3
Canada,Male,31,3,1,Full time employment,2,3,1,2,1
Canada,Female,23,3,1,Full time employment,1,1,1,1,1
Canada,Male,44,4,1,Full time employment,4,1,4,5,5
Canada,Female,33,5,1,Full time employment,1,1,3,4,1
Canada,Female,55,1,1,Unemployed,1,1,1,5,3
Canada,Female,21,4,1,Full time student,4,1,2,2,1
Canada,Female,24,4,1,Full time student,2,4,1,1,1
Canada,Female,45,4,1,Part time employment,1,1,3,1,2
Canada,Male,60,1,1,Retired,5,5,2,5,1
Canada,Female,35,3,1,Full time employment,2,2,2,3,2
Canada,Female,32,1,1,Full time employment,4,4,2,1,5
Canada,Male,33,3,1,Full time employment,4,4,1,1,1
Canada,Male,51,2,1,Full time employment,1,2,2,3,1
Canada,Female,35,3,1,Full time employment,2,3,3,3,4
Canada,Female,68,4,1,Retired,4,3,2,1,1
Canada,Male,29,3,1,Full time student,3,4,1,1,1
Canada,Female,66,3,1,Retired,2,1,1,1,1
Canada,Female,42,5,1,Unemployed,5,1,3,5,5
Canada,Male,58,1,1,Not working,2,5,1,5,1
Canada,Female,27,2,1,Full time employment,5,1,3,5,4
Canada,Female,50,3,1,Other,1,4,4,1,1
Canada,Male,61,3,1,Full time employment,4,5,1,1,1
Canada,Female,34,1,1,Full time employment,4,1,2,3,1
Canada,Female,40,3,1,Full time employment,3,2,3,3,3
Canada,Female,56,1,1,Retired,4,1,3,5,1
Canada,Female,42,3,1,Other,4,1,5,5,5
Canada,Male,46,3,1,Full time employment,2,2,2,2,1
Canada,Female,32,3,1,Full time employment,1,1,3,3,3
Canada,Female,49,3,1,Full time employment,1,2,3,2,4
Canada,Female,25,3,1,Full time employment,4,1,4,3,5
Canada,Female,20,5,1,Full time student,5,5,1,1,1
Canada,Female,44,3,1,Not working,1,2,1,1,1
Canada,Female,36,2,1,Full time employment,1,2,3,1,1
Canada,Female,40,3,1,Full time employment,1,5,1,5,1
Canada,Female,48,3,1,Not working,1,4,3,1,1
Canada,Female,52,2,1,Part time employment,4,5,3,3,4
Canada,Male,37,2,1,Part time employment,4,1,5,5,5
Canada,Male,70,3,1,Retired,1,1,5,5,5
Canada,Female,42,3,1,Part time employment,1,2,3,2,5
Canada,Female,70,1,1,Retired,3,1,1,1,1
Canada,Female,33,4,1,Full time employment,3,1,3,4,3
Canada,Female,39,3,1,Not working,4,3,2,1,1
Canada,Female,55,3,1,Unemployed,1,1,2,3,2
Canada,Female,44,3,1,Part time employment,3,3,1,4,1
Canada,Female,25,3,1,Full time employment,3,1,4,4,1
Canada,Female,29,2,1,Unemployed,4,1,4,5,5
Canada,Female,50,3,1,Not working,4,3,4,4,3
Canada,Male,33,3,1,Unemployed,3,1,3,3,3
Canada,Female,46,2,1,Other,2,5,1,2,1
Canada,Female,45,3,1,Unemployed,1,1,2,3,3
Canada,Female,50,2,1,Full time employment,1,3,3,5,3
Canada,Male,46,1,1,Unemployed,5,1,5,5,5
Canada,Male,55,3,1,Unemployed,2,2,2,2,5
Canada,Female,38,3,1,Full time employment,3,1,5,5,5
Canada,Female,48,5,1,Part time employment,3,3,3,3,2
Canada,Female,45,3,1,Full time employment,1,1,4,4,3
Canada,Female,56,4,1,Retired,2,2,2,2,1
Canada,Male,18,Don't know,1,Part time employment,5,4,2,3,1
Canada,Male,45,Don't know,1,Full time employment,5,4,1,4,1
Canada,Male,25,5,1,Full time student,1,5,2,4,1
Canada,Female,35,2,1,Full time employment,4,1,2,3,3
Canada,Female,20,4,1,Full time student,1,1,1,1,1
Canada,Female,19,4,1,Full time student,4,4,1,1,1
Canada,Female,18,6,1,Part time employment,1,4,1,1,1
Canada,Female,19,3,1,Full time student,5,1,3,3,3
Canada,Female,18,4,1,Full time employment,1,5,1,1,1
Canada,Female,33,3,1,Part time employment,1,5,1,1,1
Canada,Female,30,4,1,Full time employment,2,1,3,3,4
Canada,Female,49,1,1,Not working,4,5,5,5,5
Canada,Female,46,4,1,Full time employment,4,2,3,3,2
Canada,Female,57,5,1,Unemployed,3,1,3,5,3
Canada,Male,57,1,1,Retired,4,5,1,1,1
Canada,Male,41,7,1,Unemployed,3,1,4,4,5
Canada,Female,42,Prefer not to say,1,Not working,3,3,3,3,3
Canada,Male,36,1,1,Unemployed,3,1,4,4,4
Canada,Male,24,Prefer not to say,1,Part time employment,5,1,5,5,5
Canada,Male,36,3,1,Part time employment,1,1,5,5,5
Canada,Male,70,4,1,Retired,4,2,3,4,3
Canada,Male,53,4,1,Full time employment,3,1,4,3,3
Canada,Male,49,5,1,Full time employment,1,1,2,1,1
Canada,Male,19,3,1,Full time student,3,1,1,1,1
Canada,Male,48,4,1,Full time employment,3,3,3,4,1
Canada,Male,42,1,1,Not working,2,1,3,2,1
Canada,Male,29,3,1,Full time employment,1,1,4,2,4
Canada,Male,48,1,1,Full time employment,3,1,4,3,3
Canada,Male,64,1,1,Unemployed,3,3,5,3,3
Canada,Female,26,1,1,Full time employment,4,5,2,1,1
Canada,Female,35,4,1,Full time employment,5,1,2,5,2
Canada,Female,34,3,1,Full time employment,3,2,3,3,1
Canada,Female,52,4,1,Part time employment,5,1,5,5,5
Canada,Male,71,1,1,Retired,1,2,2,1,1
Canada,Female,46,3,1,Full time employment,4,1,4,3,5
Canada,Male,51,4,1,Part time employment,1,1,1,1,1
Canada,Male,75,3,1,Retired,3,2,2,1,2
Canada,Male,58,1,1,Retired,1,1,4,5,3
Canada,Male,44,2,1,Other,4,4,5,1,1
Canada,Male,42,3,1,Other,5,1,5,5,5
Canada,Male,54,3,1,Full time employment,5,1,1,3,1
Canada,Male,40,1,1,Part time employment,5,1,4,5,5
Canada,Male,19,4,1,Unemployed,4,4,1,2,1
Canada,Female,23,2,0,Full time employment,4,2,3,4,1
Canada,Female,71,2,0,Retired,4,3,1,1,1
Canada,Male,78,2,0,Retired,3,3,3,3,3
Canada,Female,71,2,0,Retired,2,2,2,1,1
Canada,Female,61,2,0,Retired,2,3,1,1,1
Canada,Female,68,3,0,Retired,1,1,5,1,5
Canada,Female,51,2,0,Unemployed,1,1,1,1,1
Canada,Female,22,3,0,Full time student,4,1,3,4,3
Canada,Female,46,2,0,Full time employment,2,1,4,4,5
Canada,Female,63,2,0,Full time employment,3,2,2,4,4
Canada,Female,58,3,0,Retired,3,2,1,3,2
Canada,Female,56,2,0,Retired,1,3,1,5,1
Canada,Female,24,2,0,Full time employment,4,1,4,2,5
Canada,Female,57,2,0,Full time employment,2,2,1,1,1
Canada,Male,68,2,0,Retired,4,1,3,5,4
Canada,Female,63,6,0,Retired,1,5,1,5,1
Canada,Female,62,2,0,Unemployed,1,3,2,1,1
Canada,Female,64,2,0,Retired,1,1,1,1,1
Canada,Female,59,1,0,Retired,3,3,4,3,4
Canada,Female,67,2,0,Retired,3,2,3,3,2
Canada,Female,75,1,0,Retired,1,3,1,1,1
Canada,Female,54,2,0,Not working,1,1,3,3,4
Canada,Female,44,4,0,Full time employment,1,1,2,1,1
Canada,Female,75,1,0,Retired,3,5,1,1,1
Canada,Female,57,3,0,Full time employment,1,1,1,1,1
Canada,Female,76,1,0,Retired,1,2,1,1,1
Canada,Female,65,2,0,Retired,2,3,1,1,1
Canada,Female,20,2,0,Full time student,5,1,3,5,5
Canada,Male,72,1,0,Retired,4,1,4,5,3
Canada,Female,65,1,0,Retired,1,1,5,3,4
Canada,Male,71,2,0,Retired,4,2,1,1,1
Canada,Male,79,4,0,Retired,2,2,2,2,1
Canada,Male,64,2,0,Full time employment,2,1,2,3,2
Canada,Female,53,2,0,Full time employment,1,1,1,1,1
Canada,Female,67,2,0,Part time employment,1,2,2,1,1
Canada,Male,59,1,0,Unemployed,5,1,3,4,2
Canada,Female,56,2,0,Not working,1,2,3,2,2
Canada,Female,68,2,0,Retired,5,4,3,3,1
Canada,Female,54,1,0,Full time employment,2,2,1,1,1
Canada,Female,65,1,0,Retired,3,1,4,5,5
Canada,Female,72,1,0,Retired,1,3,1,1,1
Canada,Female,73,2,0,Retired,4,3,2,3,1
Canada,Female,47,2,0,Other,2,1,3,3,1
Canada,Female,65,2,0,Retired,3,1,3,5,5
Canada,Female,64,2,0,Part time employment,3,3,3,3,4
Canada,Male,60,2,0,Retired,3,3,3,3,3
Canada,Male,22,1,0,Full time student,2,1,3,4,2
Canada,Male,56,1,0,Unemployed,3,3,1,1,1
Canada,Male,58,1,0,Retired,1,1,3,1,1
Canada,Female,58,3,0,Not working,2,2,1,2,2
Canada,Female,59,2,0,Retired,2,2,2,4,3
Canada,Male,77,2,0,Retired,3,3,2,3,1
Canada,Female,27,2,0,Unemployed,2,2,1,2,2
Canada,Female,68,1,0,Unemployed,1,5,2,1,1
Canada,Female,18,3,0,Full time student,3,1,4,3,3
Canada,Female,52,4,0,Full time employment,2,1,1,1,1
Canada,Male,34,2,0,Unemployed,2,1,1,5,3
Canada,Female,41,3,0,Part time employment,3,2,2,5,1
Canada,Female,55,3,0,Retired,1,3,2,1,1
Canada,Female,70,3,0,Retired,1,2,2,1,1
Canada,Male,60,1,0,Other,2,1,4,1,1
Canada,Female,42,Prefer not to say,0,Full time employment,1,5,5,1,1
Canada,Female,58,2,0,Full time employment,5,2,3,5,4
Canada,Female,62,4,0,Retired,3,2,3,4,4
Canada,Female,47,2,0,Full time employment,1,3,3,1,1
Canada,Female,58,3,0,Not working,3,1,3,5,3
Canada,Male,76,2,0,Retired,3,3,3,5,1
Canada,Male,37,1,0,Unemployed,1,1,1,5,1
Canada,Female,62,2,0,Not working,1,3,3,3,1
Canada,Female,26,3,0,Full time student,5,4,2,3,1
Canada,Female,76,1,0,Retired,1,5,1,1,1
Canada,Male,37,1,0,Unemployed,3,3,2,2,1
Canada,Female,78,2,0,Retired,2,3,2,2,1
Canada,Male,60,2,0,Part time employment,4,4,2,2,1
Canada,Female,53,1,0,Full time employment,3,1,3,5,5
Canada,Female,21,1,0,Full time employment,4,5,1,1,1
Canada,Male,31,Don't know,0,Unemployed,3,3,2,2,2
Canada,Female,61,1,0,Full time employment,2,2,1,1,1
Canada,Female,59,3,0,Full time employment,2,2,2,1,1
Canada,Female,23,3,0,Full time employment,3,5,2,1,1
Canada,Female,54,3,0,Full time employment,5,2,2,4,1
Canada,Female,48,2,0,Full time employment,3,2,3,3,3
Canada,Female,68,1,0,Retired,5,1,1,5,3
Canada,Female,45,3,0,Unemployed,1,2,3,3,2
Canada,Female,58,2,0,Part time employment,3,3,2,5,1
Canada,Female,24,2,0,Full time employment,1,1,1,1,4
Canada,Female,23,1,0,Full time student,5,1,1,5,5
Canada,Female,22,2,0,Unemployed,3,4,5,4,5
Canada,Female,59,1,0,Unemployed,2,5,1,1,1
Canada,Male,59,2,0,Not working,1,1,2,4,2
Canada,Female,44,2,0,Full time employment,3,3,1,2,1
Canada,Female,52,2,0,Full time employment,1,4,1,5,1
Canada,Female,52,3,0,Full time employment,1,5,1,1,1
Canada,Female,35,1,0,Unemployed,4,3,2,2,2
Canada,Male,28,2,0,Part time employment,3,4,2,4,5
Canada,Female,68,1,0,Retired,3,4,1,1,1
Canada,Female,60,1,0,Retired,1,5,1,1,1
Canada,Female,52,3,0,Full time employment,3,4,1,1,1
Canada,Male,89,2,0,Retired,4,5,2,2,2
Canada,Female,84,2,0,Retired,3,3,3,3,3
Canada,Female,21,3,0,Full time student,2,4,2,4,2
Canada,Female,76,2,0,Retired,2,3,3,3,3
Canada,Female,65,2,0,Retired,3,5,1,5,5
Canada,Female,55,2,0,Retired,1,3,1,1,1
Canada,Female,66,2,0,Retired,3,3,2,1,1
Canada,Female,55,3,0,Unemployed,1,1,1,5,1
Canada,Male,64,2,0,Retired,5,4,1,1,1
Canada,Female,60,1,0,Not working,1,1,1,1,1
Canada,Female,56,2,0,Not working,3,1,4,5,5
Canada,Male,26,2,0,Full time employment,3,1,3,1,5
Canada,Female,64,2,0,Retired,2,1,2,2,2
Canada,Male,47,3,0,Part time employment,4,4,2,1,1
Canada,Male,84,2,0,Retired,2,2,1,1,1
Canada,Male,60,3,0,Retired,4,3,1,5,4
Canada,Female,39,1,0,Unemployed,3,4,2,2,2
Canada,Male,67,2,0,Retired,3,5,1,1,1
Canada,Male,56,1,0,Not working,4,5,2,1,1
Canada,Female,74,2,0,Unemployed,2,1,3,1,5
Canada,Female,60,3,0,Retired,4,4,2,1,1
Canada,Female,59,4,0,Full time employment,3,1,1,5,1
Canada,Male,68,2,0,Retired,5,3,5,5,5
Canada,Female,58,2,0,Full time employment,1,4,1,1,1
Canada,Female,77,2,0,Retired,1,3,1,1,1
Canada,Female,71,2,0,Retired,3,1,3,5,3
Canada,Female,73,1,0,Retired,2,4,4,5,4
Canada,Female,58,1,0,Unemployed,4,3,1,3,1
Canada,Female,23,2,0,Part time employment,2,5,1,1,1
Canada,Female,59,2,0,Full time employment,1,1,1,1,1
Canada,Female,66,1,0,Retired,1,2,1,1,1
Canada,Female,39,3,0,Full time employment,1,4,2,1,1
Canada,Female,77,1,0,Retired,5,5,2,3,4
Canada,Male,60,2,0,Full time employment,2,5,1,1,1
Canada,Male,68,3,0,Retired,2,4,1,1,1
Canada,Male,76,1,0,Retired,1,3,1,1,1
Canada,Male,77,1,0,Full time employment,3,3,1,1,1
Canada,Male,67,1,0,Retired,4,4,4,4,2
Canada,Male,68,1,0,Retired,4,3,4,4,2
Canada,Male,61,2,0,Unemployed,4,3,3,3,3
Canada,Female,77,2,0,Retired,2,4,1,1,1
Canada,Male,75,2,0,Retired,4,1,3,5,3
Canada,Male,66,3,0,Retired,3,5,1,1,1
Canada,Male,59,2,0,Full time employment,3,2,2,3,2
Canada,Male,72,2,0,Retired,4,4,2,3,1
Canada,Male,74,2,0,Retired,3,1,2,3,2
Canada,Male,54,2,0,Retired,2,2,2,1,1
Canada,Male,60,2,0,Retired,2,1,2,2,1
Canada,Male,70,3,0,Full time employment,3,5,1,1,1
Canada,Male,67,2,0,Not working,4,3,3,3,3
Canada,Male,31,1,0,Full time employment,3,1,3,4,2
Canada,Male,27,2,0,Full time employment,4,4,1,2,1
Canada,Male,69,2,0,Retired,1,2,3,1,1
Canada,Male,49,2,0,Part time employment,3,3,3,2,1
Canada,Male,48,1,0,Retired,2,2,1,2,1
Canada,Male,69,1,0,Retired,1,4,1,1,1
Canada,Female,49,2,0,Full time employment,1,3,4,1,1
Canada,Male,66,2,0,Full time employment,2,4,1,1,1
Canada,Male,76,2,0,Retired,3,2,1,1,1
Canada,Male,73,2,0,Retired,2,3,2,2,3
Canada,Male,31,2,0,Full time employment,5,5,5,5,5
Canada,Male,76,2,0,Retired,1,5,1,1,1
Canada,Female,57,2,0,Not working,1,1,5,1,5
Canada,Female,60,1,0,Full time employment,3,4,4,4,4
Canada,Male,53,2,0,Full time employment,2,5,2,1,1
Canada,Female,27,Prefer not to say,0,Full time student,2,2,2,2,2
Canada,Female,59,1,0,Part time employment,1,1,1,1,2
Canada,Female,21,5,0,Full time student,1,1,1,1,3
Canada,Male,69,2,0,Retired,1,2,1,1,1
Canada,Male,68,2,0,Retired,3,3,1,1,1
Canada,Male,73,1,0,Retired,5,1,5,5,5
Canada,Female,22,4,0,Full time student,5,1,2,3,2
Canada,Female,59,1,0,Unemployed,3,1,1,3,3
Canada,Male,23,4,0,Unemployed,3,3,3,3,1
Canada,Female,54,1,0,Part time employment,2,4,1,3,2
Canada,Male,73,2,0,Retired,2,2,1,1,1
Canada,Male,24,4,0,Unemployed,3,4,3,3,4
Canada,Male,70,1,0,Retired,4,5,1,1,1
Canada,Male,57,Don't know,0,Part time employment,5,2,3,4,4
Canada,Male,21,3,0,Part time employment,3,3,2,2,1
Canada,Female,60,2,0,Full time employment,4,4,3,4,1
Canada,Female,71,2,0,Retired,1,3,1,1,1
Canada,Female,68,2,0,Part time employment,2,5,3,3,5
Canada,Male,22,5,0,Full time student,2,4,1,3,1
Canada,Female,59,1,0,Retired,5,3,1,4,3
Canada,Female,57,3,0,Full time employment,1,1,1,1,3
Canada,Female,56,2,0,Unemployed,5,1,5,4,4
Canada,Male,48,1,0,Not working,2,1,3,2,2
Canada,Male,31,4,0,Other,3,1,2,1,1
Canada,Female,53,2,0,Full time employment,4,4,3,5,4
Canada,Female,59,3,0,Not working,3,1,2,3,1
Canada,Female,52,2,0,Unemployed,5,1,4,5,5
Canada,Male,27,2,0,Full time student,1,2,2,1,1
Canada,Male,34,Don't know,0,Other,3,3,3,3,3
Canada,Male,29,1,0,Full time employment,2,2,2,4,3
Canada,Female,67,2,0,Retired,3,5,1,1,1
Canada,Female,66,5,0,Full time employment,3,3,2,2,2
Canada,Female,58,2,0,Full time employment,3,1,3,4,3
Canada,Female,80,3,0,Retired,3,2,1,1,1
Canada,Male,18,4,0,Full time student,3,5,1,5,1
Canada,Female,23,2,0,Full time employment,2,2,3,4,3
Canada,Male,74,1,0,Full time employment,3,3,1,1,1
Canada,Male,74,1,0,Retired,1,5,1,1,1
Canada,Female,59,2,0,Retired,2,3,2,2,2
Canada,Male,40,1,0,Full time employment,2,3,2,2,1
Canada,Male,70,2,0,Retired,1,5,1,1,1
Canada,Female,61,2,0,Full time employment,1,4,1,1,1
Canada,Female,68,2,0,Retired,1,2,1,1,1
Canada,Female,76,1,0,Retired,1,1,2,2,5
Canada,Female,43,2,0,Unemployed,1,1,3,4,3
Canada,Female,54,1,0,Full time employment,1,3,3,1,1
Canada,Male,59,3,0,Full time employment,2,3,2,3,1
Canada,Female,22,4,0,Full time student,4,2,2,3,2
Canada,Female,57,2,0,Part time employment,3,2,2,1,1
Canada,Male,43,2,0,Full time employment,4,4,2,5,3
Canada,Female,74,2,0,Retired,2,4,3,2,1
Canada,Male,26,1,0,Unemployed,5,5,4,5,2
Canada,Female,48,3,0,Full time employment,4,3,2,3,1
Canada,Male,54,2,0,Full time employment,5,1,5,5,5
Canada,Female,68,2,0,Retired,2,3,1,1,1
Canada,Male,54,1,0,Unemployed,5,1,5,5,5
Canada,Male,66,2,0,Unemployed,3,4,3,1,1
Canada,Male,29,3,0,Retired,4,4,2,2,2
Canada,Male,63,4,0,Retired,3,2,4,5,2
Canada,Male,55,2,0,Not working,1,2,2,3,1
Canada,Male,45,3,0,Part time employment,2,2,2,4,2
Canada,Male,46,2,0,Other,5,5,5,5,5
Canada,Male,58,1,0,Full time employment,3,4,2,1,1
Canada,Male,51,2,0,Not working,4,2,2,3,4
Canada,Male,72,2,0,Unemployed,2,3,3,2,2
Canada,Male,63,2,0,Retired,4,3,2,2,1
Canada,Male,56,1,0,Retired,3,5,3,1,1
Canada,Male,67,2,0,Retired,5,4,1,2,1
Canada,Male,87,2,0,Retired,5,1,5,5,5
Canada,Male,58,3,0,Unemployed,2,5,1,1,1
Canada,Male,44,4,0,Full time employment,1,1,2,1,3
Canada,Male,46,3,0,Not working,3,2,1,3,1
Canada,Male,68,2,0,Retired,4,2,3,3,3
Canada,Male,55,1,0,Full time employment,3,4,2,4,2
Canada,Female,31,3,0,Full time employment,1,1,3,5,1
Canada,Female,70,2,0,Part time employment,1,4,1,1,1
Canada,Male,77,2,0,Retired,2,3,3,3,3
Canada,Male,47,4,0,Full time employment,4,4,1,2,1
Canada,Male,78,2,0,Retired,2,4,3,2,5
Canada,Male,41,1,0,Part time employment,4,2,4,4,3
Canada,Male,74,1,0,Retired,3,3,3,3,2
Canada,Male,61,1,0,Full time employment,3,4,2,3,2
Canada,Female,27,2,0,Full time employment,3,1,3,4,3
Canada,Male,29,1,0,Full time employment,3,3,1,1,5
Canada,Male,81,3,0,Retired,1,1,1,1,1
Canada,Female,27,3,0,Part time employment,1,1,1,5,5
Canada,Male,32,1,0,Full time employment,4,4,2,1,1
Canada,Male,64,2,0,Retired,3,3,1,2,1
Canada,Male,73,2,0,Retired,1,5,1,1,1
Canada,Female,18,1,0,Part time employment,4,1,3,2,4
Canada,Female,50,3,0,Full time employment,1,1,3,1,1
Canada,Female,35,1,0,Full time employment,3,2,3,1,1
Canada,Male,24,5,0,Full time student,2,4,3,2,1
Canada,Male,61,3,0,Full time employment,4,1,3,5,5
Canada,Male,33,1,0,Unemployed,3,1,2,4,3
Canada,Male,26,1,0,Full time employment,2,1,4,1,1
Canada,Female,58,4,0,Part time employment,2,4,1,1,1
Canada,Male,39,5,0,Full time employment,1,2,1,2,2
Canada,Male,73,2,0,Retired,2,5,1,1,1
Canada,Male,56,1,0,Not working,2,2,3,2,3
Canada,Female,66,1,0,Retired,1,2,2,3,2
Canada,Female,53,2,0,Full time employment,2,3,2,3,1
Canada,Male,43,2,0,Full time employment,4,5,1,1,1
Canada,Male,76,2,0,Retired,1,2,1,1,1
Canada,Female,73,2,0,Retired,3,4,3,1,1
Canada,Female,71,3,0,Retired,2,2,1,1,1
Canada,Female,38,6,0,Full time employment,3,5,1,1,1
Canada,Male,74,1,0,Retired,3,3,1,3,1
Canada,Male,63,2,0,Not working,2,4,1,1,5
Canada,Male,81,2,0,Retired,5,5,1,1,1
Canada,Female,51,5,0,Full time employment,2,3,2,1,1
Canada,Male,66,2,0,Retired,1,4,1,1,1
Canada,Male,34,2,0,Full time employment,4,4,3,3,2
Canada,Male,56,2,0,Unemployed,5,3,4,5,4
Canada,Male,48,Don't know,0,Other,3,3,3,5,5
Canada,Male,51,3,0,Full time employment,5,5,1,1,1
Canada,Male,76,2,0,Retired,1,1,1,1,1
Canada,Male,26,1,0,Full time employment,1,4,1,1,1
Canada,Female,86,3,0,Other,4,1,4,5,1
Canada,Female,58,1,0,Retired,1,1,1,3,3
Canada,Female,49,2,0,Unemployed,2,1,3,3,3
Canada,Male,49,3,0,Full time employment,1,1,4,5,5
Canada,Male,41,Prefer not to say,0,Other,5,1,5,5,5
Canada,Male,39,2,0,Full time employment,4,4,1,1,1
Canada,Female,49,2,0,Full time employment,5,4,2,2,1
Canada,Male,56,3,0,Not working,3,1,4,4,4
Canada,Male,84,2,0,Retired,3,3,1,1,1
Canada,Male,75,1,0,Retired,2,4,1,1,1
Canada,Male,47,Don't know,0,Full time employment,3,3,3,3,5
Canada,Female,59,1,0,Not working,1,1,1,1,5
Canada,Male,41,4,0,Part time employment,5,2,2,4,3
Canada,Male,84,2,0,Retired,2,2,1,2,1
Canada,Male,68,2,0,Retired,3,5,1,1,1
Canada,Male,54,2,0,Full time employment,3,4,2,1,1
Canada,Male,65,5,0,Part time employment,3,5,1,1,1
Canada,Male,73,1,0,Retired,3,4,1,1,1
Canada,Male,55,2,0,Unemployed,4,4,1,1,1
Canada,Male,65,2,0,Retired,5,2,5,5,1
Canada,Male,56,2,0,Not working,1,1,5,4,2
Canada,Male,63,1,0,Retired,2,3,2,3,2
Canada,Male,69,1,0,Retired,2,4,1,1,1
Canada,Male,68,1,0,Retired,3,2,1,5,1
Canada,Male,55,2,0,Full time employment,5,5,4,4,4
Canada,Male,87,3,0,Retired,3,4,1,1,5
Canada,Male,54,5,0,Unemployed,5,5,1,1,1
Canada,Male,72,2,0,Retired,2,3,1,1,1
Canada,Male,74,2,0,Retired,4,2,1,3,1
Canada,Male,62,2,0,Retired,3,5,2,1,1
Canada,Male,63,2,0,Retired,2,2,2,3,1
Canada,Male,71,3,0,Full time employment,3,4,2,5,1
Canada,Male,65,2,0,Retired,2,2,1,1,1
Canada,Male,79,2,0,Retired,3,3,1,3,1
Canada,Male,50,2,0,Full time employment,4,1,4,2,5
Canada,Male,68,2,0,Retired,2,3,2,2,2
Canada,Male,31,1,0,Full time student,5,5,2,3,3
Canada,Male,36,5,0,Part time employment,5,5,5,5,1
Canada,Male,80,2,0,Retired,1,2,1,1,1
Canada,Male,60,1,0,Retired,5,5,1,3,1
Canada,Male,74,2,0,Unemployed,2,3,1,1,1
Canada,Male,77,2,0,Retired,1,3,2,1,1
Canada,Male,77,3,0,Retired,3,3,1,1,1
Canada,Male,63,2,0,Full time employment,2,1,2,2,2
Canada,Male,71,2,0,Retired,1,1,2,1,1
Canada,Male,66,1,0,Part time employment,2,3,3,1,1
Canada,Female,57,4,0,Unemployed,1,4,1,1,1
Canada,Female,41,2,0,Not working,5,1,5,1,5
Canada,Male,21,2,0,Full time employment,5,1,4,5,4
Canada,Female,66,3,0,Unemployed,3,1,3,3,1
Canada,Male,45,2,0,Full time employment,5,4,1,3,1
Canada,Male,59,2,0,Retired,1,5,1,1,1
Canada,Male,74,2,0,Retired,4,3,1,3,1
Canada,Male,56,3,0,Full time employment,4,1,4,5,4
Canada,Male,69,2,0,Retired,4,2,4,4,3
Canada,Male,72,2,0,Retired,3,4,4,2,1
Canada,Female,51,3,0,Full time employment,4,1,2,4,3
Canada,Male,29,5,0,Full time employment,2,2,3,2,1
Canada,Male,69,1,0,Retired,4,5,2,1,1
Canada,Male,41,1,0,Unemployed,3,3,3,3,1
Canada,Male,72,2,0,Retired,3,3,1,1,1
Canada,Female,60,2,0,Retired,3,3,1,1,1
Canada,Male,75,2,0,Retired,3,5,1,5,1
Canada,Male,72,2,0,Retired,4,4,1,1,3
Canada,Male,85,2,0,Retired,3,5,3,4,1
Canada,Male,68,2,0,Retired,1,1,3,4,1
Canada,Female,65,1,0,Part time employment,1,1,1,1,1
Canada,Female,25,2,0,Full time student,3,1,4,4,5
Canada,Female,71,2,0,Retired,4,1,1,1,1
Canada,Female,44,2,0,Full time employment,3,1,4,4,3
Canada,Male,58,1,0,Not working,2,5,1,1,1
Canada,Female,32,3,0,Other,1,1,4,5,4
Canada,Female,49,2,0,Full time employment,3,1,2,3,3
Canada,Male,73,1,0,Retired,1,2,1,1,1
Canada,Male,65,2,0,Retired,4,1,3,5,5
Canada,Male,57,3,0,Full time employment,3,2,1,1,1
Canada,Male,63,2,0,Retired,4,1,5,3,1
Canada,Female,58,1,0,Full time employment,1,1,1,1,1
Canada,Female,68,2,0,Retired,2,1,3,5,5
Canada,Female,67,1,0,Unemployed,1,1,3,1,1
Canada,Male,66,1,0,Other,2,5,1,1,1
Canada,Male,39,2,0,Unemployed,3,3,3,3,2
Canada,Male,69,3,0,Retired,1,1,2,3,3
Canada,Male,62,2,0,Other,3,5,1,1,1
Canada,Male,61,1,0,Full time employment,1,5,1,1,1
Canada,Female,40,1,0,Not working,2,1,3,3,2
Canada,Male,18,3,0,Full time student,1,1,1,3,4
Canada,Female,48,2,0,Other,4,3,3,5,3
Canada,Male,18,2,0,Unemployed,1,4,1,1,1
Canada,Male,19,4,0,Full time student,4,4,2,4,2
Canada,Female,59,3,0,Retired,2,5,1,1,1
Canada,Male,37,2,0,Full time employment,3,2,4,5,3
Canada,Male,25,Prefer not to say,0,Full time employment,3,2,3,2,3
Canada,Female,26,3,0,Unemployed,1,3,1,2,1
Canada,Male,23,4,0,Part time employment,5,1,1,1,1
Canada,Male,43,Don't know,0,Other,5,5,5,5,5
Canada,Male,53,5,0,Part time employment,3,4,2,2,1
Canada,Female,64,5,0,Retired,5,3,5,5,5
Canada,Female,23,3,0,Full time employment,3,3,4,3,1
Canada,Female,49,2,0,Not working,1,3,4,1,1
Canada,Male,49,2,0,Other,5,5,1,1,1
Canada,Male,27,2,0,Part time employment,4,4,3,3,2
Canada,Female,26,2,0,Full time employment,5,2,4,3,5
Canada,Female,24,4,0,Full time employment,4,2,1,3,1
Canada,Female,24,3,0,Full time student,2,1,1,2,3
Canada,Female,69,2,0,Part time employment,1,1,1,1,1
Canada,Female,54,1,0,Full time employment,2,2,1,2,1
Canada,Male,53,1,0,Part time employment,2,3,1,2,1
Canada,Female,31,2,0,Full time employment,4,3,3,2,2
Canada,Male,53,2,0,Full time employment,3,3,2,3,1
Canada,Female,37,1,0,Full time employment,4,1,5,5,5
Canada,Female,60,1,0,Part time employment,1,1,3,3,3
Canada,Male,59,2,0,Retired,2,5,3,1,1
Canada,Male,73,2,0,Retired,3,1,4,4,3
Canada,Male,68,1,0,Full time employment,5,4,5,5,5
Canada,Female,54,2,0,Retired,2,3,1,2,1
Canada,Female,68,2,0,Retired,1,2,3,1,1
Canada,Male,61,2,0,Unemployed,2,4,1,1,1
Canada,Female,49,2,0,Not working,4,2,3,3,3
Canada,Female,46,2,0,Unemployed,3,1,3,5,5
Canada,Female,67,1,0,Part time employment,1,1,1,1,1
Canada,Male,31,4,0,Full time student,2,1,2,3,2
Canada,Male,52,5,0,Not working,1,1,2,1,1
Canada,Female,34,2,0,Full time employment,2,5,4,3,1
Canada,Female,43,1,0,Full time employment,4,5,1,1,1
Canada,Male,64,2,0,Retired,1,5,3,5,1
Canada,Female,60,2,0,Part time employment,3,1,3,3,4
Canada,Female,67,2,0,Part time employment,1,2,1,1,1
Canada,Female,72,1,0,Retired,5,1,4,3,2
Canada,Female,25,2,0,Full time employment,1,1,1,1,1
Canada,Female,36,1,0,Full time employment,3,2,3,4,2
Canada,Female,27,2,0,Full time student,1,5,2,1,5
Canada,Female,54,2,0,Full time employment,1,2,1,2,1
Canada,Female,45,3,0,Full time employment,2,1,2,3,3
Canada,Female,25,2,0,Full time employment,3,2,3,3,2
Canada,Female,21,3,0,Full time student,1,2,1,3,1
Canada,Female,56,2,0,Full time employment,4,4,2,4,2
Canada,Male,58,1,0,Unemployed,4,3,2,4,2
Canada,Female,63,1,0,Not working,2,3,1,2,1
Canada,Male,65,2,0,Retired,2,3,2,2,1
Canada,Female,53,2,0,Retired,3,5,1,1,1
Canada,Female,71,2,0,Retired,1,2,3,2,1
Canada,Male,67,1,0,Retired,3,4,1,1,1
Canada,Female,35,3,0,Full time employment,2,1,4,4,4
Canada,Female,76,2,0,Retired,3,1,2,2,1
Canada,Male,69,3,0,Retired,2,1,1,1,1
Canada,Female,38,2,0,Part time employment,5,4,1,1,1
Canada,Female,69,1,0,Retired,3,3,3,1,1
Canada,Female,40,4,0,Full time student,1,4,2,1,1
Canada,Female,77,1,0,Retired,1,4,2,1,1
Canada,Female,27,2,0,Full time employment,3,5,1,1,1
Canada,Male,65,2,0,Retired,3,5,1,1,1
Canada,Female,63,2,0,Retired,2,4,1,1,1
Canada,Female,45,2,0,Not working,5,5,5,3,5
Canada,Female,27,2,0,Full time student,1,2,3,1,1
Canada,Male,50,3,0,Not working,4,1,4,5,4
Canada,Male,74,2,0,Retired,4,4,4,1,1
Canada,Female,49,2,0,Full time employment,2,2,3,3,3
Canada,Female,57,1,0,Full time employment,1,1,1,1,3
Canada,Female,29,2,0,Full time employment,2,1,3,3,2
Canada,Female,73,1,0,Retired,1,4,1,1,1
Canada,Female,74,1,0,Retired,5,1,5,5,5
Canada,Female,64,2,0,Part time employment,3,4,2,1,1
Canada,Female,48,4,0,Full time employment,5,1,3,5,5
Canada,Female,75,2,0,Retired,1,5,5,1,1
Canada,Female,23,4,0,Unemployed,3,2,3,3,3
Canada,Male,55,1,0,Part time employment,3,4,1,1,1
Canada,Female,62,3,0,Unemployed,5,5,5,5,5
Canada,Male,66,2,0,Retired,3,3,1,1,1
Canada,Female,72,1,0,Retired,4,2,1,3,5
Canada,Male,69,2,0,Retired,1,2,2,1,1
Canada,Male,50,2,0,Full time employment,1,1,5,1,1
Canada,Female,72,2,0,Part time employment,2,3,1,1,1
Canada,Female,72,1,0,Part time employment,2,3,2,1,1
Canada,Female,35,4,0,Full time employment,1,5,2,1,1
Canada,Female,61,1,0,Part time employment,2,2,2,2,2
Canada,Female,25,4,0,Full time student,1,3,1,1,1
Canada,Female,74,2,0,Retired,2,2,2,2,2
Canada,Female,19,4,0,Not working,3,5,4,3,1
Canada,Female,55,2,0,Part time employment,1,3,1,1,1
Canada,Female,64,2,0,Full time employment,2,5,1,1,1
Canada,Female,65,3,0,Retired,4,2,2,2,2
Canada,Male,70,1,0,Unemployed,1,1,1,5,1
Canada,Female,19,3,0,Unemployed,3,1,1,3,5
Canada,Female,61,2,0,Part time employment,3,3,1,1,1
Canada,Male,55,2,0,Full time employment,5,1,4,5,5
Canada,Female,67,2,0,Retired,3,3,1,1,1
Canada,Male,68,1,0,Retired,5,1,3,2,5
Canada,Female,66,2,0,Retired,1,3,1,1,1
Canada,Female,20,5,0,Full time student,4,2,5,5,5
Canada,Female,44,5,0,Unemployed,3,1,1,5,1
Canada,Male,63,2,0,Not working,2,3,2,2,2
Canada,Female,27,2,0,Full time student,1,1,1,3,3
Canada,Male,74,2,0,Full time employment,3,3,2,1,1
Canada,Male,74,1,0,Retired,2,4,1,1,1
Canada,Female,20,4,0,Part time employment,5,3,5,5,1
Canada,Male,52,2,0,Full time employment,3,3,1,1,1
Canada,Female,70,2,0,Not working,4,1,3,4,3
Canada,Female,65,1,0,Retired,3,3,1,2,1
Canada,Female,72,3,0,Retired,2,1,5,5,5
Canada,Female,42,1,0,Full time employment,3,3,3,3,1
Canada,Female,63,2,0,Full time employment,1,4,1,1,1
Canada,Male,74,2,0,Retired,5,3,5,4,1
Canada,Female,59,2,0,Part time employment,5,1,2,5,3
Canada,Male,75,2,0,Retired,2,4,4,1,1
Canada,Female,54,2,0,Unemployed,3,2,1,1,1
Canada,Female,45,2,0,Full time employment,3,3,3,3,2
Canada,Male,19,3,0,Unemployed,3,3,3,3,2
Canada,Male,71,2,0,Retired,3,3,2,2,1
Canada,Male,54,2,0,Full time employment,1,4,1,1,1
Canada,Female,73,2,0,Not working,1,2,2,1,1
Canada,Male,50,2,0,Unemployed,1,1,2,1,2
Canada,Male,64,1,0,Full time employment,3,1,4,4,4
Canada,Female,47,3,0,Full time employment,1,4,3,3,5
Canada,Male,71,2,0,Retired,3,5,1,2,1
Canada,Female,20,3,0,Part time employment,5,3,1,2,4
Canada,Male,81,5,0,Retired,1,4,2,1,1
Canada,Female,23,2,0,Unemployed,3,4,3,4,3
Canada,Female,63,2,0,Not working,4,4,2,1,1
Canada,Female,61,2,0,Full time employment,1,3,2,1,1
Canada,Female,61,3,0,Part time employment,3,2,3,4,1
Canada,Male,58,2,0,Retired,1,4,4,3,5
Canada,Female,57,1,0,Retired,5,1,1,2,1
Canada,Female,64,1,0,Unemployed,1,3,1,1,1
Canada,Female,62,2,0,Retired,2,5,2,1,1
Canada,Female,56,1,0,Other,3,1,5,5,5
Canada,Female,29,1,0,Full time employment,3,2,2,1,1
Canada,Female,62,2,0,Retired,3,1,3,3,3
Canada,Female,64,2,0,Full time employment,1,4,3,1,5
Canada,Male,65,2,0,Part time employment,5,1,5,1,3
Canada,Male,42,2,0,Not working,1,1,4,1,1
Canada,Female,58,1,0,Not working,5,1,4,3,3
Canada,Male,61,4,0,Unemployed,4,3,1,1,1
Canada,Female,34,1,0,Unemployed,1,1,3,3,4
Canada,Female,76,3,0,Retired,5,3,5,5,5
Canada,Female,72,2,0,Retired,3,5,1,1,1
Canada,Female,65,2,0,Retired,1,2,2,1,1
Canada,Female,56,2,0,Full time employment,3,2,3,3,3
Canada,Female,67,2,0,Retired,2,1,1,3,3
Canada,Female,76,1,0,Retired,4,2,2,2,2
Canada,Female,34,5,0,Full time employment,1,1,3,1,1
Canada,Male,42,4,0,Full time employment,1,2,3,4,3
Canada,Female,68,1,0,Full time employment,1,1,1,1,1
Canada,Male,63,2,0,Unemployed,4,2,2,4,2
Canada,Female,47,2,0,Other,4,3,3,5,3
Canada,Female,32,4,0,Unemployed,3,1,2,1,1
Canada,Female,61,1,0,Retired,4,5,1,4,3
Canada,Female,76,1,0,Retired,2,1,1,1,1
Canada,Female,31,2,0,Full time employment,3,5,4,3,5
Canada,Female,65,1,0,Full time employment,1,1,1,2,1
Canada,Male,53,3,0,Part time employment,4,2,4,4,5
Canada,Female,70,1,0,Other,5,1,3,5,5
Canada,Female,26,2,0,Part time employment,5,1,4,1,4
Canada,Female,57,1,0,Retired,3,3,3,3,4
Canada,Male,52,3,0,Full time employment,4,3,2,3,1
Canada,Female,59,1,0,Full time employment,3,2,1,4,1
Canada,Male,45,1,0,Full time employment,5,1,1,5,5
Canada,Female,84,1,0,Retired,4,5,1,1,1
Canada,Female,66,2,0,Retired,5,4,1,1,1
Canada,Female,60,3,0,Retired,3,4,2,1,1
Canada,Female,62,2,0,Part time employment,1,1,3,2,3
Canada,Female,64,3,0,Retired,2,1,4,3,4
Canada,Female,31,1,0,Full time employment,2,4,1,1,1
Canada,Female,76,2,0,Part time employment,3,2,3,4,3
Canada,Female,77,1,0,Retired,5,4,5,4,5
Canada,Female,65,2,0,Retired,3,1,3,3,3
Canada,Male,54,3,0,Full time employment,4,3,2,2,2
Canada,Female,60,3,0,Unemployed,1,1,1,1,4
Canada,Female,62,2,0,Unemployed,1,4,2,1,1
Canada,Female,77,1,0,Retired,4,3,1,1,1
Canada,Male,31,4,0,Other,5,1,3,3,3
Canada,Female,70,2,0,Retired,3,3,2,2,1
Canada,Female,62,2,0,Part time employment,4,1,4,5,5
Canada,Female,57,3,0,Retired,2,4,1,1,1
Canada,Female,71,2,0,Other,3,3,3,3,3
Canada,Male,39,1,0,Unemployed,3,3,4,2,3
Canada,Male,38,1,0,Full time employment,3,2,3,2,2
Canada,Male,49,4,0,Full time employment,1,1,1,1,1
Canada,Male,49,1,0,Full time employment,3,3,1,2,1
Canada,Male,60,3,0,Full time employment,2,3,3,3,1
Canada,Female,39,2,0,Unemployed,1,1,1,1,1
Canada,Female,53,2,0,Unemployed,4,1,5,5,5
Canada,Male,69,1,0,Retired,1,2,1,1,1
Canada,Female,50,2,0,Full time employment,2,5,4,1,1
Canada,Female,65,1,0,Retired,5,5,2,2,1
Canada,Male,50,3,0,Full time employment,3,4,2,1,1
Canada,Male,58,3,0,Unemployed,4,5,1,1,1
Canada,Female,55,3,0,Unemployed,2,1,3,3,5
Canada,Male,48,1,0,Full time employment,1,4,1,1,1
Canada,Male,49,1,0,Full time employment,1,5,1,1,1
Canada,Female,79,3,0,Full time employment,2,1,3,2,2
Canada,Male,78,2,0,Retired,4,5,1,1,1
Canada,Male,70,2,0,Part time employment,2,4,1,1,1
Canada,Female,64,4,0,Part time employment,1,4,1,1,1
Canada,Male,76,2,0,Retired,3,4,1,1,1
Canada,Female,63,2,0,Retired,4,5,1,1,1
Canada,Male,89,2,0,Retired,2,4,1,1,1
Canada,Female,31,2,0,Full time employment,1,2,1,1,1
Canada,Female,73,2,0,Retired,1,1,1,1,1
Canada,Female,54,2,0,Full time employment,4,2,1,4,1
Canada,Female,73,2,0,Retired,1,4,1,1,1
Canada,Female,39,2,0,Full time employment,2,1,4,5,5
Canada,Female,54,2,0,Full time employment,1,4,1,1,1
Canada,Female,65,2,0,Retired,1,1,2,1,1
Canada,Female,75,2,0,Retired,4,3,1,1,1
Canada,Female,85,2,0,Retired,1,4,1,1,1
Canada,Female,64,1,0,Retired,3,1,5,5,5
Canada,Male,23,4,0,Full time student,3,3,1,1,1
Canada,Male,35,2,0,Full time employment,3,5,1,1,5
Canada,Male,41,2,0,Other,5,1,5,5,4
Canada,Male,27,4,0,Full time employment,3,3,3,2,5
Canada,Male,46,2,0,Part time employment,3,3,1,1,1
Canada,Male,44,Prefer not to say,0,Part time employment,2,1,2,2,2
Canada,Male,48,1,0,Unemployed,2,2,2,2,1
Canada,Male,20,3,0,Full time student,2,3,2,3,3
Canada,Male,49,3,0,Unemployed,1,3,3,1,1
Canada,Male,32,2,0,Part time employment,5,5,5,5,5
Canada,Male,41,1,0,Not working,3,1,2,2,1
Canada,Male,44,1,0,Full time employment,1,2,1,1,1
Canada,Male,34,1,0,Full time employment,1,1,1,1,1
Canada,Male,31,3,0,Part time employment,1,3,1,1,1
Canada,Male,37,4,0,Part time employment,5,5,5,5,5
Canada,Female,56,2,0,Full time employment,1,1,3,3,3
Canada,Female,41,1,0,Part time employment,3,4,2,1,1
Canada,Female,26,2,0,Full time employment,3,1,1,4,4
Canada,Female,85,2,0,Retired,1,3,2,1,1
Canada,Female,63,2,0,Unemployed,3,5,1,1,1
Canada,Male,55,1,0,Retired,1,3,3,1,1
Canada,Female,53,Prefer not to say,0,Other,5,1,2,5,5
Canada,Female,75,2,0,Retired,3,3,2,2,1
Canada,Female,29,2,0,Full time employment,2,1,2,2,1
Canada,Female,27,1,0,Full time employment,3,3,1,3,1
Canada,Female,84,1,0,Retired,4,5,1,1,1
Canada,Male,70,2,0,Part time employment,2,2,1,1,1
Canada,Female,32,4,0,Full time employment,3,5,4,3,5
Canada,Male,70,2,0,Retired,2,4,2,1,1
Canada,Male,54,1,0,Unemployed,5,1,5,5,5
Canada,Female,58,2,0,Part time employment,1,1,3,3,3
Canada,Male,57,3,0,Full time employment,4,2,1,4,1
Canada,Female,74,2,0,Retired,3,4,1,1,1
Canada,Male,61,2,0,Retired,4,4,2,1,1
Canada,Male,76,2,0,Retired,3,2,1,1,1
Canada,Female,53,3,0,Full time employment,5,5,1,5,1
Canada,Male,73,2,0,Retired,5,1,4,5,5
Canada,Female,61,1,0,Full time employment,1,1,2,4,2
Canada,Female,30,2,0,Full time employment,4,4,2,2,1
Canada,Female,68,2,0,Retired,3,1,1,1,1
Canada,Male,70,1,0,Retired,5,1,2,4,1
Canada,Male,74,2,0,Retired,3,5,1,1,1
Canada,Female,58,2,0,Full time employment,3,1,3,3,2
Canada,Female,18,Prefer not to say,0,Full time student,2,2,2,4,2
Canada,Male,78,2,0,Retired,3,2,2,1,1
Canada,Female,51,4,0,Full time employment,5,1,3,5,3
Canada,Male,75,3,0,Retired,3,3,1,1,1
Canada,Male,51,1,0,Retired,4,4,1,1,1
Canada,Female,86,2,0,Retired,4,1,5,1,1
Canada,Female,71,2,0,Retired,1,3,1,1,1
Canada,Female,55,3,0,Part time employment,1,3,2,1,1
Canada,Female,23,2,0,Full time employment,5,1,2,1,1
Canada,Female,76,1,0,Retired,1,3,2,1,1
Canada,Male,42,3,0,Not working,2,3,3,2,1
Canada,Female,64,2,0,Retired,1,5,1,1,1
Canada,Male,39,2,0,Full time employment,2,4,1,1,1
Canada,Female,31,4,0,Full time employment,1,2,2,1,1
Canada,Female,62,2,0,Part time employment,5,5,5,5,5
Canada,Male,37,2,0,Not working,5,1,5,5,5
Canada,Male,76,1,0,Retired,4,1,4,5,3
Canada,Female,46,1,0,Full time employment,3,4,1,1,1
Canada,Female,60,2,0,Retired,5,1,1,1,1
Canada,Female,43,4,0,Unemployed,2,1,5,4,3
Canada,Female,78,2,0,Part time employment,3,3,2,2,1
Canada,Male,47,Don't know,0,Full time employment,3,3,3,3,3
Canada,Male,68,1,0,Part time employment,3,3,1,3,1
Canada,Male,69,1,0,Retired,1,4,1,1,1
Canada,Male,82,1,0,Retired,1,5,1,5,1
Canada,Female,35,2,0,Other,4,3,5,5,5
Canada,Female,50,3,0,Other,4,2,4,5,5
Canada,Female,23,2,0,Other,3,2,2,3,2
Canada,Female,58,2,0,Part time employment,3,4,1,4,1
Canada,Female,65,2,0,Part time employment,5,1,3,4,3
Canada,Female,55,Don't know,0,Retired,1,1,1,1,2
Canada,Female,64,2,0,Full time employment,2,4,1,1,1
Canada,Male,49,1,0,Retired,1,1,1,1,1
Canada,Female,52,1,0,Other,2,1,3,3,3
Canada,Female,49,2,0,Full time employment,2,1,2,4,2
Canada,Female,60,2,0,Not working,4,1,2,3,3
Canada,Male,69,1,0,Retired,1,2,1,1,1
Canada,Female,40,2,0,Not working,4,2,2,3,2
Canada,Male,68,1,0,Full time employment,5,3,5,5,5
Canada,Female,23,2,0,Full time student,1,2,1,2,1
Canada,Female,49,2,0,Full time employment,2,2,3,3,3
Canada,Female,65,2,0,Part time employment,1,3,1,1,1
Canada,Male,72,2,0,Retired,4,1,1,1,1
Canada,Female,46,1,0,Full time employment,4,4,2,4,4
Canada,Male,80,1,0,Retired,2,3,1,2,5
Canada,Female,50,5,0,Not working,1,3,1,2,1
Canada,Male,27,2,0,Full time employment,4,5,1,5,1
Canada,Female,29,2,0,Full time employment,3,1,3,3,2
Canada,Female,29,2,0,Full time employment,3,3,3,3,3
Canada,Female,62,1,0,Part time employment,1,1,2,1,3
Canada,Female,42,1,0,Full time employment,4,4,2,2,1
Canada,Male,52,2,0,Full time employment,3,4,1,1,1
Canada,Male,58,3,0,Unemployed,2,3,1,1,1
Canada,Male,48,1,0,Full time employment,3,5,3,3,1
Canada,Female,61,1,0,Retired,4,4,2,4,4
Canada,Male,66,2,0,Part time employment,3,3,2,1,1
Canada,Female,53,1,0,Part time employment,5,1,5,5,5
Canada,Male,63,2,0,Part time employment,1,4,2,1,1
Canada,Female,67,1,0,Retired,5,3,5,5,5
Canada,Female,60,2,0,Part time employment,1,1,2,4,4
Canada,Male,54,6,0,Unemployed,2,3,1,1,1
Canada,Male,63,1,0,Retired,3,4,3,3,1
Canada,Male,62,1,0,Full time employment,2,3,3,2,1
Canada,Male,75,2,0,Retired,1,3,1,1,1
Canada,Male,68,2,0,Retired,3,5,1,1,1
Canada,Male,68,2,0,Retired,3,3,2,4,3
Canada,Female,57,3,0,Full time employment,3,5,2,1,1
Canada,Female,67,1,0,Part time employment,3,3,3,1,1
Canada,Female,52,2,0,Not working,4,1,4,5,5
Canada,Male,73,2,0,Retired,2,4,2,1,1
Canada,Female,61,1,0,Part time employment,2,3,2,1,2
Canada,Female,70,1,0,Retired,5,4,2,1,1
Canada,Male,46,3,0,Not working,2,2,2,2,1
Canada,Female,78,2,0,Retired,2,2,2,1,1
Canada,Male,74,2,0,Retired,4,4,3,2,1
Canada,Male,79,4,0,Not working,4,2,2,1,1
Canada,Male,75,Prefer not to say,0,Retired,3,2,1,1,1
Canada,Female,70,1,0,Retired,2,5,3,1,1
Canada,Female,29,2,0,Full time employment,1,1,3,1,5
Canada,Female,64,1,0,Unemployed,1,3,1,1,1
Canada,Female,73,1,0,Retired,1,5,1,1,1
Canada,Male,81,3,0,Retired,1,3,1,1,1
Canada,Male,70,1,0,Retired,3,5,1,1,1
Canada,Male,78,1,0,Retired,1,1,1,1,1
Canada,Male,61,2,0,Retired,1,2,1,2,1
Canada,Male,23,4,0,Unemployed,1,1,1,1,1
Canada,Female,82,1,0,Retired,1,1,1,1,1
Canada,Female,25,2,0,Part time employment,1,2,2,1,1
Canada,Female,74,1,0,Retired,2,4,2,1,1
Canada,Female,65,2,0,Retired,1,3,1,1,1
Canada,Female,87,1,0,Retired,2,2,2,4,1
Canada,Female,19,3,0,Other,3,1,2,5,5
Canada,Male,75,4,0,Part time employment,3,2,3,4,3
Canada,Male,30,2,0,Full time employment,3,3,3,2,3
Canada,Male,29,3,0,Retired,4,4,2,4,2
Canada,Female,54,1,0,Full time employment,2,5,1,1,1
Canada,Female,26,2,0,Full time student,2,5,1,1,1
Canada,Female,26,4,0,Full time employment,1,1,3,4,4
Canada,Female,62,2,0,Retired,2,3,1,1,1
Canada,Female,85,1,0,Retired,4,1,5,5,5
Canada,Male,73,2,0,Retired,1,4,2,1,1
Canada,Female,36,2,0,Full time employment,1,5,1,5,1
Canada,Female,27,2,0,Full time employment,1,2,3,1,2
Canada,Female,56,2,0,Full time employment,2,2,2,3,3
Canada,Male,70,2,0,Retired,4,3,2,2,1
Canada,Male,68,2,0,Retired,3,4,1,1,1
Canada,Female,44,3,0,Full time employment,4,3,2,2,3
Canada,Female,57,2,0,Full time employment,2,2,2,1,1
Canada,Female,25,2,0,Full time employment,5,5,5,5,5
Canada,Female,53,3,0,Unemployed,5,1,5,5,5
Canada,Male,74,2,0,Retired,1,4,1,1,1
Canada,Male,35,1,0,Unemployed,3,4,2,1,1
Canada,Female,19,3,0,Full time student,1,3,1,1,1
Canada,Female,58,4,0,Full time employment,2,3,1,1,1
Canada,Male,63,2,0,Full time employment,3,5,2,1,1
Canada,Female,60,2,0,Full time employment,2,2,3,3,3
Canada,Female,63,2,0,Full time employment,5,5,5,1,1
Canada,Female,67,1,0,Retired,1,1,1,5,1
Canada,Male,37,1,0,Unemployed,1,3,1,5,1
Canada,Female,55,2,0,Full time employment,1,2,2,1,1
Canada,Female,18,4,0,Full time student,3,5,1,1,1
Canada,Female,26,2,0,Unemployed,3,1,5,4,2
Canada,Male,55,3,0,Unemployed,1,3,2,1,1
Canada,Male,43,2,0,Full time employment,5,5,1,1,1
Canada,Male,60,2,0,Part time employment,3,3,2,1,1
Canada,Male,72,2,0,Retired,4,4,2,3,1
Canada,Male,68,3,0,Retired,2,3,1,1,1
Canada,Female,48,1,0,Not working,3,1,3,2,1
Canada,Male,72,1,0,Retired,4,4,2,1,1
Canada,Female,79,1,0,Retired,4,3,3,3,4
Canada,Female,63,2,0,Retired,4,1,3,1,3
Canada,Male,77,1,0,Retired,3,5,3,5,3
Canada,Male,65,2,0,Unemployed,3,3,3,3,2
Canada,Male,72,2,0,Retired,2,2,2,2,1
Canada,Female,74,3,0,Part time employment,3,5,1,1,1
Canada,Male,63,1,0,Retired,2,4,1,1,2
Canada,Female,77,3,0,Retired,2,2,1,1,1
Canada,Female,53,Prefer not to say,0,Not working,3,5,3,3,5
Canada,Female,57,1,0,Retired,1,1,1,1,1
Canada,Female,84,1,0,Retired,5,4,1,1,1
Canada,Male,74,2,0,Retired,3,1,3,3,2
Canada,Male,77,2,0,Retired,1,3,1,1,1
Canada,Male,62,2,0,Retired,2,4,2,1,1
Canada,Male,75,3,0,Retired,1,1,1,1,1
Canada,Female,65,2,0,Retired,3,1,1,2,1
Canada,Female,51,2,0,Unemployed,2,3,2,2,1
Canada,Female,20,4,0,Full time student,1,3,1,1,1
Canada,Male,74,2,0,Retired,1,2,5,1,1
Canada,Female,21,2,0,Full time student,2,2,2,2,2
Canada,Female,27,1,0,Full time employment,5,3,1,1,5
Canada,Female,27,2,0,Full time student,1,2,1,1,1
Canada,Female,31,2,0,Full time employment,1,1,2,2,1
Canada,Female,70,1,0,Retired,4,4,1,2,1
Canada,Female,73,2,0,Not working,1,2,2,1,1
Canada,Female,36,1,0,Full time employment,3,4,3,2,3
Canada,Female,51,3,0,Full time employment,5,3,2,5,1
Canada,Female,54,2,0,Not working,2,2,2,1,1
Canada,Male,82,2,0,Full time employment,2,4,1,1,1
Canada,Female,56,2,0,Full time employment,3,4,4,3,4
Canada,Male,63,1,0,Full time employment,5,5,5,5,5
Canada,Male,71,2,0,Retired,4,5,1,1,1
Canada,Female,56,1,0,Not working,2,1,3,4,3
Canada,Female,56,2,0,Unemployed,4,1,3,4,3
Canada,Female,39,2,0,Full time employment,1,1,3,5,5
Canada,Female,57,3,0,Retired,1,1,3,2,3
Canada,Male,31,1,0,Full time student,5,4,3,3,2
Canada,Female,22,1,0,Full time student,3,2,1,1,1
Canada,Female,71,2,0,Retired,3,4,1,1,1
Canada,Male,64,2,0,Full time employment,3,5,1,1,1
Canada,Male,78,2,0,Retired,4,4,2,2,1
Canada,Female,57,1,0,Full time employment,1,5,1,1,1
Canada,Female,70,2,0,Retired,2,3,3,2,1
Canada,Female,20,4,0,Full time student,1,3,2,1,1
Canada,Female,26,2,0,Full time employment,4,4,1,3,1
Canada,Male,50,2,0,Unemployed,2,1,2,3,2
Canada,Male,77,3,0,Retired,3,3,1,1,1
Canada,Male,31,1,0,Full time employment,4,2,3,5,3
Canada,Female,58,1,0,Part time employment,1,1,3,3,1
Canada,Male,44,Prefer not to say,0,Part time employment,2,1,3,2,5
Canada,Female,58,2,0,Retired,4,2,3,3,2
Canada,Female,71,2,0,Retired,1,1,2,2,3
Canada,Female,50,3,0,Not working,3,5,3,1,1
Canada,Male,69,2,0,Retired,3,5,1,1,1
Canada,Male,73,2,0,Retired,4,1,5,5,4
Canada,Female,65,2,0,Retired,5,5,1,1,1
Canada,Male,31,4,0,Unemployed,3,1,2,1,1
Canada,Female,74,2,0,Retired,2,1,3,3,3
Canada,Female,58,4,0,Other,5,1,4,5,4
Canada,Male,45,7,0,Retired,1,3,1,3,1
Canada,Male,59,2,0,Retired,2,1,4,3,3
Canada,Female,62,1,0,Not working,3,5,5,5,3
Canada,Male,79,2,0,Retired,2,2,3,2,2
Canada,Female,45,2,0,Retired,2,2,2,5,1
Canada,Female,50,2,0,Unemployed,2,5,4,5,5
Canada,Female,45,1,0,Full time employment,4,3,3,3,3
Canada,Male,24,5,0,Full time student,5,3,4,1,1
Canada,Male,61,1,0,Full time employment,1,5,1,1,1
Canada,Male,70,3,0,Retired,3,5,2,1,1
Canada,Female,39,2,0,Not working,2,1,4,5,5
Canada,Male,56,2,0,Retired,5,1,1,5,5
Canada,Female,58,2,0,Retired,2,1,3,4,4
Canada,Female,72,1,0,Retired,3,4,3,5,1
Canada,Female,32,2,0,Full time employment,1,1,1,1,5
Canada,Male,68,1,0,Retired,3,3,1,5,1
Canada,Female,25,2,0,Full time employment,4,4,5,5,5
Canada,Female,61,2,0,Retired,1,5,1,1,1
Canada,Female,77,1,0,Retired,3,4,1,1,1
Canada,Male,56,2,0,Full time employment,3,3,4,4,3
Canada,Male,59,2,0,Retired,5,5,1,1,1
Canada,Female,72,1,0,Retired,1,3,5,1,1
Canada,Male,65,2,0,Retired,2,5,2,1,1
Canada,Female,63,2,0,Full time employment,1,3,2,1,1
Canada,Female,56,2,0,Full time employment,4,2,1,2,1
Canada,Female,55,2,0,Part time employment,4,1,3,4,3
Canada,Male,60,1,0,Retired,2,3,1,3,1
Canada,Female,54,3,0,Unemployed,5,5,1,1,1
Canada,Female,26,3,0,Unemployed,5,3,2,4,5
Canada,Female,73,2,0,Retired,2,4,3,1,1
Canada,Female,26,2,0,Full time employment,2,2,2,2,1
Canada,Female,27,2,0,Full time employment,2,2,2,2,1
Canada,Male,74,2,0,Retired,1,4,1,1,1
Canada,Female,34,1,0,Full time employment,4,5,3,5,3
Canada,Male,58,1,0,Part time employment,3,2,4,2,2
Canada,Male,54,1,0,Full time employment,3,2,2,4,1
Canada,Female,49,1,0,Full time employment,5,5,5,5,5
Canada,Male,58,1,0,Retired,3,3,3,2,1
Canada,Male,77,2,0,Retired,5,1,5,5,5
Canada,Male,22,3,0,Part time employment,3,3,3,3,3
Canada,Female,27,4,0,Unemployed,3,3,2,1,1
Canada,Male,31,4,0,Full time student,3,5,4,3,4
Canada,Female,54,4,0,Full time employment,2,1,4,2,2
Canada,Female,27,4,0,Full time employment,5,5,3,5,1
Canada,Male,37,2,0,Full time employment,5,1,3,5,4
Canada,Female,65,1,0,Retired,3,1,4,4,3
Canada,Female,71,2,0,Retired,1,4,1,1,1
Canada,Male,40,1,0,Unemployed,5,1,5,4,5
Canada,Male,70,2,0,Retired,2,3,2,4,1
Canada,Male,52,3,0,Full time employment,1,1,2,1,1
Canada,Female,65,1,0,Part time employment,1,5,1,1,5
Canada,Male,71,2,0,Unemployed,2,3,1,1,1
Canada,Male,47,3,0,Part time employment,3,2,2,1,1
Canada,Male,58,3,0,Not working,2,2,2,1,1
Canada,Male,75,4,0,Retired,5,5,1,1,5
Canada,Female,60,1,0,Part time employment,1,1,3,3,3
Canada,Male,47,4,0,Full time employment,4,3,3,2,1
Canada,Male,73,2,0,Retired,1,3,2,3,3
Canada,Male,45,3,0,Full time employment,4,4,2,1,1
Canada,Female,27,2,0,Unemployed,3,4,2,1,1
Canada,Male,58,2,0,Retired,2,5,1,1,1
Canada,Male,46,1,0,Full time employment,2,2,1,1,1
Canada,Female,41,2,0,Full time employment,5,3,5,5,5
Canada,Male,58,8 or more,0,Unemployed,1,3,4,5,4
Canada,Female,58,2,0,Retired,1,1,3,3,2
Canada,Female,65,3,0,Retired,2,2,2,2,2
Canada,Female,25,2,0,Full time employment,3,2,3,3,1
Canada,Female,19,2,0,Full time student,2,5,1,2,1
Canada,Male,69,3,0,Retired,1,1,5,3,3
Canada,Male,69,2,0,Part time employment,4,3,2,4,2
Canada,Male,73,1,0,Retired,5,1,5,5,5
Canada,Male,73,1,0,Retired,1,1,1,1,1
Canada,Male,37,1,0,Full time employment,4,2,3,3,4
Canada,Female,18,3,0,Part time employment,2,3,3,4,1
Canada,Male,28,1,0,Full time employment,3,2,2,3,1
Canada,Female,72,2,0,Retired,3,5,1,1,1
Canada,Male,54,2,0,Full time employment,1,5,1,1,1
Canada,Female,35,2,0,Full time employment,3,1,3,4,4
Canada,Female,52,3,0,Full time employment,2,5,1,1,1
Canada,Male,28,1,0,Part time employment,4,3,2,3,4
Canada,Female,56,2,0,Not working,3,4,3,4,3
Canada,Female,40,2,0,Other,2,1,3,3,3
Canada,Female,24,5,0,Part time employment,1,3,1,1,1
Canada,Female,67,1,0,Full time employment,1,1,4,5,4
Canada,Female,40,1,0,Part time employment,5,1,5,5,5
Canada,Female,68,2,0,Part time employment,3,4,2,1,1
Canada,Female,61,2,0,Retired,1,1,5,3,3
Canada,Female,49,2,0,Not working,2,1,2,1,5
Canada,Female,66,2,0,Retired,1,3,1,1,1
Canada,Male,70,3,0,Full time employment,3,5,1,1,1
Canada,Male,60,4,0,Unemployed,3,3,2,4,4
Canada,Female,20,4,0,Full time student,3,2,2,2,1
Canada,Male,61,1,0,Full time employment,3,4,1,1,1
Canada,Female,69,2,0,Part time employment,3,5,1,1,1
Canada,Male,89,2,0,Retired,5,3,1,3,5
Canada,Female,73,2,0,Retired,1,2,1,1,1
Canada,Female,69,1,0,Retired,2,3,2,3,4
Canada,Female,63,2,0,Retired,3,3,2,2,1
Canada,Male,60,3,0,Full time employment,5,5,3,5,3
Canada,Female,47,1,0,Unemployed,4,2,3,4,2
Canada,Male,39,1,0,Unemployed,3,4,3,4,4
Canada,Female,55,2,0,Retired,1,1,5,5,5
Canada,Male,74,2,0,Retired,4,5,1,1,1
Canada,Male,44,Prefer not to say,0,Unemployed,1,1,1,1,5
Canada,Male,71,3,0,Full time employment,3,3,2,3,1
Canada,Female,49,2,0,Full time employment,2,5,2,1,1
Canada,Male,53,2,0,Full time employment,3,3,2,3,5
Canada,Female,57,1,0,Not working,1,1,3,5,3
Canada,Female,59,2,0,Full time employment,2,2,1,3,1
Canada,Male,65,2,0,Unemployed,4,2,3,4,3
Canada,Female,55,3,0,Retired,1,3,2,1,1
Canada,Female,68,1,0,Retired,1,3,1,3,3
Canada,Female,61,2,0,Retired,3,4,3,4,4
Canada,Female,68,2,0,Unemployed,3,3,4,5,1
Canada,Male,70,2,0,Part time employment,2,3,2,1,1
Canada,Male,77,2,0,Retired,2,2,1,1,1
Canada,Female,57,3,0,Unemployed,1,5,1,1,1
Canada,Female,73,2,0,Retired,4,3,1,2,1
Canada,Female,73,1,0,Retired,1,3,3,1,1
Canada,Male,56,1,0,Retired,3,5,2,1,1
Canada,Female,54,2,0,Full time employment,2,2,3,4,4
Canada,Male,61,1,0,Full time employment,2,3,3,3,3
Canada,Male,50,2,0,Full time employment,4,1,4,2,1
Canada,Female,35,2,0,Full time employment,1,2,2,1,1
Canada,Female,46,2,0,Unemployed,4,2,1,3,3
Canada,Female,56,2,0,Not working,5,3,1,1,1
Canada,Male,80,2,0,Retired,1,2,1,1,1
Canada,Female,71,2,0,Retired,3,2,2,1,1
Canada,Female,21,Don't know,0,Part time employment,5,4,4,5,3
Canada,Female,52,2,0,Retired,1,4,3,1,1
Canada,Female,20,4,0,Full time student,5,1,4,5,5
Canada,Male,54,2,0,Full time employment,1,4,2,2,1
Canada,Male,40,1,0,Unemployed,5,5,4,4,3
Canada,Male,65,2,0,Part time employment,3,1,5,3,3
Canada,Male,66,2,0,Retired,2,4,1,1,1
Canada,Female,87,2,0,Retired,2,3,4,5,1
Canada,Male,75,1,0,Retired,1,3,2,1,1
Canada,Male,81,2,0,Retired,3,4,1,1,1
Canada,Male,82,2,0,Retired,1,4,2,1,1
Canada,Female,65,1,0,Retired,3,2,1,1,1
Canada,Female,23,1,0,Full time student,4,4,2,3,3
Canada,Male,60,1,0,Part time employment,3,4,1,2,1
Canada,Female,56,2,0,Part time employment,1,1,1,1,1
Canada,Female,66,4,0,Retired,1,3,1,1,1
Canada,Male,71,2,0,Retired,4,5,1,2,1
Canada,Male,56,3,0,Full time employment,4,1,3,4,3
Canada,Female,60,3,0,Retired,3,3,3,3,1
Canada,Female,25,2,0,Full time student,2,5,5,5,1
Canada,Female,73,1,0,Retired,3,4,1,1,1
Canada,Female,49,6,0,Full time employment,1,1,1,3,2
Canada,Female,54,2,0,Unemployed,1,1,1,3,3
Canada,Female,59,2,0,Retired,5,1,5,5,5
Canada,Female,34,1,0,Full time student,1,1,3,3,3
Canada,Female,65,1,0,Retired,4,4,4,4,5
Canada,Female,61,1,0,Other,3,1,4,3,3
Canada,Female,67,2,0,Retired,1,1,1,3,1
Canada,Female,27,2,0,Full time student,5,1,4,5,5
Canada,Male,31,2,0,Other,5,1,3,5,5
Canada,Female,68,1,0,Retired,3,3,1,1,1
Canada,Female,75,2,0,Retired,1,5,1,5,1
Canada,Male,55,5,0,Other,1,1,1,1,1
Canada,Male,58,1,0,Not working,1,3,1,1,1
Canada,Female,57,5,0,Full time employment,1,3,1,5,1
Canada,Female,46,3,0,Full time employment,2,2,2,2,2
Canada,Female,62,2,0,Full time employment,3,3,2,1,1
Canada,Male,63,2,0,Unemployed,2,2,2,2,1
Canada,Male,20,2,0,Full time student,4,2,1,2,1
Canada,Male,64,3,0,Retired,2,4,2,1,1
Canada,Male,62,2,0,Unemployed,4,5,2,3,1
Canada,Male,70,2,0,Retired,2,3,2,1,1
Canada,Female,41,2,0,Full time employment,3,2,2,3,2
Canada,Female,85,2,0,Retired,2,2,2,1,1
Canada,Female,49,Prefer not to say,0,Other,5,5,5,5,5
Canada,Male,61,1,0,Unemployed,3,3,5,3,3
Canada,Male,73,2,0,Retired,4,3,1,1,1
Canada,Male,33,2,0,Full time employment,5,5,5,5,5
Canada,Male,49,3,0,Part time employment,3,3,2,3,1
Canada,Male,31,6,0,Full time employment,3,2,3,4,5
Canada,Female,71,2,0,Part time employment,3,1,1,3,2
Canada,Male,19,3,0,Full time student,1,4,1,1,1
Canada,Female,70,1,0,Retired,1,4,1,1,1
Canada,Female,22,3,0,Full time student,1,3,1,1,1
Canada,Male,54,1,0,Part time employment,4,4,2,2,1
Canada,Female,73,Prefer not to say,0,Retired,3,3,2,1,1
Canada,Female,70,2,0,Retired,2,4,1,1,1
Canada,Female,44,1,0,Full time employment,2,3,1,1,1
Canada,Male,69,1,0,Part time employment,1,2,1,1,1
Canada,Male,62,2,0,Retired,5,1,5,5,5
Canada,Male,42,1,0,Full time employment,4,2,3,5,3
Canada,Female,67,1,0,Retired,3,1,2,5,5
Canada,Male,66,2,0,Retired,4,2,3,4,4
Canada,Female,56,2,0,Full time employment,1,5,1,1,1
Canada,Male,20,2,0,Part time employment,1,4,1,1,1
Canada,Female,27,2,0,Not working,1,1,5,3,3
Canada,Female,26,1,0,Full time employment,4,3,3,1,1
Canada,Male,72,2,0,Retired,2,5,1,1,1
Canada,Male,61,1,0,Retired,5,4,1,5,5
Canada,Female,65,2,0,Retired,2,3,1,1,1
Canada,Female,57,4,0,Retired,5,1,3,3,5
Canada,Female,79,1,0,Retired,3,3,2,2,1
Canada,Female,65,2,0,Retired,1,3,1,1,1
Canada,Female,75,1,0,Retired,4,5,1,1,1
Canada,Female,65,2,0,Retired,1,2,2,1,1
Canada,Male,58,5,0,Full time employment,1,3,1,1,1
Canada,Female,74,2,0,Retired,3,5,1,5,1
Canada,Male,19,Prefer not to say,0,Part time employment,3,3,3,3,3
Canada,Female,57,2,0,Other,4,1,3,3,3
Canada,Female,74,2,0,Retired,1,1,1,1,1
Canada,Female,75,1,0,Retired,3,4,2,5,1
Canada,Female,77,1,0,Retired,2,2,1,1,1
Canada,Female,54,2,0,Full time employment,5,1,2,5,2
Canada,Male,30,1,0,Part time employment,4,4,2,5,1
Canada,Male,62,2,0,Full time employment,1,3,1,1,1
Canada,Female,54,2,0,Unemployed,5,5,5,5,5
Canada,Female,71,2,0,Retired,3,5,1,1,1
Canada,Male,67,2,0,Retired,2,4,2,1,1
Canada,Female,68,1,0,Retired,5,1,1,5,1
Canada,Male,36,1,0,Other,2,3,3,1,1
Canada,Male,70,3,0,Retired,1,1,1,1,1
Canada,Female,54,1,0,Other,3,1,3,5,5
Canada,Female,68,1,0,Retired,5,1,1,5,1
Canada,Male,18,2,0,Full time employment,3,2,1,3,2
Canada,Female,21,3,0,Full time student,2,3,1,2,2
Canada,Female,23,1,0,Full time employment,4,4,1,1,1
Canada,Female,32,2,0,Unemployed,4,1,4,5,3
Canada,Male,62,4,0,Retired,3,3,1,1,1
Canada,Female,20,2,0,Full time employment,5,5,3,2,1
Canada,Female,28,2,0,Full time employment,4,1,4,5,5
Canada,Male,58,4,0,Full time employment,2,3,2,1,1
Canada,Male,59,2,0,Full time employment,1,1,1,1,1
Canada,Male,53,4,0,Full time employment,3,2,2,3,1
Canada,Female,54,3,0,Unemployed,1,4,1,1,1
Canada,Female,59,3,0,Full time employment,2,3,3,2,1
Canada,Male,36,1,0,Full time employment,4,1,2,3,3
Canada,Female,24,4,0,Full time employment,1,5,1,1,1
Canada,Female,50,2,0,Part time employment,2,3,3,1,1
Canada,Male,20,1,0,Full time student,5,5,2,3,1
Canada,Female,63,1,0,Unemployed,2,2,2,2,1
Canada,Female,74,2,0,Retired,2,3,1,1,1
Canada,Male,39,2,0,Unemployed,3,3,3,3,3
Canada,Male,55,3,0,Full time employment,2,2,3,1,1
Canada,Male,21,2,0,Part time employment,4,3,1,2,1
Canada,Male,44,1,0,Full time employment,3,2,1,1,1
Canada,Male,23,1,0,Full time student,1,1,1,1,1
Canada,Female,57,1,0,Other,1,4,1,1,1
Canada,Female,49,2,0,Unemployed,4,1,5,5,5
Canada,Male,27,Don't know,0,Not working,1,1,1,3,5
Canada,Female,62,1,0,Retired,2,2,3,3,4
Canada,Male,73,2,0,Retired,3,4,1,1,1
Canada,Male,51,2,0,Not working,4,4,1,2,2
Canada,Male,66,1,0,Full time employment,4,3,4,4,3
Canada,Female,78,1,0,Retired,2,1,5,5,5
Canada,Male,64,2,0,Retired,3,3,4,4,5
Canada,Female,61,2,0,Part time employment,2,3,3,1,1
Canada,Male,79,2,0,Retired,2,3,1,2,1
Canada,Male,74,4,0,Retired,1,1,1,1,1
Canada,Female,21,3,0,Full time student,3,2,2,3,2
Canada,Female,24,1,0,Full time employment,1,1,1,2,2
Canada,Female,22,2,0,Full time employment,5,2,3,4,4
Canada,Female,63,1,0,Not working,3,3,1,2,1
Canada,Female,24,2,0,Other,2,4,1,1,1
Canada,Male,72,2,0,Retired,3,3,2,3,2
Canada,Female,20,4,0,Full time employment,3,1,2,2,5
Canada,Female,75,1,0,Retired,3,2,1,3,3
Canada,Female,19,4,0,Full time student,2,3,2,1,1
Canada,Female,20,4,0,Full time student,2,1,2,3,3
Canada,Female,68,1,0,Retired,3,1,5,5,5
Canada,Female,40,3,0,Part time employment,1,2,1,2,1
Canada,Female,59,2,0,Full time employment,1,3,2,1,1
Canada,Male,69,3,0,Retired,2,3,1,1,1
Canada,Female,22,3,0,Part time employment,1,1,4,5,5
Canada,Male,68,3,0,Full time employment,1,2,4,2,4
Canada,Female,63,1,0,Unemployed,3,5,1,1,1
Canada,Male,68,2,0,Retired,1,1,2,3,1
Canada,Male,60,2,0,Retired,2,3,3,1,1
Canada,Female,60,1,0,Part time employment,1,1,1,1,1
Canada,Female,65,2,0,Full time employment,3,3,2,3,2
Canada,Male,57,1,0,Not working,4,2,4,4,1
Canada,Male,73,2,0,Full time employment,4,4,3,1,1
Canada,Female,52,3,0,Not working,5,1,3,1,1
Canada,Female,49,2,0,Not working,3,3,3,3,3
Canada,Male,30,1,0,Full time employment,3,3,1,1,1
Canada,Female,28,3,0,Unemployed,3,2,2,3,2
Canada,Female,26,2,0,Part time employment,5,1,4,4,4
Canada,Female,69,2,0,Retired,5,1,3,5,1
Canada,Male,57,2,0,Full time employment,3,3,1,2,2
Canada,Male,70,2,0,Retired,5,1,5,5,5
Canada,Male,70,1,0,Retired,1,1,3,1,1
Canada,Female,69,2,0,Unemployed,4,4,1,5,3
Canada,Female,54,2,0,Full time employment,1,5,1,1,1
Canada,Female,55,2,0,Retired,1,1,1,1,1
Canada,Female,68,1,0,Retired,1,1,3,5,3
Canada,Female,60,1,0,Not working,1,3,1,1,1
Canada,Male,55,2,0,Unemployed,1,1,1,1,1
Canada,Female,28,3,0,Full time employment,1,3,3,1,1
Canada,Female,55,3,0,Not working,5,1,5,5,5
Canada,Female,52,2,0,Not working,1,1,3,4,5
Canada,Female,32,4,0,Unemployed,3,1,2,1,1
Canada,Female,26,4,0,Full time student,5,2,3,5,1
Canada,Female,73,1,0,Part time employment,5,1,3,5,5
Canada,Male,68,1,0,Part time employment,4,3,1,5,1
Canada,Male,67,1,0,Retired,4,5,1,1,1
Canada,Female,79,3,0,Full time employment,2,2,3,2,2
Canada,Male,89,2,0,Retired,3,2,1,2,2
Canada,Female,54,2,0,Part time employment,4,5,4,5,3
Canada,Female,64,6,0,Full time employment,1,3,3,1,1
Canada,Male,72,2,0,Full time employment,1,1,3,5,1
Canada,Female,62,2,0,Unemployed,1,4,2,1,1
Canada,Male,89,2,0,Retired,1,4,1,1,1
Canada,Female,63,2,0,Retired,2,4,1,1,1
Canada,Male,63,1,0,Not working,3,3,4,2,1
Canada,Male,60,1,0,Retired,5,5,1,2,1
Canada,Female,76,2,0,Retired,3,3,2,1,1
Canada,Female,77,1,0,Retired,5,1,3,5,5
Canada,Female,55,2,0,Part time employment,3,3,3,3,4
Canada,Female,68,1,0,Retired,3,4,1,1,1
Canada,Female,76,1,0,Retired,4,1,4,4,2
Canada,Female,58,2,0,Full time employment,5,3,1,5,3
Canada,Female,71,1,0,Retired,2,1,2,1,1
Canada,Female,25,4,0,Unemployed,3,1,3,3,2
Canada,Female,71,2,0,Retired,4,4,3,3,1
Canada,Female,50,2,0,Full time employment,5,5,5,5,5
Canada,Male,65,2,0,Full time employment,4,1,3,4,3
Canada,Female,66,2,0,Retired,3,3,4,4,1
Canada,Female,57,2,0,Not working,3,2,1,5,1
Canada,Female,38,2,0,Unemployed,4,3,2,1,1
Canada,Female,35,2,0,Unemployed,5,5,3,5,3
Canada,Female,65,1,0,Part time employment,5,4,1,1,1
Canada,Female,64,4,0,Full time employment,4,2,3,1,1
Canada,Female,37,1,0,Full time employment,5,1,4,5,2
Canada,Male,62,2,0,Other,2,5,3,1,1
Canada,Female,74,2,0,Retired,5,4,3,3,1
Canada,Female,63,2,0,Retired,3,3,2,1,1
Canada,Male,55,1,0,Not working,1,3,3,1,1
Canada,Male,25,2,0,Full time employment,2,5,1,1,1
Canada,Female,56,4,0,Not working,1,3,1,1,1
Canada,Female,56,3,0,Retired,3,1,2,2,1
Canada,Female,73,2,0,Retired,3,3,1,1,1
Canada,Female,66,2,0,Not working,3,2,2,1,1
Canada,Female,90,1,0,Retired,3,5,3,1,1
Canada,Male,55,2,0,Not working,1,1,1,3,1
Canada,Female,39,2,0,Unemployed,2,1,2,3,3
Canada,Female,66,2,0,Retired,3,3,1,1,1
Canada,Female,84,1,0,Retired,2,4,2,1,1
Canada,Male,36,2,0,Full time employment,4,5,1,2,1
Canada,Male,20,1,0,Full time employment,1,1,1,3,4
Canada,Male,67,2,0,Retired,3,3,1,1,1
Canada,Male,64,2,0,Full time employment,2,2,1,5,1
Canada,Male,67,1,0,Retired,1,5,1,1,1
Canada,Male,72,2,0,Retired,3,4,1,1,1
Canada,Male,63,4,0,Retired,5,3,4,4,2
Canada,Male,47,2,0,Not working,5,1,5,5,5
Canada,Male,61,1,0,Retired,1,1,5,1,1
Canada,Male,55,1,0,Full time employment,2,1,1,1,1
Canada,Male,67,2,0,Retired,5,5,1,1,5
Canada,Male,64,4,0,Part time employment,5,3,1,2,1
Canada,Male,57,Don't know,0,Not working,1,1,3,3,3
Canada,Male,64,2,0,Retired,3,5,1,1,1
Canada,Male,48,1,0,Full time employment,2,2,2,1,1
Canada,Male,18,3,0,Other,3,3,3,3,2
Canada,Male,19,Prefer not to say,0,Part time employment,3,3,3,3,3
Canada,Male,20,6,0,Part time employment,3,3,3,3,3
Canada,Male,26,2,0,Full time employment,4,4,2,5,5
Canada,Male,35,2,0,Full time employment,2,3,2,2,2
Canada,Male,48,1,0,Unemployed,4,1,2,3,1
Canada,Male,20,2,0,Not working,3,1,2,3,1
Canada,Female,24,2,0,Full time student,1,3,1,2,1
Canada,Female,34,1,0,Full time employment,3,5,1,1,1
Canada,Male,67,1,0,Retired,5,5,1,5,1
Canada,Male,53,1,0,Not working,1,5,1,1,1
Canada,Male,50,2,0,Unemployed,1,5,1,1,1
Canada,Female,71,2,0,Retired,3,1,1,1,1
Canada,Female,77,1,0,Retired,3,5,3,5,3
Canada,Male,62,1,0,Retired,3,5,1,1,1
Canada,Female,46,2,0,Part time employment,1,1,1,3,3
Canada,Male,67,2,0,Retired,1,5,1,1,1
Canada,Female,78,2,0,Retired,1,2,1,1,1
Canada,Male,35,2,0,Full time employment,1,4,1,2,1
Canada,Male,69,2,0,Retired,1,4,1,1,1
Canada,Female,60,2,0,Full time employment,1,2,2,1,1
Canada,Female,26,2,0,Full time employment,1,4,1,1,1
Canada,Male,37,2,0,Full time employment,3,4,3,3,1
Canada,Female,69,2,0,Retired,1,4,1,1,1
Canada,Female,64,3,0,Full time employment,1,1,2,3,2
Canada,Male,86,2,0,Retired,3,3,1,4,2
Canada,Female,49,3,0,Part time employment,3,4,4,3,3
Canada,Female,48,2,0,Full time employment,3,1,3,3,1
Canada,Female,61,2,0,Retired,1,2,2,1,1
Canada,Female,65,2,0,Retired,3,1,5,5,4
Canada,Female,54,2,0,Unemployed,3,3,2,3,2
Canada,Male,62,1,0,Full time employment,1,3,1,1,1
Canada,Female,57,1,0,Part time employment,1,2,2,2,1
Canada,Male,65,2,0,Retired,1,1,1,5,5
Canada,Female,59,3,0,Not working,1,2,1,1,1
Canada,Female,44,2,0,Not working,3,1,3,3,2
Canada,Male,63,2,0,Full time employment,1,1,3,3,2
Canada,Female,72,2,0,Retired,4,5,3,3,3
Canada,Female,55,2,0,Not working,1,3,3,1,1
Canada,Female,44,3,0,Unemployed,2,3,2,2,2
Canada,Female,38,2,0,Full time employment,4,3,3,4,4
Canada,Male,73,2,0,Retired,2,4,4,1,1
Canada,Female,42,1,0,Other,2,5,3,4,2
Canada,Female,60,2,0,Retired,2,2,2,2,4
Canada,Male,61,1,0,Unemployed,4,3,3,3,1
Canada,Female,75,1,0,Retired,5,3,2,3,3
Canada,Male,71,2,0,Retired,1,3,1,1,5
Canada,Female,73,2,0,Retired,1,1,1,1,1
Canada,Female,55,5,0,Unemployed,1,1,4,4,5
Canada,Male,67,4,0,Part time employment,3,4,1,1,1
Canada,Male,47,2,0,Unemployed,2,5,3,1,1
Canada,Male,25,2,0,Full time employment,4,2,1,4,4
Canada,Male,77,1,0,Full time employment,3,3,2,4,3
Canada,Male,53,2,0,Full time employment,1,2,2,1,1
Canada,Male,54,2,0,Full time employment,3,2,1,4,1
Canada,Male,35,2,0,Full time employment,3,5,5,5,5
Canada,Male,49,1,0,Full time employment,3,3,1,1,1
Canada,Male,40,1,0,Full time employment,4,4,2,2,1
Canada,Male,49,6,0,Retired,4,1,5,5,5
Canada,Male,52,1,0,Full time employment,3,5,1,1,1
Canada,Male,54,2,0,Full time employment,2,3,1,1,1
Canada,Male,47,2,0,Full time employment,1,1,2,1,1
Canada,Male,40,2,0,Part time employment,5,1,5,5,5
Canada,Male,24,2,0,Part time employment,1,1,4,2,1
Canada,Male,22,2,0,Part time employment,3,4,4,4,3
