﻿Country,Gender,Age,Household_size,Household_children,Employment_status,vac2_1,vac2_2,vac2_3,vac2_6,vac_3
Finland,Male,62,3,0,Retired,3,2,2,1,1
Finland,Female,67,2,0,Retired,2,2,2,2,1
Finland,Female,18,1,0,Full time student,2,3,3,2,1
Finland,Female,30,3,1,Part time employment,2,1,3,4,5
Finland,Female,31,1,0,Full time employment,4,3,3,5,5
Finland,Female,24,3,0,Full time student,3,4,3,3,3
Finland,Female,57,2,0,Full time employment,2,2,2,1,1
Finland,Female,58,4,0,Part time employment,2,2,2,2,1
Finland,Female,65,2,0,Retired,3,1,4,3,2
Finland,Female,65,1,0,Retired,4,3,2,3,2
Finland,Male,55,2,0,Full time employment,2,1,2,2,5
Finland,Male,42,2,0,Full time employment,1,1,3,2,1
Finland,Female,37,2,0,Full time employment,2,3,4,3,3
Finland,Male,68,1,0,Retired,3,4,1,3,2
Finland,Male,43,1,0,Full time employment,3,3,4,3,3
Finland,Male,62,2,0,Full time employment,3,1,2,4,3
Finland,Male,68,1,0,Retired,3,4,1,1,1
Finland,Female,73,1,0,Retired,1,3,1,1,1
Finland,Male,34,1,0,Unemployed,5,1,5,5,5
Finland,Male,52,2,0,Full time employment,5,1,4,4,4
Finland,Male,37,1,0,Unemployed,4,3,4,4,3
Finland,Female,24,1,0,Full time employment,4,2,3,4,3
Finland,Male,35,1,0,Full time student,3,1,3,4,4
Finland,Male,63,2,0,Retired,3,5,2,1,1
Finland,Male,68,1,0,Retired,5,5,1,1,1
Finland,Male,70,2,0,Retired,2,4,2,1,1
Finland,Male,26,1,0,Unemployed,1,1,2,3,3
Finland,Male,64,2,0,Retired,5,2,3,2,1
Finland,Male,26,2,0,Full time employment,1,5,1,1,1
Finland,Male,69,2,0,Retired,3,5,1,1,1
Finland,Male,71,2,0,Retired,4,5,1,1,2
Finland,Male,56,1,0,Retired,5,5,5,5,5
Finland,Male,42,4,2,Full time employment,4,2,4,3,3
Finland,Female,26,2,0,Full time employment,3,4,1,1,5
Finland,Male,23,1,0,Unemployed,3,3,3,3,3
Finland,Male,39,1,0,Full time employment,4,4,1,1,1
Finland,Female,44,2,0,Full time employment,3,1,3,3,3
Finland,Female,36,2,0,Full time employment,4,1,3,4,4
Finland,Female,35,1,0,Full time employment,3,3,3,2,2
Finland,Female,40,3,1,Full time employment,2,4,2,2,1
Finland,Male,28,1,0,Full time employment,1,4,1,1,1
Finland,Male,23,2,0,Full time employment,5,4,1,2,2
Finland,Female,26,2,0,Part time employment,4,3,3,3,1
Finland,Female,25,1,0,Full time employment,2,3,1,3,1
Finland,Female,49,3,1,Part time employment,2,2,3,3,3
Finland,Female,31,3,1,Not working,1,2,2,3,3
Finland,Male,62,2,0,Retired,2,3,1,1,1
Finland,Female,43,4,2,Full time employment,3,1,3,5,5
Finland,Female,40,1,0,Retired,2,1,3,3,3
Finland,Female,49,2,0,Full time employment,3,2,2,3,3
Finland,Female,41,1,0,Retired,1,1,1,5,5
Finland,Female,53,3,2,Full time student,3,1,3,3,5
Finland,Female,71,2,0,Retired,1,2,1,1,1
Finland,Male,37,4,2,Full time employment,3,4,2,4,4
Finland,Female,66,1,0,Full time employment,1,3,1,2,1
Finland,Female,25,2,0,Unemployed,2,1,2,2,3
Finland,Female,45,4,2,Full time employment,2,1,2,3,2
Finland,Female,60,2,0,Full time employment,5,5,1,1,1
Finland,Male,70,1,0,Retired,3,4,2,1,1
Finland,Male,29,1,0,Full time employment,3,2,2,3,2
Finland,Female,52,1,0,Part time employment,3,2,3,4,4
Finland,Female,45,4,2,Full time employment,1,1,2,1,1
Finland,Female,22,2,0,Full time student,3,4,3,2,5
Finland,Male,68,1,0,Retired,2,2,2,2,4
Finland,Female,40,4,2,Full time employment,2,1,1,3,3
Finland,Male,59,2,0,Full time employment,4,4,2,3,3
Finland,Female,57,1,0,Full time employment,1,2,1,1,1
Finland,Male,51,2,0,Full time employment,2,3,2,3,2
Finland,Female,45,6,3,Full time employment,3,1,3,4,5
Finland,Male,25,2,0,Full time employment,3,3,4,3,3
Finland,Male,36,1,4,Full time employment,3,3,3,3,2
Finland,Male,41,4,2,Full time employment,2,3,4,3,3
Finland,Male,35,3,1,Full time employment,1,5,1,1,4
Finland,Female,55,1,0,Unemployed,1,3,1,3,1
Finland,Male,59,3,0,Retired,2,4,1,1,1
Finland,Female,53,3,1,Full time employment,2,2,2,2,2
Finland,Male,32,3,1,Full time employment,2,4,4,3,3
Finland,Female,23,1,0,Full time student,3,3,2,3,2
Finland,Female,26,1,0,Full time employment,2,3,1,3,2
Finland,Female,25,2,0,Full time student,4,4,1,1,1
Finland,Male,62,1,0,Retired,5,5,5,5,5
Finland,Female,61,1,0,Part time employment,2,2,2,3,2
Finland,Female,37,1,0,Unemployed,4,3,3,4,3
Finland,Male,59,2,0,Part time employment,2,4,4,2,3
Finland,Male,66,2,0,Retired,3,4,2,4,1
Finland,Male,20,4,0,Full time student,5,5,5,5,4
Finland,Male,23,2,0,Full time employment,3,2,4,4,3
Finland,Male,69,1,0,Retired,2,2,2,1,1
Finland,Female,52,2,0,Full time employment,3,3,2,1,1
Finland,Male,79,2,0,Retired,1,3,3,1,1
Finland,Male,65,1,0,Retired,3,4,1,1,1
Finland,Female,79,2,0,Retired,3,3,2,1,1
Finland,Male,31,4,0,Full time student,5,3,2,4,3
Finland,Female,58,1,0,Retired,2,3,2,2,2
Finland,Female,39,3,1,Full time employment,3,1,3,5,4
Finland,Male,76,2,0,Retired,2,2,2,1,1
Finland,Male,29,5,0,Full time employment,2,2,3,2,2
Finland,Male,26,4,0,Full time employment,3,3,3,3,3
Finland,Male,53,1,0,Full time employment,3,5,1,1,1
Finland,Male,24,3,0,Full time student,3,4,3,3,3
Finland,Male,45,5,1,Full time employment,4,1,3,5,4
Finland,Male,62,2,0,Retired,1,1,3,5,5
Finland,Female,75,1,0,Retired,3,2,3,3,3
Finland,Male,64,1,0,Retired,3,3,3,3,2
Finland,Male,35,2,0,Full time employment,3,2,1,2,1
Finland,Male,60,2,1,Full time employment,1,4,2,1,1
Finland,Male,22,3,0,Full time employment,2,2,2,2,3
Finland,Male,36,1,0,Full time employment,2,2,2,1,1
Finland,Female,38,2,0,Full time employment,2,3,3,1,2
Finland,Male,55,6,2,Full time employment,2,4,1,1,1
Finland,Female,51,3,1,Part time employment,2,2,2,2,1
Finland,Female,63,2,0,Retired,3,4,1,1,1
Finland,Female,65,2,0,Retired,1,1,2,1,1
Finland,Female,62,1,0,Retired,1,2,2,1,1
Finland,Female,66,1,0,Full time employment,3,3,3,1,1
Finland,Female,58,3,0,Full time employment,4,4,1,2,1
Finland,Male,68,2,0,Retired,3,3,3,3,3
Finland,Female,42,5,3,Full time employment,1,1,1,2,1
Finland,Female,20,4,0,Full time student,2,4,2,1,1
Finland,Female,71,2,0,Retired,1,5,2,1,1
Finland,Female,70,3,0,Part time employment,1,2,3,3,3
Finland,Male,39,4,3,Full time employment,4,2,4,3,3
Finland,Male,75,2,0,Retired,2,4,1,1,1
Finland,Male,71,1,0,Retired,3,5,1,1,1
Finland,Male,71,1,0,Retired,4,4,1,1,1
Finland,Female,63,1,0,Retired,1,1,1,1,1
Finland,Male,49,2,0,Full time employment,2,4,1,1,1
Finland,Female,70,1,0,Part time employment,2,4,1,1,1
Finland,Male,54,2,0,Full time employment,3,2,2,2,3
Finland,Female,42,2,0,Full time employment,5,5,2,5,3
Finland,Female,69,2,0,Retired,3,3,5,4,5
Finland,Female,70,1,0,Retired,2,3,2,1,1
Finland,Female,43,2,0,Full time employment,4,2,3,4,4
Finland,Female,81,1,0,Retired,2,3,5,1,1
Finland,Male,72,2,0,Retired,4,4,4,5,1
Finland,Female,61,2,0,Retired,1,1,2,1,1
Finland,Female,68,2,0,Retired,5,1,5,5,5
Finland,Male,75,2,0,Retired,1,2,1,1,1
Finland,Male,65,1,0,Retired,3,3,2,4,2
Finland,Female,65,2,0,Retired,2,2,2,3,3
Finland,Female,57,3,0,Full time employment,1,1,2,3,3
Finland,Female,39,1,0,Full time employment,2,1,1,2,2
Finland,Female,71,1,0,Retired,4,4,1,1,1
Finland,Male,35,6,4,Part time employment,3,3,3,3,3
Finland,Female,62,2,0,Retired,1,1,3,3,4
Finland,Female,66,2,0,Retired,3,4,2,1,1
Finland,Female,30,4,2,Part time employment,1,4,2,1,1
Finland,Male,48,1,0,Retired,1,1,5,5,5
Finland,Male,36,3,1,Full time employment,3,3,3,3,3
Finland,Male,39,1,0,Full time student,3,2,2,1,1
Finland,Female,47,1,0,Retired,2,2,2,3,1
Finland,Female,56,2,0,Retired,3,3,2,1,3
Finland,Female,64,2,0,Retired,1,4,1,1,2
Finland,Female,81,1,0,Retired,3,4,1,1,1
Finland,Female,33,3,1,Full time employment,3,1,5,4,4
Finland,Female,28,1,0,Part time employment,3,2,3,3,2
Finland,Female,72,2,0,Retired,3,1,3,3,3
Finland,Female,69,1,0,Retired,3,3,1,1,1
Finland,Male,26,3,1,Unemployed,5,1,2,4,3
Finland,Female,48,4,1,Full time employment,4,4,3,4,3
Finland,Male,59,1,0,Part time employment,3,3,2,1,1
Finland,Male,65,1,0,Retired,3,3,1,1,2
Finland,Female,63,1,0,Unemployed,4,3,3,2,2
Finland,Male,78,2,0,Retired,1,2,1,2,1
Finland,Female,67,2,0,Retired,3,2,2,1,1
Finland,Female,60,2,0,Full time employment,3,2,4,3,4
Finland,Male,67,2,1,Retired,3,5,1,1,1
Finland,Female,81,1,0,Retired,5,5,5,3,1
Finland,Female,40,2,0,Retired,3,4,4,3,3
Finland,Female,42,3,2,Part time employment,1,1,3,5,2
Finland,Male,51,3,1,Full time employment,2,4,3,3,1
Finland,Male,36,5,3,Full time employment,5,1,3,4,4
Finland,Female,42,5,3,Full time employment,5,5,3,3,3
Finland,Female,64,2,0,Retired,4,2,4,4,1
Finland,Female,24,1,1,Unemployed,1,1,3,5,1
Finland,Female,42,5,2,Full time employment,2,3,2,4,2
Finland,Male,35,3,1,Unemployed,5,5,5,5,5
Finland,Female,71,2,0,Retired,3,3,3,3,2
Finland,Male,64,2,0,Retired,4,3,2,1,1
Finland,Female,58,2,1,Part time employment,1,4,2,4,2
Finland,Female,74,1,0,Retired,2,2,1,1,1
Finland,Male,54,2,0,Full time employment,1,4,1,1,1
Finland,Female,53,1,0,Part time employment,4,4,1,3,1
Finland,Male,46,1,0,Unemployed,2,4,1,1,1
Finland,Female,62,3,0,Part time employment,3,3,2,3,2
Finland,Female,41,4,2,Full time employment,2,2,2,2,2
Finland,Male,54,1,0,Part time employment,4,5,5,5,5
Finland,Female,58,4,0,Retired,2,1,1,4,2
Finland,Female,36,2,0,Part time employment,2,1,3,4,3
Finland,Female,21,2,0,Full time employment,4,4,3,3,5
Finland,Female,68,1,0,Retired,3,3,3,2,2
Finland,Male,58,2,0,Part time employment,5,1,1,5,5
Finland,Female,44,6,4,Full time employment,4,4,3,3,3
Finland,Male,64,2,0,Retired,2,3,2,3,1
Finland,Male,66,2,0,Retired,3,2,3,3,3
Finland,Female,74,2,0,Retired,3,4,2,1,1
Finland,Female,56,3,0,Part time employment,3,4,4,3,3
Finland,Male,30,4,0,Unemployed,2,1,4,5,5
Finland,Male,42,3,1,Full time employment,4,4,5,4,4
Finland,Male,54,2,0,Full time employment,2,3,4,3,2
Finland,Male,75,2,0,Part time employment,2,3,1,1,1
Finland,Male,61,2,0,Retired,5,5,3,1,1
Finland,Female,66,1,0,Retired,2,1,5,3,3
Finland,Male,52,4,1,Full time employment,4,4,1,1,1
Finland,Male,42,1,0,Part time employment,2,1,3,3,2
Finland,Female,53,2,0,Unemployed,4,2,2,3,2
Finland,Female,62,3,0,Retired,1,1,5,1,1
Finland,Female,44,2,0,Part time employment,5,3,4,5,5
Finland,Female,55,2,0,Retired,1,3,2,1,1
Finland,Male,55,2,0,Retired,3,4,5,1,1
Finland,Male,20,2,0,Unemployed,3,1,3,5,4
Finland,Male,59,2,0,Unemployed,3,2,2,2,1
Finland,Male,47,4,2,Full time employment,4,1,3,2,2
Finland,Male,37,1,0,Full time employment,3,3,3,3,4
Finland,Male,23,1,0,Full time student,4,2,3,3,4
Finland,Male,57,5,3,Full time employment,3,4,2,2,1
Finland,Female,62,3,0,Retired,4,3,2,1,5
Finland,Female,60,2,0,Not working,1,2,1,1,1
Finland,Male,28,1,0,Full time student,3,3,3,3,2
Finland,Female,64,1,0,Retired,4,4,1,1,1
Finland,Female,42,3,2,Part time employment,4,2,3,5,3
Finland,Male,62,2,0,Full time employment,3,4,2,4,2
Finland,Male,73,2,0,Retired,3,4,4,1,1
Finland,Male,43,1,0,Unemployed,2,3,2,3,2
Finland,Female,71,2,0,Retired,2,5,1,1,1
Finland,Female,34,3,2,Full time employment,3,3,3,3,3
Finland,Male,57,2,0,Full time employment,4,2,3,3,2
Finland,Female,58,2,0,Part time employment,5,5,4,2,1
Finland,Male,46,3,1,Full time employment,2,3,1,2,1
Finland,Female,79,2,0,Retired,4,5,2,1,1
Finland,Male,33,1,0,Full time employment,5,1,5,5,5
Finland,Male,72,4,1,Retired,2,4,4,1,1
Finland,Female,73,3,0,Retired,3,2,1,1,1
Finland,Female,72,2,0,Retired,3,4,2,1,1
Finland,Female,56,1,0,Retired,1,1,1,3,2
Finland,Male,45,4,1,Full time employment,5,3,1,1,1
Finland,Male,58,1,0,Retired,1,2,3,3,1
Finland,Female,56,4,0,Part time employment,3,3,3,3,3
Finland,Male,56,3,1,Full time employment,5,1,5,5,5
Finland,Female,67,2,0,Retired,2,2,1,1,1
Finland,Male,46,1,0,Retired,1,4,2,1,1
Finland,Female,55,2,0,Unemployed,1,2,1,1,1
Finland,Male,22,1,0,Full time employment,5,3,3,5,2
Finland,Male,23,2,0,Full time student,4,3,1,3,2
Finland,Female,63,1,0,Retired,2,1,2,3,3
Finland,Female,45,4,2,Part time employment,3,2,2,1,1
Finland,Male,61,2,0,Unemployed,2,5,1,1,1
Finland,Female,67,2,0,Retired,5,1,5,2,3
Finland,Male,47,3,1,Full time employment,3,3,1,1,5
Finland,Female,70,2,0,Retired,1,2,1,1,1
Finland,Female,74,1,0,Retired,3,3,1,1,1
Finland,Female,43,1,0,Full time employment,1,2,2,1,1
Finland,Male,57,1,0,Unemployed,1,3,2,1,3
Finland,Male,77,4,0,Retired,1,1,1,1,1
Finland,Female,40,1,0,Full time employment,3,3,2,2,2
Finland,Male,60,2,0,Full time employment,3,4,5,4,2
Finland,Male,67,2,0,Retired,3,4,2,1,1
Finland,Male,76,1,0,Retired,3,5,1,4,1
Finland,Male,61,3,0,Unemployed,2,3,3,2,1
Finland,Male,58,2,1,Full time employment,3,2,1,1,5
Finland,Male,24,1,0,Unemployed,3,3,3,5,5
Finland,Male,55,1,0,Full time employment,3,3,2,2,1
Finland,Female,65,2,0,Part time employment,1,3,2,1,1
Finland,Female,74,2,0,Full time employment,3,3,2,1,1
Finland,Female,62,2,0,Part time employment,3,2,3,3,5
Finland,Male,39,4,2,Full time employment,2,4,1,1,1
Finland,Female,66,1,0,Retired,1,1,1,1,1
Finland,Male,42,2,0,Retired,4,5,1,1,1
Finland,Male,57,2,0,Full time employment,4,2,4,5,5
Finland,Male,53,1,0,Retired,4,1,5,5,5
Finland,Female,51,4,2,Part time employment,2,3,2,1,1
Finland,Male,71,2,0,Retired,2,3,3,2,1
Finland,Female,39,4,2,Full time employment,4,1,4,4,2
Finland,Female,41,5,3,Retired,2,3,2,2,1
Finland,Female,60,4,0,Unemployed,4,3,1,4,1
Finland,Female,32,1,0,Full time student,2,1,1,5,4
Finland,Female,86,1,0,Retired,5,5,3,5,1
Finland,Male,63,2,0,Full time employment,1,2,1,1,1
Finland,Female,45,6,0,Unemployed,4,4,3,4,4
Finland,Male,22,5,0,Part time employment,3,3,3,3,4
Finland,Male,49,4,1,Full time employment,5,1,3,5,3
Finland,Female,18,4,0,Full time student,5,1,3,3,3
Finland,Female,19,4,0,Full time student,2,2,2,3,2
Finland,Female,71,1,0,Retired,2,1,3,2,2
Finland,Male,39,2,0,Full time employment,1,3,1,1,1
Finland,Female,57,1,0,Full time employment,4,2,2,4,4
Finland,Female,20,3,0,Full time student,5,4,2,2,2
Finland,Male,66,3,1,Retired,3,4,2,2,1
Finland,Female,64,2,0,Retired,3,1,2,3,4
Finland,Female,65,1,0,Retired,2,2,2,3,2
Finland,Female,18,3,0,Full time student,4,2,2,3,3
Finland,Male,27,2,0,Unemployed,4,1,3,5,5
Finland,Male,24,2,0,Full time student,3,3,3,3,3
Finland,Male,44,1,0,Full time employment,5,5,4,3,2
Finland,Male,46,5,4,Unemployed,3,1,5,5,3
Finland,Female,56,4,2,Full time employment,3,1,2,2,1
Finland,Female,54,1,0,Full time employment,3,1,4,5,5
Finland,Female,59,2,0,Full time employment,3,2,5,4,5
Finland,Male,43,2,0,Full time employment,3,4,1,1,1
Finland,Female,51,2,0,Part time employment,2,2,3,3,3
Finland,Male,44,3,1,Full time employment,4,4,1,1,1
Finland,Male,66,1,0,Retired,1,4,1,1,1
Finland,Female,51,1,0,Retired,1,1,1,3,3
Finland,Female,55,2,0,Full time employment,1,1,3,3,1
Finland,Male,72,1,0,Retired,4,3,2,1,1
Finland,Female,79,1,0,Retired,3,3,3,3,3
Finland,Female,64,1,0,Full time employment,4,2,2,1,1
Finland,Male,56,1,0,Not working,1,4,1,1,1
Finland,Female,24,2,0,Unemployed,4,1,4,5,5
Finland,Female,32,3,1,Part time employment,4,5,1,1,1
Finland,Male,28,1,0,Unemployed,2,3,3,4,3
Finland,Female,20,3,0,Part time employment,3,2,2,3,3
Finland,Male,63,2,0,Full time employment,1,1,2,2,1
Finland,Male,21,1,0,Part time employment,3,4,1,1,1
Finland,Male,37,1,0,Unemployed,3,2,4,4,3
Finland,Male,63,1,0,Full time employment,4,5,1,1,1
Finland,Female,67,1,0,Retired,5,1,1,1,1
Finland,Male,44,3,1,Part time employment,2,5,1,1,1
Finland,Male,65,2,0,Retired,5,3,3,5,3
Finland,Female,35,2,0,Retired,2,4,2,1,1
Finland,Female,54,1,0,Unemployed,1,2,3,1,1
Finland,Female,28,3,1,Unemployed,3,1,2,3,3
Finland,Female,64,2,0,Retired,1,3,2,2,4
Finland,Male,56,2,0,Full time employment,2,3,1,1,1
Finland,Male,36,1,0,Unemployed,2,2,2,2,3
Finland,Male,75,2,0,Retired,3,5,1,1,5
Finland,Female,61,2,0,Retired,3,2,3,1,1
Finland,Male,61,1,0,Full time employment,3,4,2,4,1
Finland,Female,40,2,0,Full time employment,1,2,3,3,2
Finland,Male,66,4,2,Retired,4,3,1,1,1
Finland,Female,49,2,0,Full time employment,2,1,2,3,2
Finland,Male,37,3,1,Full time employment,2,2,2,3,1
Finland,Male,21,2,0,Full time student,4,3,3,4,3
Finland,Male,45,2,0,Full time employment,4,4,3,3,2
Finland,Female,35,2,0,Full time employment,1,1,2,3,3
Finland,Male,38,4,2,Full time employment,4,4,1,1,1
Finland,Male,47,6,3,Full time employment,1,2,1,1,5
Finland,Male,56,2,0,Retired,3,2,2,2,1
Finland,Female,26,1,0,Unemployed,2,4,4,3,3
Finland,Male,66,2,0,Retired,2,3,1,1,1
Finland,Male,49,1,1,Full time employment,5,4,3,5,5
Finland,Female,69,3,0,Retired,1,4,2,2,3
Finland,Male,50,1,0,Retired,2,1,2,1,2
Finland,Male,42,2,1,Unemployed,5,1,5,5,3
Finland,Female,32,3,1,Full time employment,1,1,3,3,3
Finland,Male,66,2,0,Retired,3,3,1,1,1
Finland,Male,34,1,0,Unemployed,3,2,1,1,1
Finland,Male,31,4,2,Full time employment,4,3,1,1,1
Finland,Female,24,2,0,Full time student,3,1,4,4,4
Finland,Female,61,1,0,Retired,4,3,2,4,2
Finland,Female,34,2,0,Unemployed,1,4,1,1,1
Finland,Female,18,2,0,Part time employment,2,3,4,3,1
Finland,Male,73,2,0,Retired,5,2,1,3,1
Finland,Male,34,3,1,Full time employment,4,4,4,4,4
Finland,Male,33,4,0,Part time employment,4,1,2,3,3
Finland,Female,65,2,0,Retired,2,1,3,3,3
Finland,Male,69,1,0,Full time employment,3,2,4,3,3
Finland,Male,39,1,0,Full time employment,3,3,1,1,1
Finland,Female,76,1,0,Retired,2,4,2,1,1
Finland,Female,19,3,0,Unemployed,4,3,3,4,4
Finland,Male,43,4,2,Full time employment,3,2,4,5,5
Finland,Male,49,1,0,Unemployed,5,1,3,5,3
Finland,Male,65,2,0,Retired,4,5,3,1,1
Finland,Male,51,1,0,Unemployed,3,1,3,3,3
Finland,Female,36,1,0,Part time employment,2,4,3,2,3
Finland,Female,61,1,0,Part time employment,1,4,1,1,1
Finland,Female,68,2,0,Retired,1,3,2,1,1
Finland,Male,72,2,0,Retired,2,3,4,5,5
Finland,Female,74,2,0,Retired,3,4,1,1,1
Finland,Female,28,1,0,Full time student,3,3,1,2,1
Finland,Male,69,2,0,Retired,1,4,1,1,1
Finland,Male,27,2,0,Full time employment,3,4,3,1,1
Finland,Female,49,4,1,Part time employment,2,3,1,1,1
Finland,Male,68,1,0,Retired,2,5,2,3,3
Finland,Male,70,2,0,Retired,1,3,1,1,1
Finland,Male,69,3,0,Retired,2,2,2,2,1
Finland,Female,70,2,0,Retired,2,2,2,1,1
Finland,Female,30,4,2,Full time employment,4,5,3,3,3
Finland,Male,20,1,0,Full time student,2,4,3,3,3
Finland,Male,30,4,1,Full time employment,3,1,2,3,5
Finland,Male,42,1,0,Unemployed,3,3,2,3,3
Finland,Female,59,1,0,Retired,2,2,1,2,4
Finland,Male,68,1,0,Retired,3,3,1,1,1
Finland,Male,59,2,0,Full time employment,2,4,1,1,1
Finland,Female,44,2,0,Unemployed,2,1,1,2,2
Finland,Female,33,3,1,Full time employment,3,3,4,2,1
Finland,Male,62,2,0,Unemployed,2,3,2,1,2
Finland,Female,52,1,0,Full time employment,5,5,1,1,1
Finland,Male,74,2,0,Retired,3,1,2,3,1
Finland,Male,39,2,0,Unemployed,3,3,3,4,3
Finland,Male,68,1,0,Retired,4,4,2,5,4
Finland,Female,24,2,0,Retired,4,5,3,3,4
Finland,Male,30,3,1,Full time employment,2,4,2,2,1
Finland,Male,29,2,0,Full time employment,3,1,1,1,1
Finland,Female,50,2,0,Full time employment,4,1,2,3,2
Finland,Female,54,2,0,Part time employment,2,3,3,1,1
Finland,Male,61,2,0,Retired,4,4,4,1,1
Finland,Female,60,1,0,Full time employment,3,3,2,1,1
Finland,Female,39,2,1,Full time employment,3,1,5,5,4
Finland,Female,75,2,0,Retired,3,4,1,1,1
Finland,Male,66,2,0,Retired,3,3,2,2,2
Finland,Female,51,6,1,Full time employment,2,2,1,2,1
Finland,Male,58,2,1,Full time employment,4,5,3,5,3
Finland,Male,67,1,0,Retired,3,3,2,1,1
Finland,Female,42,2,0,Retired,5,4,4,1,1
Finland,Male,49,1,0,Unemployed,4,1,2,4,3
Finland,Male,40,4,1,Full time employment,3,3,3,3,3
Finland,Female,22,1,0,Full time student,3,2,3,3,3
Finland,Male,27,3,0,Unemployed,3,4,4,3,3
Finland,Female,64,2,0,Retired,4,3,1,1,1
Finland,Female,44,3,1,Part time employment,4,2,3,3,3
Finland,Female,54,1,0,Retired,2,4,2,2,1
Finland,Male,78,2,0,Retired,3,3,1,1,1
Finland,Male,25,2,0,Unemployed,4,4,3,2,1
Finland,Female,25,1,0,Full time student,4,2,3,4,4
Finland,Female,30,2,0,Full time employment,5,1,5,5,5
Finland,Female,44,2,1,Full time employment,1,4,2,1,1
Finland,Male,47,1,0,Retired,4,1,2,3,3
Finland,Female,52,1,0,Part time employment,3,1,3,5,4
Finland,Male,56,2,0,Full time employment,3,4,2,1,2
Finland,Male,64,2,0,Retired,2,2,1,2,1
Finland,Female,33,1,0,Full time employment,4,4,4,3,3
Finland,Female,25,3,1,Full time employment,3,3,3,3,3
Finland,Male,26,2,0,Full time student,5,5,3,2,4
Finland,Female,68,1,0,Retired,2,2,2,1,1
Finland,Male,60,2,0,Full time employment,2,2,3,2,1
Finland,Female,60,2,0,Unemployed,2,4,3,2,1
Finland,Male,41,1,0,Unemployed,3,4,4,5,4
Finland,Male,40,2,2,Full time employment,2,2,2,2,2
Finland,Male,69,1,0,Part time employment,1,1,1,1,1
Finland,Female,21,1,0,Full time student,3,4,2,1,1
Finland,Male,57,1,0,Full time employment,1,2,2,1,1
Finland,Female,64,1,0,Retired,1,5,3,1,1
Finland,Female,66,5,0,Retired,3,3,3,4,3
Finland,Female,25,1,0,Full time employment,5,1,3,5,3
Finland,Male,28,1,0,Full time student,5,1,5,5,5
Finland,Male,44,3,1,Full time employment,3,4,4,3,1
Finland,Female,28,2,0,Full time employment,2,1,3,3,3
Finland,Female,43,1,0,Part time employment,5,1,4,4,3
Finland,Male,46,5,3,Full time employment,4,4,2,1,1
Finland,Male,30,1,0,Full time student,3,3,3,3,3
Finland,Male,58,2,0,Full time employment,5,5,1,1,1
Finland,Male,56,3,0,Full time employment,3,3,3,3,2
Finland,Male,59,3,0,Full time employment,1,1,2,2,1
Finland,Male,44,1,0,Full time employment,4,4,3,3,3
Finland,Male,34,2,0,Full time employment,4,4,1,2,1
Finland,Female,63,2,0,Not working,4,3,4,3,3
Finland,Female,27,1,0,Full time employment,4,2,3,2,2
Finland,Female,55,2,0,Unemployed,2,1,3,5,5
Finland,Male,61,2,0,Retired,3,4,4,3,4
Finland,Male,64,2,0,Unemployed,2,3,1,1,1
Finland,Female,62,1,0,Full time employment,5,5,5,5,5
Finland,Male,73,2,0,Retired,3,4,1,3,1
Finland,Female,50,2,0,Unemployed,3,3,3,1,1
Finland,Male,61,1,0,Unemployed,1,4,1,1,1
Finland,Female,59,2,0,Full time employment,3,3,3,3,2
Finland,Male,43,1,0,Full time employment,3,5,1,1,1
Finland,Male,67,2,0,Retired,2,4,2,1,1
Finland,Female,61,2,0,Full time employment,2,3,1,1,1
Finland,Male,51,1,0,Full time employment,5,5,1,1,1
Finland,Male,77,2,0,Retired,1,2,1,1,1
Finland,Male,72,2,0,Retired,5,5,1,1,1
Finland,Male,74,1,0,Retired,3,3,3,3,1
Finland,Male,71,2,0,Part time employment,4,4,2,1,1
Finland,Female,59,2,0,Unemployed,3,2,3,3,2
Finland,Male,29,2,0,Full time student,4,5,3,3,3
Finland,Female,54,1,0,Full time employment,2,1,3,2,1
Finland,Male,25,2,0,Full time student,4,2,2,2,2
Finland,Male,61,1,0,Unemployed,3,5,1,1,1
Finland,Female,35,2,0,Unemployed,2,1,2,2,2
Finland,Female,53,4,0,Unemployed,3,3,3,2,2
Finland,Male,20,1,0,Full time student,2,2,1,2,1
Finland,Male,40,2,0,Full time employment,2,2,3,2,3
Finland,Female,59,2,0,Unemployed,3,1,2,2,2
Finland,Male,46,1,0,Unemployed,5,1,3,5,5
Finland,Female,21,4,1,Part time employment,4,4,4,5,4
Finland,Female,44,5,1,Full time employment,3,3,3,4,2
Finland,Male,64,2,0,Retired,2,5,1,1,1
Finland,Male,50,1,0,Full time employment,2,1,3,3,3
Finland,Female,72,1,0,Retired,5,2,1,5,3
Finland,Female,64,1,0,Retired,4,2,3,4,2
Finland,Male,67,2,0,Retired,3,4,1,1,1
Finland,Female,58,3,0,Unemployed,5,5,5,5,5
Finland,Male,69,2,0,Retired,3,4,1,1,1
Finland,Male,51,3,2,Full time employment,2,3,4,2,3
Finland,Male,37,3,1,Full time employment,4,1,3,4,3
Finland,Male,68,2,0,Retired,3,2,2,2,1
Finland,Female,51,3,0,Full time employment,2,1,3,4,3
Finland,Male,47,5,0,Full time employment,1,2,2,1,1
Finland,Female,68,1,0,Retired,1,3,3,3,1
Finland,Male,62,2,0,Unemployed,3,3,1,1,1
Finland,Male,18,4,0,Full time student,4,3,2,4,2
Finland,Female,58,1,0,Full time employment,3,3,3,3,3
Finland,Male,33,1,0,Unemployed,3,3,2,4,4
Finland,Male,41,1,0,Full time employment,3,3,3,3,1
Finland,Male,56,3,1,Full time employment,2,4,2,1,1
Finland,Female,69,1,0,Retired,3,1,2,3,3
Finland,Female,36,1,0,Full time employment,2,2,4,1,1
Finland,Male,29,4,0,Unemployed,3,3,3,3,2
Finland,Male,48,4,1,Full time employment,2,1,3,2,3
Finland,Male,42,1,0,Full time employment,5,4,3,2,1
Finland,Male,45,4,2,Full time employment,1,1,2,3,2
Finland,Female,21,1,0,Full time student,3,3,1,1,1
Finland,Female,50,2,0,Full time employment,2,3,1,1,1
Finland,Male,66,2,0,Retired,3,3,1,1,1
Finland,Female,64,2,0,Retired,1,1,1,1,1
Finland,Male,19,1,0,Part time employment,3,3,3,3,3
Finland,Male,22,3,0,Full time employment,4,4,3,4,4
Finland,Male,32,1,0,Full time employment,3,5,3,1,1
Finland,Male,38,3,1,Full time employment,4,3,1,3,2
Finland,Male,21,1,0,Full time student,2,1,1,2,5
Finland,Female,35,4,2,Full time student,4,1,3,4,4
Finland,Female,27,1,0,Full time employment,3,4,3,3,3
Finland,Female,58,3,0,Part time employment,3,1,3,5,3
Finland,Male,72,2,0,Retired,1,1,1,1,1
Finland,Female,18,2,0,Full time student,3,2,4,3,3
Finland,Male,27,4,2,Full time employment,2,2,4,4,2
Finland,Male,42,3,0,Full time employment,4,1,4,5,3
Finland,Female,29,4,2,Full time employment,5,1,5,5,5
Finland,Male,62,2,0,Full time employment,3,3,2,2,2
Finland,Male,35,3,1,Full time employment,4,2,2,3,1
Finland,Male,40,3,0,Full time employment,3,3,3,3,3
Finland,Male,26,2,0,Full time employment,1,2,1,1,1
Finland,Male,64,4,2,Retired,1,3,3,1,1
Finland,Female,51,2,0,Full time employment,2,4,1,2,1
Finland,Male,62,1,0,Unemployed,5,2,1,1,1
Finland,Male,34,4,2,Full time employment,3,4,2,2,1
Finland,Female,52,2,0,Full time employment,3,1,3,5,3
Finland,Female,60,2,0,Retired,1,2,2,1,1
Finland,Male,64,4,0,Retired,4,3,5,4,1
Finland,Male,53,1,0,Not working,3,2,3,1,1
Finland,Male,61,1,0,Retired,3,5,1,1,1
Finland,Male,68,2,0,Retired,1,4,1,1,1
Finland,Male,70,1,0,Retired,1,4,2,1,1
Finland,Male,43,6,1,Full time employment,3,3,2,3,3
Finland,Female,68,2,0,Retired,3,2,1,2,2
Finland,Female,53,2,0,Unemployed,1,1,3,3,4
Finland,Female,40,1,0,Full time employment,2,2,2,2,1
Finland,Male,63,1,0,Retired,5,1,4,5,5
Finland,Male,75,2,0,Retired,1,3,3,1,1
Finland,Male,29,2,0,Full time employment,5,5,1,1,5
Finland,Male,39,2,0,Full time employment,2,3,2,1,1
Finland,Female,25,2,0,Full time student,4,1,3,4,3
Finland,Female,64,2,0,Retired,2,4,1,1,1
Finland,Female,60,2,0,Retired,4,4,4,4,3
Finland,Male,44,5,3,Full time employment,3,4,2,3,2
Finland,Male,42,4,3,Full time employment,2,4,1,1,1
Finland,Female,58,5,0,Full time employment,1,5,1,1,1
Finland,Male,26,1,0,Full time employment,2,3,4,3,1
Finland,Female,70,1,0,Retired,1,1,1,2,1
Finland,Male,75,2,0,Retired,3,2,2,1,1
Finland,Male,75,1,0,Retired,2,4,2,1,1
Finland,Male,54,2,0,Full time employment,5,1,5,5,5
Finland,Male,23,1,0,Full time employment,3,3,3,3,2
Finland,Female,57,1,0,Part time employment,2,2,2,3,1
Finland,Female,69,1,0,Retired,1,3,3,1,5
Finland,Female,21,2,0,Unemployed,4,3,2,3,4
Finland,Female,27,2,0,Full time student,1,2,2,3,2
Finland,Male,44,4,2,Full time employment,2,2,2,2,2
Finland,Male,71,2,0,Retired,2,3,1,1,1
Finland,Female,64,2,0,Retired,2,3,2,2,1
Finland,Female,66,2,0,Not working,2,4,1,1,1
Finland,Female,37,1,0,Full time employment,2,1,3,3,4
Finland,Male,52,1,0,Retired,5,5,4,4,3
Finland,Female,30,1,0,Full time student,4,2,3,2,2
Finland,Male,42,1,0,Full time employment,3,4,3,3,3
Finland,Female,53,1,0,Not working,2,5,1,1,1
Finland,Female,65,2,0,Retired,2,2,2,2,1
Finland,Male,60,2,0,Retired,3,4,1,3,2
Finland,Male,75,2,0,Retired,5,5,2,1,1
Finland,Female,51,2,1,Full time employment,1,1,2,2,1
Finland,Female,52,2,0,Full time employment,3,4,1,1,1
Finland,Male,32,3,1,Full time student,2,2,3,2,2
Finland,Male,49,4,0,Full time employment,2,3,1,1,5
Finland,Female,55,2,0,Full time employment,4,3,2,2,1
Finland,Female,56,2,0,Full time employment,4,1,2,5,4
Finland,Male,63,1,0,Retired,5,3,4,5,5
Finland,Female,23,3,1,Part time employment,3,3,4,2,3
Finland,Female,42,3,1,Full time employment,2,5,3,5,5
Finland,Female,62,1,0,Retired,3,3,2,2,2
Finland,Female,53,2,0,Full time employment,1,1,2,2,2
Finland,Female,40,3,2,Full time employment,4,2,2,4,2
Finland,Male,37,2,0,Full time employment,5,5,3,5,3
Finland,Male,47,1,0,Unemployed,3,5,1,1,1
Finland,Female,51,4,2,Full time employment,2,4,2,2,1
Finland,Male,50,2,0,Full time employment,3,2,4,3,3
Finland,Male,66,2,0,Retired,3,1,4,5,3
Finland,Male,38,1,0,Full time employment,4,3,4,3,4
Finland,Male,38,6,4,Not working,4,3,3,5,5
Finland,Male,61,2,0,Retired,4,4,4,5,5
Finland,Male,71,2,0,Retired,3,4,1,1,1
Finland,Female,53,1,0,Retired,2,2,3,1,2
Finland,Female,52,2,0,Full time employment,4,4,2,2,2
Finland,Male,60,2,0,Full time employment,3,3,2,3,2
Finland,Female,69,1,0,Retired,1,1,4,3,4
Finland,Male,51,1,0,Full time employment,1,3,4,2,1
Finland,Female,62,1,0,Retired,3,2,2,2,1
Finland,Female,51,2,0,Unemployed,3,3,2,2,1
Finland,Male,56,1,0,Retired,2,3,2,3,3
Finland,Female,33,5,3,Full time employment,3,4,1,1,1
Finland,Male,26,2,0,Full time employment,2,2,4,5,1
Finland,Female,36,1,0,Part time employment,5,1,3,5,5
Finland,Male,60,1,0,Unemployed,5,5,1,1,1
Finland,Male,33,1,0,Unemployed,2,3,1,2,1
Finland,Male,49,3,1,Full time employment,3,2,3,4,3
Finland,Male,47,6,4,Retired,3,3,3,3,4
Finland,Female,36,2,0,Full time employment,4,3,5,3,3
Finland,Male,31,2,0,Unemployed,3,1,3,3,2
Finland,Male,30,1,0,Full time employment,2,2,5,4,5
Finland,Female,51,3,0,Part time employment,3,2,4,3,3
Finland,Male,18,4,0,Full time student,1,2,3,2,2
Finland,Male,58,4,2,Retired,5,3,5,5,3
Finland,Female,64,1,0,Retired,3,2,2,2,2
Finland,Male,27,5,0,Full time student,3,2,2,3,1
Finland,Male,37,1,0,Unemployed,5,1,5,5,5
Finland,Female,62,1,0,Retired,4,1,4,3,4
Finland,Female,29,3,1,Unemployed,4,4,4,4,5
Finland,Female,68,1,0,Retired,2,4,1,1,1
Finland,Male,64,2,0,Retired,5,5,1,1,1
Finland,Female,20,4,0,Full time student,4,4,4,4,4
Finland,Female,21,2,0,Full time student,1,2,2,1,1
Finland,Male,64,2,0,Retired,5,5,5,5,5
Finland,Female,73,1,0,Retired,4,4,2,2,1
Finland,Male,35,2,0,Full time employment,3,2,2,5,3
Finland,Male,59,5,0,Part time employment,1,3,2,1,1
Finland,Female,21,2,0,Not working,3,1,5,5,5
Finland,Male,51,1,0,Retired,1,2,4,2,1
Finland,Female,20,4,0,Part time employment,4,4,1,1,1
Finland,Female,36,4,2,Full time employment,1,1,1,1,2
Finland,Female,58,1,0,Retired,5,1,2,4,3
Finland,Female,53,2,0,Unemployed,3,3,2,2,1
Finland,Male,57,4,0,Part time employment,2,2,2,1,1
Finland,Female,27,2,0,Unemployed,2,1,2,3,3
Finland,Female,22,3,1,Full time employment,3,2,3,3,4
Finland,Female,68,1,0,Retired,5,1,2,1,1
Finland,Male,79,1,0,Retired,4,4,4,1,1
Finland,Male,25,1,0,Full time student,5,2,5,5,5
Finland,Female,65,1,0,Part time employment,3,4,3,1,1
Finland,Female,66,1,0,Retired,3,1,2,3,2
Finland,Female,28,3,1,Part time employment,5,1,3,5,5
Finland,Male,71,1,0,Retired,4,4,2,1,1
Finland,Male,49,1,0,Full time employment,5,2,4,4,4
Finland,Male,60,1,0,Full time employment,1,5,2,1,3
Finland,Female,58,2,0,Full time employment,1,3,1,1,1
Finland,Female,30,1,0,Unemployed,4,3,4,4,3
Finland,Male,60,1,0,Full time employment,1,5,1,1,1
Finland,Female,68,1,0,Retired,3,4,2,1,1
Finland,Male,43,7,0,Part time employment,3,3,3,3,3
Finland,Male,64,1,0,Retired,3,3,2,2,2
Finland,Male,47,1,0,Retired,3,1,3,5,5
Finland,Female,27,2,0,Full time student,4,3,2,2,3
Finland,Male,65,2,0,Retired,3,3,4,3,4
Finland,Female,61,2,0,Retired,4,4,1,2,1
Finland,Female,34,1,0,Unemployed,4,4,2,4,3
Finland,Male,61,1,0,Retired,1,1,1,1,1
Finland,Male,59,2,0,Retired,4,3,1,1,1
Finland,Male,24,2,0,Full time employment,2,3,2,2,1
Finland,Female,49,3,0,Full time employment,2,1,3,3,3
Finland,Female,62,2,0,Unemployed,2,2,3,3,2
Finland,Female,31,2,0,Part time employment,2,4,2,2,1
Finland,Female,56,1,0,Retired,4,1,2,5,5
Finland,Female,53,2,0,Retired,5,1,1,1,1
Finland,Female,62,1,0,Retired,3,1,1,1,1
Finland,Male,18,4,0,Part time employment,2,2,2,2,4
Finland,Male,44,4,1,Full time employment,3,3,2,2,2
Finland,Male,36,2,0,Part time employment,2,2,2,2,1
Finland,Male,51,1,0,Full time employment,4,5,1,2,1
Finland,Male,62,2,0,Retired,2,3,2,2,1
Finland,Female,45,3,1,Full time employment,3,3,3,3,3
Finland,Male,51,2,0,Full time employment,5,1,5,5,5
Finland,Male,40,2,0,Full time employment,4,1,5,5,5
Finland,Male,56,2,0,Unemployed,4,4,2,1,5
Finland,Male,18,5,0,Full time student,1,4,5,4,5
Finland,Female,36,3,2,Unemployed,3,3,3,3,3
Finland,Male,68,1,0,Retired,4,5,1,1,1
Finland,Female,73,1,0,Retired,3,3,1,1,1
Finland,Male,49,3,0,Part time employment,1,2,2,1,2
Finland,Male,51,3,1,Unemployed,3,2,3,4,3
Finland,Male,58,2,0,Part time employment,4,3,2,2,2
Finland,Female,67,1,0,Retired,2,2,1,1,1
Finland,Female,69,2,0,Retired,2,1,2,2,2
Finland,Female,61,1,0,Unemployed,1,3,1,1,1
Finland,Male,32,1,0,Full time employment,3,4,1,1,1
Finland,Female,55,2,0,Full time employment,2,3,2,2,4
Finland,Female,34,2,0,Full time employment,2,2,2,3,5
Finland,Female,29,1,0,Part time employment,2,3,2,2,5
Finland,Male,48,2,0,Full time employment,4,4,2,1,1
Finland,Female,25,1,0,Full time employment,2,2,3,1,1
Finland,Female,55,2,0,Part time employment,2,2,2,2,1
Finland,Female,66,1,0,Retired,2,4,2,1,1
Finland,Male,20,7,0,Part time employment,3,2,2,5,2
Finland,Female,52,2,1,Full time student,3,4,4,3,1
Finland,Male,58,2,0,Full time employment,4,5,3,2,1
Finland,Female,63,2,0,Retired,1,2,1,1,1
Finland,Male,38,4,2,Full time employment,3,2,2,3,3
Finland,Female,41,4,2,Full time employment,3,3,2,2,1
Finland,Female,50,2,0,Retired,1,2,1,3,2
Finland,Female,54,1,0,Full time employment,4,1,3,2,5
Finland,Female,64,1,0,Retired,4,3,1,1,1
Finland,Male,66,1,0,Retired,3,4,1,5,1
Finland,Male,57,2,0,Retired,3,4,1,1,1
Finland,Male,63,2,0,Retired,3,3,1,1,1
Finland,Female,50,3,2,Full time employment,2,3,2,1,1
Finland,Female,34,4,2,Not working,4,4,2,2,1
Finland,Female,64,1,0,Full time employment,2,4,1,1,1
Finland,Female,44,2,0,Full time employment,3,1,1,1,1
Finland,Female,69,1,0,Retired,1,3,2,1,1
Finland,Male,61,2,0,Retired,3,3,2,1,1
Finland,Female,32,3,1,Full time employment,3,1,2,2,2
Finland,Female,71,1,0,Part time employment,5,3,1,1,1
Finland,Female,40,4,2,Full time employment,2,3,2,1,1
Finland,Female,67,1,0,Retired,2,3,1,1,1
Finland,Female,52,1,0,Retired,1,1,1,1,1
Finland,Female,18,4,0,Full time student,3,2,3,3,2
Finland,Female,36,2,0,Full time student,4,4,2,3,2
Finland,Male,70,1,0,Retired,5,5,5,5,1
Finland,Male,45,3,2,Full time employment,4,3,3,4,3
Finland,Female,20,2,0,Full time student,3,3,3,4,3
Finland,Male,36,1,0,Retired,3,3,4,2,5
Finland,Female,71,2,0,Retired,3,3,3,1,1
Finland,Male,47,4,1,Retired,5,5,3,5,4
Finland,Female,28,1,0,Part time employment,2,4,1,2,4
Finland,Male,44,2,0,Part time employment,1,3,3,5,3
Finland,Female,42,5,3,Full time employment,2,2,1,1,1
Finland,Female,30,4,2,Full time employment,5,1,3,5,5
Finland,Male,70,2,0,Retired,5,5,3,1,1
Finland,Male,52,2,0,Full time employment,4,3,2,3,1
Finland,Male,53,4,2,Full time employment,3,1,3,5,3
Finland,Female,45,5,4,Full time employment,3,4,2,2,1
Finland,Female,35,4,0,Full time employment,3,3,3,3,3
Finland,Female,48,5,3,Full time employment,2,3,2,2,1
Finland,Female,41,1,0,Full time employment,1,2,3,1,1
Finland,Female,42,5,3,Unemployed,2,4,1,4,1
Finland,Female,50,5,3,Full time employment,1,1,5,1,1
Finland,Male,23,1,0,Full time student,5,1,2,4,1
Finland,Female,61,1,0,Full time employment,2,2,2,2,2
Finland,Male,70,1,0,Retired,2,4,2,2,1
Finland,Female,52,1,0,Full time employment,4,2,3,5,4
Finland,Male,61,1,0,Part time employment,1,1,1,1,5
Finland,Male,61,1,0,Retired,2,1,3,3,2
Finland,Male,20,2,0,Part time employment,2,1,4,3,4
Finland,Female,20,1,0,Part time employment,5,1,3,5,3
Finland,Female,46,1,0,Unemployed,5,5,5,5,5
Finland,Male,37,1,0,Unemployed,4,4,4,2,4
Finland,Female,62,1,0,Part time employment,1,4,2,1,1
Finland,Male,73,1,0,Retired,2,2,3,3,2
Finland,Male,73,2,0,Retired,3,5,3,3,4
Finland,Female,41,2,5 or more,Not working,5,1,5,5,5
Finland,Male,21,2,0,Full time employment,5,1,3,4,1
Finland,Male,69,2,0,Retired,1,5,2,1,1
Finland,Female,34,3,1,Full time employment,3,1,2,2,3
Finland,Female,44,2,0,Part time employment,4,4,3,3,2
Finland,Female,66,1,0,Retired,4,3,2,1,1
Finland,Male,28,3,1,Full time employment,4,5,4,5,4
Finland,Male,65,1,0,Retired,2,5,1,1,1
Finland,Male,21,1,0,Full time student,4,5,1,2,1
Finland,Male,24,1,0,Full time employment,3,1,5,5,5
Finland,Female,35,1,0,Not working,4,4,1,2,2
Finland,Female,65,1,0,Retired,4,2,4,4,1
Finland,Female,51,3,1,Full time employment,2,3,2,2,2
Finland,Female,69,1,0,Retired,4,1,2,2,1
Finland,Female,62,2,0,Unemployed,3,1,2,3,3
Finland,Male,62,1,0,Unemployed,3,2,4,3,5
Finland,Male,61,1,0,Unemployed,3,3,2,2,1
Finland,Male,68,2,0,Retired,4,4,2,1,1
Finland,Female,20,1,0,Full time student,5,3,3,3,3
Finland,Male,63,2,0,Full time employment,3,4,2,2,1
Finland,Male,63,3,1,Retired,2,1,1,3,3
Finland,Male,48,4,2,Full time employment,5,4,2,4,2
Finland,Male,27,5,0,Full time employment,2,1,1,3,3
Finland,Female,37,1,0,Unemployed,2,2,3,2,3
Finland,Male,44,4,2,Full time employment,3,1,4,1,1
Finland,Male,76,2,0,Retired,4,2,2,1,1
Finland,Male,18,4,0,Full time student,4,3,1,2,2
Finland,Male,33,1,0,Full time employment,5,3,1,4,1
Finland,Female,48,3,1,Full time employment,2,2,1,1,4
Finland,Female,43,3,2,Full time employment,2,2,2,2,4
Finland,Male,29,3,2,Full time employment,4,4,3,4,2
Finland,Female,65,2,0,Retired,3,4,1,5,1
Finland,Female,33,1,0,Full time employment,4,3,2,1,1
Finland,Female,20,1,0,Full time student,4,5,3,3,2
Finland,Male,55,1,0,Retired,3,3,2,2,1
Finland,Male,44,4,2,Unemployed,5,1,5,5,5
Finland,Female,64,2,0,Retired,2,3,1,1,1
Finland,Male,57,2,0,Full time employment,2,2,2,2,2
Finland,Female,52,2,0,Part time employment,1,1,3,1,1
Finland,Male,61,1,0,Retired,1,2,2,1,1
Finland,Female,30,2,0,Full time employment,5,3,2,5,1
Finland,Male,36,5,0,Full time employment,3,3,2,3,3
Finland,Male,38,1,0,Unemployed,3,3,3,3,5
Finland,Female,72,2,0,Not working,1,1,1,1,1
Finland,Female,67,2,0,Full time employment,1,1,1,1,1
Finland,Male,77,1,0,Retired,4,5,5,5,4
Finland,Female,71,2,0,Retired,4,5,1,1,1
Finland,Male,45,2,0,Retired,3,1,5,4,3
Finland,Male,78,2,0,Retired,2,4,2,1,1
Finland,Female,50,4,0,Full time employment,3,1,3,3,3
Finland,Female,62,1,0,Retired,3,3,1,1,1
Finland,Female,52,2,0,Full time employment,2,2,2,1,1
Finland,Female,55,2,0,Retired,1,1,4,3,3
Finland,Female,40,1,0,Unemployed,3,3,2,3,3
Finland,Female,41,1,0,Full time employment,3,4,3,3,5
Finland,Female,69,2,0,Retired,4,2,2,1,1
Finland,Female,45,3,1,Retired,1,2,2,2,3
Finland,Female,35,1,0,Part time employment,1,2,2,3,2
Finland,Female,70,1,0,Retired,4,3,3,5,4
Finland,Female,70,1,0,Retired,2,1,4,4,4
Finland,Male,24,1,0,Full time employment,4,4,4,3,3
Finland,Male,47,3,2,Full time employment,3,1,5,4,4
Finland,Male,53,3,1,Unemployed,4,3,4,5,5
Finland,Male,54,1,0,Full time employment,5,3,1,1,1
Finland,Male,58,2,0,Full time employment,1,1,1,1,1
Finland,Male,59,2,0,Full time employment,3,4,1,1,1
Finland,Female,57,3,0,Full time employment,2,1,5,5,5
Finland,Female,64,1,0,Retired,5,1,5,5,5
Finland,Female,48,1,0,Unemployed,3,2,2,3,3
Finland,Male,19,6,0,Full time employment,5,3,1,1,3
Finland,Female,45,2,0,Full time employment,1,1,2,2,1
Finland,Male,42,6,4,Retired,3,2,3,4,4
Finland,Female,67,2,0,Retired,2,2,2,2,1
Finland,Female,68,2,0,Retired,2,4,2,1,1
Finland,Female,63,3,0,Retired,3,1,2,3,2
Finland,Female,66,1,0,Retired,3,2,1,1,1
Finland,Male,38,6,4,Full time employment,1,1,3,3,1
Finland,Female,47,4,1,Full time employment,1,1,1,1,1
Finland,Male,56,2,0,Unemployed,3,1,4,5,4
Finland,Male,70,2,0,Retired,1,4,2,4,1
Finland,Female,29,2,0,Full time employment,2,2,1,4,3
Finland,Male,58,1,0,Full time student,3,3,4,2,2
Finland,Female,46,4,2,Full time employment,4,1,2,5,5
Finland,Female,30,3,1,Full time employment,2,1,4,5,4
Finland,Male,50,2,0,Full time employment,1,4,1,1,1
Finland,Female,62,3,0,Full time employment,3,4,1,1,1
Finland,Male,28,2,0,Full time employment,3,3,1,2,1
Finland,Male,62,1,0,Full time employment,3,2,3,3,3
Finland,Male,32,4,0,Full time employment,3,3,3,3,2
Finland,Female,23,1,0,Full time student,2,2,1,3,1
Finland,Female,37,2,1,Full time employment,3,5,2,1,5
Finland,Female,72,2,0,Retired,1,1,1,1,1
Finland,Female,62,1,0,Full time employment,3,1,1,1,1
Finland,Male,33,4,3,Unemployed,5,3,3,5,3
Finland,Female,41,1,0,Full time employment,1,5,2,1,1
Finland,Male,50,2,0,Full time employment,5,4,1,2,2
Finland,Male,29,1,0,Full time student,2,2,4,4,4
Finland,Male,62,2,0,Retired,3,5,2,1,1
Finland,Female,44,4,2,Full time employment,1,3,1,3,1
Finland,Male,18,5,0,Full time student,5,3,3,5,5
Finland,Female,63,2,0,Retired,1,1,1,1,2
Finland,Male,56,3,2,Full time employment,2,3,4,3,1
Finland,Female,55,2,0,Part time employment,1,1,1,1,1
Finland,Female,28,2,0,Full time employment,3,2,3,4,3
Finland,Female,21,1,0,Full time student,1,1,1,2,1
Finland,Female,34,3,1,Full time employment,3,3,2,2,2
Finland,Female,63,1,0,Full time employment,2,1,4,3,4
Finland,Female,60,2,0,Full time employment,2,4,1,1,1
Finland,Female,36,4,2,Full time employment,1,3,1,1,1
Finland,Female,67,2,0,Retired,3,3,4,5,1
Finland,Male,73,2,0,Retired,4,4,1,1,1
Finland,Female,38,2,1,Full time employment,4,3,4,3,4
Finland,Male,20,4,0,Full time student,3,3,2,3,2
Finland,Female,18,3,0,Full time student,4,3,4,3,4
Finland,Female,25,3,1,Not working,1,5,1,1,1
Finland,Male,58,2,0,Part time employment,1,2,3,1,1
Finland,Female,39,1,0,Full time employment,3,4,3,4,2
Finland,Male,33,1,0,Part time employment,5,1,3,3,1
Finland,Female,47,2,0,Full time employment,2,5,2,1,1
Finland,Female,66,1,0,Retired,4,2,2,1,5
Finland,Female,54,2,0,Unemployed,2,2,1,1,1
Finland,Female,58,2,0,Part time employment,4,4,4,4,4
Finland,Female,63,1,0,Part time employment,3,1,2,3,2
Finland,Female,75,1,0,Retired,1,2,2,2,2
Finland,Female,59,2,0,Retired,1,1,3,3,1
Finland,Female,37,2,0,Full time employment,3,3,2,2,1
Finland,Female,79,2,0,Retired,1,5,1,1,1
Finland,Male,46,1,0,Unemployed,3,3,3,3,2
Finland,Female,65,1,0,Retired,3,4,1,2,1
Finland,Male,32,2,0,Full time employment,2,5,3,2,2
Finland,Female,61,1,0,Retired,2,3,1,1,1
Finland,Female,30,1,0,Full time employment,4,1,4,5,4
Finland,Female,49,3,1,Full time employment,3,3,2,3,1
Finland,Female,30,2,1,Full time student,3,2,3,3,3
Finland,Male,51,2,1,Full time employment,1,2,3,3,2
Finland,Male,69,2,0,Full time employment,5,4,1,1,1
Finland,Female,43,3,0,Retired,1,3,5,5,1
Finland,Female,35,2,0,Retired,3,3,2,3,1
Finland,Male,20,1,0,Full time student,4,2,4,3,4
Finland,Female,76,1,0,Retired,1,3,1,1,2
Finland,Female,49,4,1,Part time employment,5,1,5,5,5
Finland,Female,69,1,0,Retired,2,2,2,1,1
Finland,Female,66,2,0,Retired,2,2,3,2,3
Finland,Female,33,4,2,Full time employment,1,2,5,3,5
Finland,Male,45,6,3,Full time employment,2,5,1,1,1
Finland,Female,35,3,1,Not working,1,1,2,3,2
Finland,Male,71,2,0,Retired,1,3,2,1,1
Finland,Male,64,2,0,Retired,3,5,1,1,1
Finland,Male,22,3,0,Full time student,3,3,3,3,3
Finland,Female,82,1,0,Retired,3,4,1,1,1
Finland,Female,45,2,0,Full time employment,2,4,2,2,1
Finland,Male,74,2,0,Retired,4,4,1,2,1
Finland,Male,65,2,0,Retired,3,3,3,3,3
Finland,Female,31,4,1,Not working,4,3,3,3,2
Finland,Female,62,2,0,Part time employment,4,1,3,3,2
Finland,Male,36,3,1,Part time employment,3,5,4,3,4
Finland,Male,63,2,0,Retired,5,5,2,5,1
Finland,Female,44,1,0,Full time employment,2,2,2,2,1
Finland,Female,64,2,0,Full time employment,5,1,5,5,5
Finland,Female,77,2,0,Retired,3,2,1,1,1
Finland,Male,73,2,0,Retired,3,1,2,2,2
Finland,Female,48,3,1,Full time employment,3,1,1,1,1
Finland,Male,62,2,0,Full time employment,2,3,3,1,1
Finland,Female,47,3,1,Full time employment,3,3,4,3,3
Finland,Female,44,5,3,Full time employment,4,5,3,4,4
Finland,Female,37,4,2,Full time employment,4,2,2,2,2
Finland,Female,49,3,2,Part time employment,2,3,3,1,1
Finland,Male,45,1,0,Full time employment,3,5,1,1,1
Finland,Female,48,1,0,Retired,2,1,2,3,2
Finland,Female,45,5,3,Full time employment,4,2,2,3,3
Finland,Female,61,2,0,Unemployed,1,1,2,3,2
Finland,Female,44,3,1,Full time employment,2,1,3,3,3
Finland,Male,34,3,1,Full time employment,4,1,3,3,2
Finland,Female,30,3,1,Full time employment,4,1,2,4,3
Finland,Male,68,2,0,Retired,3,4,5,1,1
Finland,Female,72,2,0,Retired,2,3,3,2,1
Finland,Male,63,3,0,Full time employment,3,3,4,3,2
Finland,Female,60,2,0,Full time employment,2,2,2,2,1
Finland,Female,24,1,0,Part time employment,5,5,2,3,4
Finland,Female,66,2,0,Retired,3,1,3,4,4
Finland,Female,23,1,0,Full time employment,2,3,1,1,1
Finland,Female,66,2,0,Retired,1,5,5,4,4
Finland,Female,66,1,0,Retired,3,4,5,1,5
Finland,Female,74,1,0,Retired,1,5,1,1,1
Finland,Male,37,4,2,Full time employment,4,4,4,5,5
Finland,Female,24,4,2,Not working,5,1,4,5,5
Finland,Male,80,3,0,Retired,2,3,2,2,1
Finland,Female,32,3,1,Part time employment,3,2,2,3,3
Finland,Male,39,2,0,Full time employment,2,1,2,5,5
Finland,Female,36,1,0,Part time employment,3,3,4,3,4
Finland,Female,37,4,2,Part time employment,3,4,1,1,1
Finland,Male,30,1,0,Part time employment,3,3,1,2,1
Finland,Female,66,2,0,Retired,2,4,3,1,1
Finland,Female,63,2,0,Full time employment,1,2,2,1,1
Finland,Female,72,1,0,Retired,2,3,1,2,1
Finland,Female,31,2,0,Full time employment,5,4,2,4,1
Finland,Female,67,3,0,Retired,4,3,2,1,2
Finland,Female,30,7,0,Full time employment,5,1,4,1,3
Finland,Female,70,2,0,Retired,1,3,1,1,1
Finland,Male,32,4,2,Full time employment,2,2,1,3,1
Finland,Female,28,2,0,Unemployed,2,1,3,3,3
Finland,Female,66,2,0,Retired,2,2,2,1,1
Finland,Female,32,4,2,Part time employment,4,4,4,4,2
Finland,Female,27,1,0,Full time employment,3,3,2,1,1
Finland,Female,77,1,0,Retired,2,2,1,1,1
Finland,Male,21,5,0,Full time student,5,1,2,2,1
Finland,Male,32,4,2,Part time employment,3,5,2,3,3
Finland,Female,34,3,2,Full time employment,3,2,2,3,1
Finland,Male,19,3,0,Full time student,1,3,1,1,5
Finland,Male,18,4,0,Full time student,4,5,5,4,5
Finland,Male,31,4,0,Full time employment,3,4,4,1,1
Finland,Male,71,2,0,Retired,3,4,1,1,1
Finland,Male,33,3,1,Full time employment,4,5,4,3,1
Finland,Male,25,3,1,Full time employment,5,5,4,4,4
Finland,Female,73,2,0,Retired,3,1,1,1,1
Finland,Male,71,2,0,Retired,2,2,2,2,4
Finland,Male,33,1,0,Unemployed,4,3,2,4,5
Finland,Male,27,7,0,Full time employment,3,3,3,4,3
Finland,Male,34,3,1,Full time employment,3,2,3,1,1
Finland,Male,28,1,0,Full time employment,3,3,3,3,3
Finland,Male,26,2,0,Unemployed,4,1,3,5,4
Finland,Male,31,5,0,Part time employment,4,1,5,5,4
Finland,Female,60,2,0,Unemployed,1,1,2,2,2
Finland,Female,63,2,0,Full time employment,3,1,1,1,2
Finland,Female,73,1,0,Retired,2,2,2,1,1
Finland,Male,64,2,0,Retired,1,2,3,2,3
Finland,Female,29,1,0,Unemployed,3,1,2,4,4
Finland,Female,62,2,0,Retired,2,2,1,1,1
Finland,Female,69,1,0,Retired,4,5,1,1,1
Finland,Male,28,1,0,Unemployed,4,4,4,3,4
Finland,Male,59,1,0,Retired,4,4,3,3,1
Finland,Male,53,2,1,Full time employment,4,1,4,4,4
Finland,Male,32,4,0,Part time employment,3,3,3,3,2
Finland,Female,37,4,2,Not working,2,1,3,4,2
Finland,Male,54,1,0,Full time employment,5,4,3,3,1
Finland,Male,24,1,0,Unemployed,3,3,5,5,5
Finland,Male,42,2,0,Full time employment,3,5,1,1,1
Finland,Female,19,1,0,Unemployed,3,1,3,4,5
Finland,Male,47,1,3,Retired,3,2,2,3,3
Finland,Male,65,2,0,Full time employment,3,2,1,1,1
Finland,Female,53,3,1,Full time employment,4,3,1,1,1
Finland,Female,38,5,3,Full time employment,3,2,3,4,4
Finland,Female,62,2,0,Retired,1,1,1,1,1
Finland,Female,74,2,0,Part time employment,3,4,2,2,1
Finland,Female,31,2,0,Full time employment,4,3,4,3,4
Finland,Female,65,1,0,Retired,2,2,1,1,1
Finland,Male,54,2,1,Full time employment,3,4,2,2,4
Finland,Female,27,2,0,Full time employment,2,2,1,3,1
Finland,Male,56,1,0,Unemployed,4,3,3,4,3
Finland,Male,55,4,1,Unemployed,2,2,2,3,3
Finland,Male,59,2,0,Unemployed,3,4,3,2,1
Finland,Male,56,3,1,Full time employment,2,2,2,3,2
Finland,Female,60,2,0,Retired,2,2,2,2,2
Finland,Male,49,1,0,Not working,3,3,1,1,1
Finland,Female,39,1,0,Unemployed,3,3,1,1,1
Finland,Female,20,3,0,Full time student,3,4,2,1,1
Finland,Female,18,3,0,Full time student,3,3,1,1,1
Finland,Male,65,2,0,Retired,3,5,5,1,1
Finland,Male,64,2,0,Retired,5,5,1,5,1
Finland,Male,61,3,0,Full time employment,3,3,2,4,2
Finland,Male,52,5,0,Full time employment,3,5,2,2,1
Finland,Female,67,1,0,Retired,5,1,2,4,1
Finland,Male,37,2,0,Full time employment,2,3,3,1,1
Finland,Female,41,4,3,Full time employment,2,2,3,3,3
Finland,Female,48,2,1,Full time employment,2,1,2,3,2
Finland,Male,68,2,0,Retired,2,4,1,1,5
Finland,Male,64,1,0,Retired,4,3,1,3,1
Finland,Male,72,2,0,Retired,3,4,1,1,1
Finland,Male,41,1,0,Not working,3,1,1,5,5
Finland,Female,70,2,0,Retired,1,4,2,1,1
Finland,Female,67,3,0,Retired,1,5,1,1,1
Finland,Female,39,1,0,Part time employment,1,4,1,1,5
Finland,Female,58,4,2,Unemployed,3,2,3,4,5
Finland,Male,22,4,0,Full time employment,2,2,3,1,5
Finland,Male,21,1,0,Full time student,2,3,4,3,2
Finland,Female,57,2,0,Unemployed,3,3,2,2,1
Finland,Male,62,3,0,Retired,4,5,1,2,1
Finland,Female,38,1,0,Full time employment,4,3,3,2,2
Finland,Female,18,4,0,Full time student,2,4,1,1,1
Finland,Male,36,3,1,Full time employment,4,1,3,5,4
Finland,Male,56,4,2,Full time employment,3,1,3,3,5
Finland,Female,74,2,0,Retired,1,2,3,1,1
Finland,Male,68,2,0,Retired,1,4,1,1,1
Finland,Female,52,2,0,Part time employment,2,4,3,1,1
Finland,Female,75,1,0,Retired,3,3,1,1,1
Finland,Male,76,2,0,Not working,3,2,2,1,2
Finland,Female,55,2,0,Unemployed,3,1,3,3,4
Finland,Male,39,4,2,Full time employment,2,2,2,2,3
Finland,Female,24,1,0,Full time student,4,5,1,1,1
Finland,Male,35,2,0,Full time employment,5,3,4,1,1
Finland,Female,34,3,1,Full time employment,4,5,1,1,1
Finland,Female,26,1,0,Full time employment,3,4,3,3,3
Finland,Male,42,6,2,Full time employment,5,2,1,5,4
Finland,Female,68,1,0,Retired,3,2,2,1,1
Finland,Male,73,1,0,Retired,5,1,5,5,5
Finland,Female,65,1,0,Retired,3,3,3,3,3
Finland,Male,58,4,0,Full time employment,4,3,4,4,4
Finland,Male,58,2,0,Unemployed,4,4,2,1,1
Finland,Female,25,5,0,Part time employment,2,4,3,2,3
Finland,Female,60,1,0,Retired,1,3,1,1,1
Finland,Female,32,1,0,Full time employment,5,5,3,3,3
Finland,Male,64,1,0,Retired,4,4,2,2,1
Finland,Female,36,5,3,Part time employment,2,4,1,1,1
Finland,Male,31,2,1,Full time employment,3,3,2,2,1
Finland,Male,63,1,0,Retired,3,4,1,1,1
Finland,Female,63,2,0,Part time employment,1,2,3,1,1
Finland,Female,55,4,0,Full time employment,2,2,2,2,1
Finland,Male,41,4,3,Full time employment,4,3,3,4,2
Finland,Female,69,2,0,Retired,1,2,2,1,1
Finland,Female,20,2,0,Full time student,5,1,1,1,1
Finland,Female,37,1,1,Unemployed,3,1,3,3,1
Finland,Female,20,3,0,Full time student,3,4,3,4,3
Finland,Female,69,2,0,Retired,2,3,2,1,1
Finland,Female,31,2,0,Full time employment,2,2,5,5,4
Finland,Female,21,1,0,Full time student,1,3,1,2,1
Finland,Male,66,2,0,Full time employment,2,3,1,1,2
Finland,Female,60,2,0,Part time employment,4,5,2,2,1
Finland,Female,30,4,1,Full time student,2,1,2,2,2
Finland,Female,30,4,2,Full time employment,5,1,3,4,4
Finland,Male,51,2,0,Full time employment,4,3,4,4,1
Finland,Female,39,4,2,Part time employment,4,3,2,4,2
Finland,Male,55,2,0,Full time student,5,3,3,5,3
Finland,Male,57,1,0,Full time employment,3,3,2,1,1
Finland,Male,66,2,0,Retired,2,2,2,1,1
Finland,Female,58,2,0,Full time employment,1,1,5,5,5
Finland,Female,42,4,2,Full time employment,3,2,3,4,5
Finland,Female,56,2,0,Full time employment,3,1,3,3,3
Finland,Female,24,2,1,Not working,1,1,3,3,3
Finland,Male,47,4,2,Full time employment,4,1,2,4,2
Finland,Male,33,7,0,Part time employment,4,4,5,3,5
Finland,Female,30,2,0,Full time employment,3,4,1,1,1
Finland,Female,51,2,1,Full time employment,2,5,1,1,1
Finland,Male,33,1,0,Unemployed,2,4,3,2,3
Finland,Male,73,1,0,Retired,2,3,3,3,3
Finland,Female,34,3,1,Full time employment,2,3,2,2,2
Finland,Female,51,2,0,Full time employment,3,4,1,1,1
Finland,Male,51,2,0,Full time employment,5,1,3,3,3
Finland,Female,60,2,0,Full time employment,1,5,1,1,1
Finland,Female,31,1,0,Unemployed,2,4,2,2,1
Finland,Female,20,2,0,Full time employment,3,3,3,3,3
Finland,Male,68,2,0,Retired,3,5,3,1,1
Finland,Male,77,1,0,Retired,4,3,5,4,5
Finland,Female,31,2,1,Full time employment,4,3,1,3,1
Finland,Male,76,2,0,Retired,4,2,2,3,3
Finland,Female,46,3,2,Part time employment,1,2,1,2,2
Finland,Male,32,1,0,Unemployed,1,1,4,3,1
Finland,Male,69,2,0,Retired,2,4,2,1,1
Finland,Male,74,2,0,Retired,3,4,1,2,1
Finland,Female,62,3,0,Part time employment,2,3,2,2,1
Finland,Male,44,4,2,Full time employment,5,1,3,4,4
Finland,Male,26,2,0,Full time employment,3,2,4,4,4
Finland,Male,50,2,0,Full time employment,1,2,2,2,2
Finland,Female,25,1,0,Full time student,2,1,4,5,5
Finland,Female,72,2,0,Retired,3,4,1,1,1
Finland,Female,62,3,0,Not working,3,1,2,3,3
Finland,Male,60,2,0,Retired,3,3,3,3,2
Finland,Female,32,3,1,Full time employment,3,2,3,3,1
Finland,Female,64,2,0,Unemployed,5,1,4,5,2
Finland,Female,21,4,0,Part time employment,4,2,2,4,4
Finland,Female,55,5,0,Full time employment,3,4,3,4,4
Finland,Male,63,2,0,Retired,1,4,1,1,1
Finland,Male,68,2,0,Retired,2,1,2,3,1
Finland,Female,35,4,2,Part time employment,4,1,3,4,3
Finland,Male,63,2,0,Retired,1,1,1,1,1
Finland,Female,67,1,0,Part time employment,3,3,1,1,1
Finland,Female,35,1,0,Retired,3,1,1,2,1
Finland,Female,37,1,0,Full time employment,4,1,3,5,5
Finland,Female,27,3,1,Full time employment,4,2,2,3,4
Finland,Male,60,4,1,Retired,1,1,3,3,3
Finland,Male,42,2,0,Part time employment,3,1,2,2,2
Finland,Male,67,2,0,Retired,2,2,1,1,1
Finland,Male,61,8 or more,0,Full time employment,5,5,5,5,5
Finland,Male,63,2,0,Retired,1,3,2,2,1
Finland,Male,55,2,0,Full time employment,1,4,3,2,1
Finland,Male,50,1,0,Full time employment,3,1,4,3,3
Finland,Female,37,3,1,Full time employment,5,1,3,5,4
Finland,Female,58,2,0,Retired,3,3,1,1,1
Finland,Female,67,1,0,Retired,2,3,1,2,1
Finland,Female,37,1,0,Full time employment,3,2,2,3,3
Finland,Female,27,2,0,Full time employment,2,2,3,3,3
Finland,Male,30,4,0,Unemployed,2,1,3,5,5
Finland,Male,57,3,0,Full time employment,3,3,2,2,2
Finland,Female,63,2,1,Unemployed,5,5,5,5,5
Finland,Male,75,2,0,Retired,3,3,2,2,1
Finland,Male,70,1,0,Retired,3,3,1,1,1
Finland,Female,44,1,0,Not working,3,2,3,4,3
Finland,Male,44,2,0,Part time employment,3,4,3,3,4
Finland,Female,37,3,1,Part time employment,3,3,1,1,1
Finland,Male,65,2,0,Retired,2,2,2,2,1
Finland,Male,54,1,0,Retired,2,3,1,2,1
Finland,Male,58,2,0,Retired,1,4,2,1,1
Finland,Male,50,5,3,Full time employment,4,3,2,1,1
Finland,Male,45,4,1,Full time employment,3,2,3,4,3
Finland,Female,66,2,0,Retired,1,2,3,1,1
Finland,Female,53,2,0,Unemployed,5,3,1,3,1
Finland,Male,18,4,0,Full time student,3,3,4,3,4
Finland,Male,26,2,0,Full time employment,3,5,1,1,1
Finland,Male,45,1,0,Full time employment,4,4,2,4,1
Finland,Male,23,2,0,Part time employment,3,2,4,3,3
Finland,Male,29,1,0,Full time employment,3,2,4,4,5
Finland,Male,61,1,0,Part time employment,2,1,1,1,1
Finland,Female,59,1,0,Full time employment,3,5,3,1,1
Finland,Female,54,2,0,Part time employment,3,3,2,2,2
Finland,Male,39,1,0,Full time employment,5,5,3,5,5
Finland,Male,66,2,0,Retired,2,4,2,1,1
Finland,Female,60,2,0,Full time employment,3,3,1,1,1
Finland,Male,20,1,0,Full time student,3,3,4,5,1
Finland,Male,27,2,0,Full time employment,3,3,2,3,1
Finland,Female,61,1,0,Retired,2,1,3,3,2
Finland,Male,56,2,0,Unemployed,4,3,2,4,2
Finland,Female,52,4,2,Full time employment,2,2,2,2,1
Finland,Female,28,1,0,Full time employment,3,1,4,5,4
Finland,Female,39,1,0,Full time employment,4,2,3,2,1
Finland,Female,41,5,3,Full time employment,3,3,1,1,1
Finland,Female,28,2,0,Full time employment,4,1,2,3,2
Finland,Male,42,6,4,Retired,3,2,2,4,4
Finland,Female,45,2,0,Full time employment,3,5,3,3,2
Finland,Female,37,4,2,Full time student,3,1,3,5,4
Finland,Male,44,1,0,Unemployed,3,3,3,3,2
Finland,Male,60,2,0,Full time employment,3,3,1,3,1
Finland,Female,29,2,0,Full time student,1,2,3,2,4
Finland,Male,23,1,0,Unemployed,2,2,2,2,2
Finland,Female,34,1,0,Full time employment,1,1,2,1,1
Finland,Female,47,2,0,Full time employment,3,1,1,2,1
Finland,Female,53,3,0,Full time employment,3,2,2,1,1
Finland,Male,64,2,0,Retired,5,2,2,4,2
Finland,Male,48,2,2,Full time employment,3,1,3,1,4
Finland,Male,66,2,0,Retired,4,4,1,1,1
Finland,Female,59,1,0,Retired,2,1,1,4,2
Finland,Female,32,4,2,Full time employment,3,2,2,4,3
Finland,Female,46,3,0,Part time employment,2,1,3,3,1
Finland,Female,29,2,0,Part time employment,2,4,2,1,1
Finland,Male,54,2,1,Full time employment,2,2,2,1,1
Finland,Female,24,1,0,Full time student,3,3,4,3,3
Finland,Male,48,5,2,Full time employment,5,1,5,5,5
Finland,Female,58,2,0,Full time employment,3,2,2,3,2
Finland,Female,64,2,0,Retired,5,1,5,5,5
Finland,Male,28,1,0,Retired,4,2,3,4,4
Finland,Male,45,4,2,Full time employment,4,5,3,4,2
Finland,Female,18,3,0,Full time student,1,1,1,1,1
Finland,Male,59,1,0,Full time employment,3,4,3,2,4
Finland,Male,67,4,0,Part time employment,5,5,5,5,5
Finland,Female,52,2,0,Full time employment,3,3,3,3,2
Finland,Male,45,3,1,Full time employment,1,4,1,1,1
Finland,Male,51,2,0,Full time employment,3,4,1,1,1
Finland,Male,69,2,0,Retired,3,4,2,1,1
Finland,Male,51,2,0,Full time employment,3,3,2,4,1
Finland,Female,35,1,0,Unemployed,3,3,2,2,1
Finland,Female,62,1,0,Part time employment,1,1,1,1,1
Finland,Male,64,1,0,Retired,5,5,1,5,1
Finland,Male,73,2,0,Retired,2,3,1,1,1
Finland,Female,56,2,1,Full time employment,1,1,1,1,1
Finland,Female,48,3,0,Retired,1,2,2,1,2
Finland,Male,54,1,0,Full time employment,4,3,3,1,1
Finland,Female,71,2,0,Retired,3,3,1,1,1
Finland,Male,43,2,0,Full time employment,3,2,4,3,3
Finland,Female,48,2,1,Retired,3,3,3,3,3
Finland,Female,36,3,1,Not working,3,1,3,5,5
Finland,Female,49,4,1,Retired,1,2,1,1,1
Finland,Male,56,2,0,Retired,3,3,2,2,1
Finland,Male,72,2,0,Retired,3,5,2,2,5
Finland,Male,54,1,0,Part time employment,2,3,1,1,1
Finland,Male,44,1,0,Retired,3,2,3,4,3
Finland,Female,62,1,0,Full time employment,4,4,1,1,1
Finland,Male,40,1,0,Full time employment,3,2,2,1,1
Finland,Male,27,1,0,Full time employment,3,1,3,4,2
Finland,Male,57,1,0,Unemployed,3,3,3,3,3
Finland,Male,49,3,2,Full time employment,3,2,2,3,3
Finland,Female,43,4,2,Full time employment,2,2,1,1,1
Finland,Female,61,2,0,Retired,1,1,2,1,1
Finland,Female,40,2,0,Full time employment,2,2,1,1,1
Finland,Male,31,4,0,Full time student,5,2,2,5,3
Finland,Male,33,4,0,Part time employment,2,3,5,3,4
Finland,Female,69,1,0,Retired,3,5,2,1,1
Finland,Male,33,3,1,Full time employment,3,3,3,3,3
Finland,Female,63,1,0,Part time employment,1,5,1,1,1
Finland,Female,51,3,1,Retired,4,4,3,4,4
Finland,Male,30,1,0,Part time employment,2,2,1,2,1
Finland,Male,75,1,0,Retired,3,2,3,3,1
Finland,Male,55,2,0,Full time employment,1,4,1,1,1
Finland,Female,23,1,0,Unemployed,1,1,4,2,2
Finland,Male,29,5,0,Full time employment,2,5,4,4,4
Finland,Male,18,4,0,Full time student,4,2,2,2,1
Finland,Female,75,1,0,Retired,5,5,2,1,1
Finland,Female,44,3,2,Unemployed,4,1,3,3,3
Finland,Female,58,4,0,Retired,2,2,1,3,2
Finland,Male,37,1,0,Unemployed,4,2,4,4,2
Finland,Female,42,1,0,Full time employment,3,3,3,3,3
Finland,Male,54,1,0,Retired,3,1,2,3,3
Finland,Female,22,2,0,Full time employment,4,1,3,4,3
Finland,Male,27,1,0,Full time employment,5,1,5,5,5
Finland,Male,54,8 or more,5 or more,Full time employment,5,5,5,5,5
Finland,Female,39,3,1,Full time employment,3,2,2,3,1
Finland,Male,49,3,1,Unemployed,5,1,3,5,3
Finland,Female,37,1,0,Unemployed,3,2,3,4,3
Finland,Male,32,2,0,Full time employment,4,2,3,5,5
Finland,Female,70,1,0,Retired,1,1,3,3,3
Finland,Female,63,2,0,Full time employment,4,2,1,1,1
Finland,Female,34,3,1,Unemployed,3,1,3,1,5
Finland,Male,56,2,0,Unemployed,5,2,2,3,1
Finland,Female,27,3,1,Unemployed,2,2,3,3,2
Finland,Male,44,2,0,Part time employment,1,1,3,3,2
Finland,Female,67,2,0,Retired,3,3,4,5,5
Finland,Male,68,2,0,Retired,3,2,2,1,1
Finland,Female,25,1,0,Full time employment,4,3,3,2,5
Finland,Female,41,3,1,Part time employment,3,3,2,3,3
Finland,Male,67,2,0,Retired,2,2,2,1,1
Finland,Male,60,1,0,Retired,3,2,3,1,1
Finland,Male,56,1,0,Unemployed,3,1,3,4,4
Finland,Male,54,4,1,Full time employment,4,4,1,2,1
Finland,Male,62,3,0,Retired,1,2,2,1,1
Finland,Female,44,2,0,Full time employment,3,3,3,1,1
Finland,Female,88,1,0,Retired,3,4,2,1,1
Finland,Male,27,5,0,Full time employment,3,3,3,3,3
Finland,Male,39,3,3,Retired,5,5,5,5,5
Finland,Male,29,1,0,Full time student,1,3,4,3,4
Finland,Female,46,4,3,Full time employment,2,3,2,1,1
Finland,Male,41,1,0,Unemployed,3,3,4,2,2
Finland,Female,60,2,0,Retired,4,5,1,1,1
Finland,Male,57,1,0,Unemployed,1,3,2,1,1
Finland,Male,42,1,0,Full time employment,4,3,3,4,2
Finland,Male,55,2,0,Full time employment,2,4,1,1,1
Finland,Female,27,1,0,Part time employment,1,1,2,2,1
Finland,Male,63,2,0,Full time employment,2,2,2,1,1
Finland,Male,29,3,1,Full time employment,5,1,5,5,5
Finland,Male,57,4,2,Retired,3,1,5,5,5
Finland,Female,65,2,0,Retired,2,4,1,1,1
Finland,Female,66,2,0,Retired,3,2,3,1,1
Finland,Male,39,1,0,Full time employment,3,4,4,5,5
Finland,Male,67,1,0,Retired,5,5,1,1,1
Finland,Female,19,3,0,Full time student,3,4,4,4,4
Finland,Male,68,1,0,Retired,3,2,4,4,4
Finland,Male,60,1,0,Retired,3,3,1,1,1
Finland,Female,39,3,1,Full time employment,2,5,1,1,1
Finland,Female,71,2,0,Retired,1,1,3,2,1
Finland,Female,57,2,0,Full time employment,4,3,1,1,1
Finland,Male,64,2,0,Retired,2,3,3,1,1
Finland,Female,21,1,0,Full time employment,4,1,2,5,5
Finland,Male,48,3,0,Not working,3,4,1,1,1
Finland,Female,50,7,4,Full time employment,4,2,3,3,3
Finland,Female,20,4,0,Full time student,2,3,1,1,1
Finland,Female,29,1,0,Unemployed,3,1,2,3,3
Finland,Male,44,4,2,Full time employment,4,2,2,4,5
Finland,Male,64,1,0,Retired,3,3,3,1,1
Finland,Male,46,1,0,Full time employment,4,2,3,3,2
Finland,Male,65,2,0,Retired,4,4,4,5,5
Finland,Male,55,2,0,Part time employment,5,5,1,1,1
Finland,Male,41,1,0,Full time student,2,4,1,1,1
Finland,Male,22,5,2,Part time employment,3,2,3,1,2
Finland,Male,48,4,3,Full time employment,4,3,3,3,3
Finland,Male,60,2,0,Full time employment,2,4,1,1,1
Finland,Male,53,2,0,Retired,2,2,4,2,3
Finland,Female,74,2,0,Retired,3,4,3,1,1
Finland,Female,62,1,0,Retired,1,5,2,1,1
Finland,Female,28,2,0,Full time employment,1,3,1,1,1
Finland,Female,65,1,0,Retired,2,1,2,2,2
Finland,Male,47,3,1,Not working,4,3,5,3,3
Finland,Female,24,2,0,Full time student,2,2,1,3,3
Finland,Female,37,3,1,Part time employment,2,2,3,1,1
Finland,Male,42,3,1,Full time employment,3,3,3,5,1
Finland,Female,20,2,0,Full time student,3,4,1,1,1
Finland,Male,66,2,0,Retired,2,5,1,1,1
Finland,Female,18,5,0,Part time employment,4,1,2,3,2
Finland,Male,50,1,0,Full time employment,2,2,3,4,3
Finland,Female,76,1,0,Part time employment,4,2,3,3,3
Finland,Female,33,3,1,Full time employment,3,2,4,4,5
Finland,Female,27,2,0,Full time employment,2,1,3,3,2
Finland,Female,64,1,0,Retired,3,4,2,1,1
Finland,Female,24,1,0,Part time employment,5,5,5,5,3
Finland,Male,30,5,3,Full time employment,3,1,3,3,4
Finland,Male,69,2,0,Retired,1,5,1,1,1
Finland,Male,72,1,0,Retired,2,4,4,1,1
Finland,Female,39,2,0,Full time employment,3,1,2,4,4
Finland,Female,28,2,0,Full time employment,3,1,3,3,3
Finland,Female,23,4,0,Full time student,3,3,4,3,3
Finland,Female,50,4,0,Full time employment,4,2,4,3,5
Finland,Female,52,2,0,Full time employment,1,2,2,2,1
Finland,Female,69,2,0,Retired,3,1,3,3,2
Finland,Female,34,2,0,Full time employment,3,1,3,3,3
Finland,Female,54,1,0,Unemployed,2,1,2,2,1
Finland,Male,72,2,0,Retired,2,3,3,2,1
Finland,Male,64,1,0,Retired,1,1,3,1,1
Finland,Male,67,3,0,Retired,1,3,1,1,1
Finland,Female,30,1,0,Unemployed,4,5,1,1,1
Finland,Female,61,1,0,Retired,2,4,2,1,1
Finland,Male,45,4,1,Full time employment,3,3,3,3,1
Finland,Male,71,2,0,Not working,5,2,2,4,2
Finland,Female,26,2,0,Full time student,3,2,4,1,5
Finland,Male,48,1,0,Full time employment,5,1,3,5,5
Finland,Female,29,2,0,Full time student,4,2,2,2,5
Finland,Female,41,4,2,Full time employment,4,2,4,4,1
Finland,Male,38,3,0,Unemployed,4,1,1,2,1
Finland,Male,73,2,0,Retired,1,3,3,1,5
Finland,Male,48,2,0,Unemployed,3,3,2,1,1
Finland,Female,18,4,0,Full time student,5,1,5,5,5
Finland,Male,30,2,0,Unemployed,2,2,4,1,5
Finland,Male,46,6,0,Full time employment,4,3,3,4,4
Finland,Male,66,1,0,Retired,2,2,2,2,1
Finland,Female,55,3,1,Full time employment,1,3,2,1,1
Finland,Male,56,1,0,Full time employment,4,4,2,3,1
Finland,Female,47,4,2,Full time employment,2,1,4,5,5
Finland,Female,35,2,0,Full time employment,1,1,3,4,3
Finland,Male,56,1,0,Retired,1,1,1,1,1
Finland,Female,43,1,0,Full time student,5,1,3,5,5
Finland,Female,47,2,0,Full time employment,3,1,3,4,2
Finland,Female,52,3,1,Full time employment,3,1,2,3,2
Finland,Male,56,2,0,Part time employment,5,1,4,5,5
Finland,Female,73,2,0,Retired,3,2,3,3,1
Finland,Male,69,2,0,Retired,3,4,1,1,1
Finland,Female,44,2,0,Unemployed,5,5,1,1,1
Finland,Female,60,2,0,Full time employment,2,3,2,1,1
Finland,Male,46,2,0,Retired,5,2,5,5,5
Finland,Female,46,1,0,Unemployed,3,1,4,4,2
Finland,Male,58,1,0,Part time employment,3,5,1,1,1
Finland,Male,31,6,0,Full time employment,3,3,2,3,3
Finland,Male,26,2,0,Full time employment,1,5,1,1,1
Finland,Female,65,2,0,Retired,2,2,3,3,3
Finland,Male,59,1,0,Unemployed,4,1,5,5,5
Finland,Female,41,1,0,Full time student,5,1,3,5,5
Finland,Male,24,2,0,Full time student,4,3,3,5,4
Finland,Male,25,3,1,Full time employment,3,1,2,5,2
Finland,Male,33,3,0,Full time employment,3,4,3,3,5
Finland,Male,37,1,0,Unemployed,3,2,4,4,3
Finland,Female,35,1,0,Retired,3,3,4,4,5
Finland,Female,47,2,0,Unemployed,2,2,2,3,2
Finland,Female,70,1,0,Part time employment,1,4,2,1,1
Finland,Male,80,3,0,Retired,2,2,1,1,1
Finland,Male,53,1,0,Full time employment,3,5,1,1,1
Finland,Male,64,1,0,Retired,3,3,1,1,1
Finland,Female,53,1,0,Part time employment,2,2,2,2,1
Finland,Female,32,5,3,Full time employment,1,3,2,1,1
Finland,Female,26,2,0,Full time employment,3,4,3,3,3
Finland,Female,61,2,0,Full time employment,1,1,3,3,2
Finland,Female,63,2,0,Retired,1,1,1,1,1
Finland,Male,22,2,1,Full time employment,3,5,4,3,4
Finland,Male,68,2,0,Retired,2,2,1,1,1
Finland,Male,61,2,0,Unemployed,4,2,2,3,2
Finland,Female,65,1,0,Part time employment,4,2,3,3,3
Finland,Female,39,1,0,Retired,3,1,5,5,5
Finland,Female,65,2,0,Retired,1,1,3,1,1
Finland,Male,65,1,0,Retired,1,5,1,1,1
Finland,Female,57,3,1,Part time employment,3,3,3,3,3
Finland,Male,79,1,0,Retired,3,3,2,1,1
Finland,Female,53,1,0,Unemployed,4,2,5,1,1
Finland,Female,40,3,1,Not working,1,1,3,2,3
Finland,Female,61,2,0,Part time employment,4,2,1,2,1
Finland,Male,55,1,0,Full time employment,4,3,1,1,1
Finland,Female,41,2,0,Full time employment,2,2,1,3,3
Finland,Male,60,2,0,Unemployed,4,4,3,2,3
Finland,Male,30,1,0,Retired,5,5,4,3,5
Finland,Female,67,1,0,Retired,1,3,3,2,1
Finland,Female,57,2,0,Full time employment,2,4,5,5,1
Finland,Female,43,3,2,Full time employment,1,1,1,1,1
Finland,Female,42,2,0,Full time employment,1,1,4,1,1
Finland,Male,63,2,0,Unemployed,1,3,1,1,1
Finland,Male,51,2,0,Full time employment,2,1,3,3,2
Finland,Male,75,2,0,Retired,4,4,2,2,1
Finland,Male,73,1,0,Retired,3,5,3,2,1
Finland,Female,61,2,0,Full time employment,2,4,4,1,1
Finland,Male,43,4,3,Retired,4,4,3,3,4
Finland,Male,73,1,0,Retired,2,3,1,4,1
Finland,Female,21,2,0,Full time employment,4,3,2,1,1
Finland,Female,70,1,0,Retired,3,3,2,1,1
Finland,Female,45,1,0,Full time employment,1,1,3,3,3
Finland,Female,59,2,0,Part time employment,3,4,2,2,1
Finland,Female,30,1,0,Unemployed,4,2,4,4,4
Finland,Female,49,3,1,Full time employment,4,2,3,4,4
Finland,Female,35,4,1,Not working,5,1,3,5,4
Finland,Female,66,1,0,Retired,1,3,5,1,1
Finland,Female,63,2,0,Retired,3,4,2,1,1
Finland,Male,65,2,0,Retired,2,2,2,3,1
Finland,Male,31,4,2,Full time employment,4,1,4,5,4
Finland,Male,70,3,0,Retired,2,2,1,1,1
Finland,Female,61,2,0,Full time employment,2,2,1,1,1
Finland,Male,64,3,1,Retired,3,5,1,1,1
Finland,Female,66,1,0,Full time employment,5,2,1,1,1
Finland,Male,42,1,0,Full time student,5,1,3,5,5
Finland,Female,25,1,0,Full time student,2,4,3,1,1
Finland,Female,73,1,0,Retired,4,4,3,3,1
Finland,Female,59,2,0,Full time employment,1,3,2,2,5
Finland,Male,34,3,1,Full time employment,4,3,2,2,3
Finland,Male,73,2,0,Retired,2,3,2,3,1
Finland,Female,61,1,0,Full time employment,2,2,3,5,4
Finland,Male,64,2,0,Retired,2,1,4,2,4
Finland,Male,62,2,0,Retired,4,2,3,4,3
Finland,Male,75,2,0,Retired,4,3,4,5,1
Finland,Male,73,2,0,Retired,3,2,1,1,1
Finland,Male,56,2,0,Retired,4,3,2,3,3
Finland,Female,59,1,0,Retired,2,3,3,1,1
Finland,Female,53,2,0,Full time employment,3,4,1,1,1
Finland,Female,60,2,0,Full time employment,2,1,2,2,1
Finland,Female,36,1,0,Full time employment,5,1,5,5,5
Finland,Male,60,1,0,Full time employment,4,4,4,3,1
Finland,Female,68,1,0,Retired,2,2,2,1,1
Finland,Male,58,1,0,Unemployed,2,1,3,3,3
Finland,Male,46,1,0,Unemployed,3,4,1,1,1
Finland,Female,54,1,0,Unemployed,3,2,3,4,4
Finland,Male,47,2,0,Full time employment,4,4,2,1,1
Finland,Female,23,2,0,Unemployed,4,4,2,3,1
Finland,Male,67,2,2,Full time employment,4,2,4,3,3
Finland,Male,56,1,0,Not working,1,3,2,1,1
Finland,Female,38,2,0,Retired,1,1,4,1,1
Finland,Female,42,4,2,Full time employment,4,1,3,4,3
Finland,Female,61,1,0,Full time employment,2,2,2,1,1
Finland,Male,73,1,0,Retired,2,2,2,2,1
Finland,Female,71,1,0,Retired,2,4,1,1,1
Finland,Female,51,1,0,Retired,3,1,2,3,3
Finland,Male,42,1,0,Part time employment,4,5,1,1,1
Finland,Male,56,4,0,Retired,2,3,2,4,1
Finland,Male,42,4,2,Full time employment,2,2,1,2,1
Finland,Male,40,2,0,Full time employment,4,1,5,5,5
Finland,Female,48,1,0,Part time employment,1,1,1,1,1
Finland,Female,20,8 or more,0,Full time student,3,3,3,2,2
Finland,Male,67,1,0,Retired,4,4,2,3,3
Finland,Male,65,2,0,Retired,3,4,2,3,1
Finland,Male,37,2,0,Part time employment,5,1,4,5,5
Finland,Female,48,8 or more,0,Full time employment,1,1,1,1,1
Finland,Female,21,1,0,Full time employment,4,2,2,5,3
Finland,Male,45,2,0,Full time employment,3,3,1,3,2
Finland,Male,71,2,0,Retired,3,3,4,4,3
Finland,Male,68,1,0,Retired,3,4,4,3,3
Finland,Male,28,3,0,Full time student,3,2,2,1,1
Finland,Male,35,1,0,Unemployed,1,4,4,1,2
Finland,Male,71,2,0,Retired,2,3,2,2,1
Finland,Female,42,5,3,Unemployed,2,2,1,2,1
Finland,Male,68,2,0,Retired,1,1,1,1,1
Finland,Female,36,1,0,Full time student,4,3,2,1,1
Finland,Male,37,4,2,Full time employment,1,1,4,3,3
Finland,Male,65,2,0,Retired,4,4,3,4,5
Finland,Male,61,1,0,Part time employment,4,3,3,3,3
Finland,Male,68,2,0,Retired,3,4,5,1,2
Finland,Female,26,1,0,Full time employment,2,2,2,3,3
Finland,Female,43,2,0,Unemployed,5,1,5,5,5
Finland,Female,20,1,0,Full time student,3,5,2,3,1
Finland,Female,66,2,0,Retired,3,5,3,3,1
Finland,Female,58,1,0,Retired,2,2,2,2,1
Finland,Male,42,1,0,Unemployed,3,2,1,3,2
Finland,Male,59,1,0,Retired,4,5,2,1,1
Finland,Female,21,1,0,Unemployed,5,1,3,4,2
Finland,Female,57,2,1,Full time employment,3,4,3,3,2
Finland,Female,63,2,0,Not working,3,4,3,3,2
Finland,Male,54,4,1,Unemployed,5,1,5,5,4
Finland,Female,63,2,0,Retired,1,4,1,1,1
Finland,Male,49,2,0,Full time employment,3,5,1,1,1
Finland,Female,33,3,1,Unemployed,2,1,5,5,5
Finland,Male,52,2,0,Full time employment,2,2,1,1,1
Finland,Male,24,2,2,Full time employment,5,5,1,3,5
Finland,Female,70,1,0,Retired,3,4,3,2,2
Finland,Male,58,2,0,Part time employment,2,2,1,2,2
Finland,Female,66,1,0,Retired,1,4,1,1,1
Finland,Female,28,1,0,Part time employment,4,4,4,4,3
Finland,Male,53,2,0,Retired,3,3,2,2,1
Finland,Female,35,2,0,Retired,2,2,2,2,3
Finland,Female,39,1,0,Unemployed,2,1,3,3,4
Finland,Male,69,2,0,Retired,3,4,2,1,1
Finland,Female,29,1,0,Full time employment,5,2,3,5,5
Finland,Male,45,3,1,Full time employment,4,1,4,5,3
Finland,Female,55,3,1,Not working,1,3,2,1,2
Finland,Female,55,1,0,Full time employment,4,1,3,4,3
Finland,Male,39,4,2,Full time employment,5,5,4,4,3
Finland,Male,72,2,0,Retired,1,2,3,2,1
Finland,Female,56,2,1,Unemployed,5,1,5,5,5
Finland,Male,62,2,0,Retired,4,1,5,5,5
Finland,Female,18,1,0,Full time student,3,4,1,1,3
Finland,Male,55,1,0,Retired,2,3,3,2,2
Finland,Female,25,6,1,Part time employment,2,1,2,2,1
Finland,Male,23,3,1,Full time employment,3,3,1,5,1
Finland,Female,25,2,0,Unemployed,4,2,3,4,5
Finland,Male,69,2,0,Retired,2,2,2,2,1
Finland,Female,31,2,0,Full time employment,3,3,1,1,1
Finland,Female,20,3,0,Part time employment,5,1,5,5,5
Finland,Female,24,2,0,Full time student,3,1,2,4,5
Finland,Female,20,3,0,Not working,3,5,4,1,3
Finland,Female,23,2,0,Full time student,2,4,1,1,1
Finland,Female,47,2,0,Part time employment,5,2,1,5,3
Finland,Male,61,2,0,Retired,1,3,1,1,5
Finland,Female,22,2,0,Unemployed,2,1,1,3,1
Finland,Male,58,1,0,Retired,1,3,3,2,1
Finland,Male,76,4,0,Retired,5,4,2,3,1
Finland,Male,71,2,0,Retired,2,4,1,1,1
Finland,Female,26,2,0,Unemployed,4,3,5,5,5
Finland,Female,32,1,0,Full time employment,5,1,4,5,5
Finland,Male,63,2,0,Full time employment,5,2,4,5,5
Finland,Male,34,1,0,Unemployed,4,1,3,5,5
Finland,Female,58,1,0,Retired,2,2,2,2,2
Finland,Female,46,2,0,Part time employment,1,2,4,1,1
Finland,Female,55,2,0,Full time employment,1,2,3,2,1
Finland,Male,58,2,0,Full time employment,3,4,1,1,1
Finland,Female,52,2,0,Full time employment,3,5,3,3,3
Finland,Female,38,5,3,Full time employment,2,3,1,1,1
Finland,Male,43,1,0,Unemployed,4,2,4,5,4
Finland,Male,27,1,0,Full time employment,5,5,5,5,5
Finland,Male,46,4,2,Full time employment,5,1,4,5,3
Finland,Male,53,4,2,Full time employment,3,1,3,3,3
Finland,Female,28,2,0,Full time employment,5,4,2,2,1
Finland,Male,40,3,1,Full time employment,5,3,3,5,5
Finland,Male,36,1,0,Unemployed,3,3,3,3,3
Finland,Female,28,1,0,Part time employment,3,1,2,5,3
Finland,Male,66,2,0,Retired,1,3,4,1,2
Finland,Male,57,2,0,Full time student,5,1,5,5,5
Finland,Female,44,4,2,Full time employment,2,1,2,2,2
Finland,Female,63,1,0,Unemployed,1,1,1,1,1
Finland,Female,29,2,0,Full time employment,3,3,2,3,2
Finland,Female,34,1,0,Full time employment,3,4,2,4,2
Finland,Male,68,2,0,Retired,5,2,4,5,1
Finland,Male,54,1,0,Unemployed,2,2,2,2,1
Finland,Male,24,2,0,Part time employment,4,1,3,4,3
Finland,Female,46,4,2,Full time employment,2,1,1,1,1
Finland,Female,32,3,2,Full time employment,2,1,2,3,2
Finland,Male,64,4,1,Retired,4,3,1,3,2
Finland,Female,34,3,1,Full time student,4,3,3,3,3
Finland,Female,26,1,0,Full time student,5,5,4,5,5
Finland,Male,34,4,0,Full time student,4,4,5,5,5
Finland,Female,36,4,2,Full time employment,2,2,3,3,3
Finland,Male,53,2,0,Full time employment,1,1,3,3,3
Finland,Female,54,4,1,Retired,3,4,3,1,1
Finland,Male,63,2,0,Full time employment,3,3,2,1,1
Finland,Male,32,1,0,Full time employment,2,2,4,1,1
Finland,Male,56,3,2,Part time employment,5,4,1,1,1
Finland,Male,38,4,2,Full time employment,3,4,4,3,3
Finland,Male,18,4,2,Full time student,4,3,5,3,4
Finland,Female,25,2,0,Part time employment,3,2,3,1,1
Finland,Female,28,2,0,Full time student,4,1,5,5,5
Finland,Female,29,2,0,Not working,1,1,2,3,3
Finland,Male,31,2,0,Full time employment,2,3,4,2,3
Finland,Male,25,1,0,Full time employment,4,1,3,4,3
Finland,Female,52,4,2,Full time employment,2,2,2,1,1
Finland,Male,67,2,0,Retired,3,4,2,1,1
Finland,Male,68,1,0,Full time employment,3,3,2,3,2
Finland,Male,71,3,0,Part time employment,3,4,2,1,1
Finland,Male,70,2,0,Retired,2,2,1,1,1
Finland,Female,57,1,0,Part time employment,2,1,1,2,2
Finland,Male,43,3,1,Full time employment,5,5,2,1,1
Finland,Male,73,2,0,Retired,1,4,1,1,1
Finland,Male,65,2,0,Retired,1,1,3,2,3
Finland,Female,42,4,2,Full time employment,3,2,2,3,3
Finland,Female,52,1,0,Retired,1,1,1,1,1
Finland,Female,31,2,0,Full time employment,4,4,2,2,3
Finland,Male,67,2,0,Retired,3,3,1,1,1
Finland,Male,25,2,0,Full time employment,4,3,3,3,3
Finland,Male,73,2,0,Retired,3,3,2,1,1
Finland,Female,69,1,0,Retired,3,3,5,3,5
Finland,Male,27,4,2,Full time employment,3,2,4,3,3
Finland,Female,69,2,0,Retired,2,3,2,1,1
Finland,Male,40,4,2,Not working,3,5,1,1,1
Finland,Male,38,2,0,Retired,4,4,2,3,1
Finland,Male,22,1,0,Full time student,2,2,2,3,2
Finland,Male,32,4,2,Full time employment,2,2,1,3,1
Finland,Male,34,4,2,Full time employment,4,4,3,4,1
Finland,Male,35,1,0,Unemployed,3,1,3,5,5
Finland,Female,35,3,1,Not working,5,1,5,5,5
Finland,Female,40,2,0,Full time employment,4,1,4,4,2
Finland,Female,47,4,3,Full time employment,4,1,2,2,2
Finland,Female,35,1,0,Full time student,2,3,2,2,2
Finland,Female,48,2,0,Full time employment,3,1,1,1,1
Finland,Male,44,1,0,Retired,2,2,2,2,1
Finland,Male,66,2,0,Retired,2,3,1,1,1
Finland,Female,44,2,0,Full time employment,1,1,2,3,2
Finland,Female,26,2,0,Part time employment,2,1,3,4,2
Finland,Male,70,2,0,Retired,2,3,1,1,1
Finland,Male,69,2,0,Retired,4,4,2,2,4
Finland,Male,60,2,0,Full time employment,4,4,3,2,3
Finland,Female,27,2,0,Full time employment,4,4,3,3,1
Finland,Male,49,2,0,Part time employment,3,4,2,3,2
Finland,Female,33,1,0,Full time employment,3,4,4,1,1
Finland,Male,22,2,0,Full time student,4,4,1,2,1
Finland,Female,49,2,0,Full time employment,2,2,2,2,1
Finland,Female,53,1,0,Unemployed,5,5,5,5,5
Finland,Female,30,1,0,Full time employment,4,1,3,5,4
Finland,Female,39,1,0,Full time employment,2,2,2,1,1
Finland,Female,64,2,0,Retired,1,2,2,1,1
Finland,Female,42,2,0,Full time employment,2,1,1,2,1
Finland,Female,37,2,0,Full time employment,5,1,4,5,5
Finland,Female,47,1,0,Unemployed,2,2,3,3,3
Finland,Female,79,1,0,Retired,3,3,1,1,1
Finland,Female,32,5,3,Full time employment,2,2,2,3,3
Finland,Female,38,2,1,Full time employment,3,1,3,5,3
Finland,Male,44,3,1,Full time employment,4,3,1,1,1
Finland,Male,60,2,0,Full time employment,3,3,2,1,1
Finland,Female,40,1,0,Part time employment,1,3,1,1,1
Finland,Female,60,1,0,Full time employment,1,3,1,1,1
Finland,Male,40,1,0,Unemployed,4,1,2,4,5
Finland,Female,68,2,0,Retired,2,3,2,2,1
Finland,Female,57,2,0,Full time employment,1,1,4,3,3
Finland,Female,61,1,0,Retired,3,3,3,1,1
Finland,Male,50,2,0,Full time employment,3,3,3,2,4
Finland,Male,66,2,0,Retired,3,3,2,1,1
Finland,Male,22,3,0,Full time employment,4,4,4,3,4
Finland,Female,20,7,0,Full time student,2,2,5,2,3
Finland,Female,39,4,2,Full time employment,2,1,2,3,3
Finland,Female,45,4,1,Full time employment,3,1,3,5,3
Finland,Female,68,1,0,Retired,1,3,3,3,1
Finland,Male,42,4,2,Full time employment,3,3,1,1,1
Finland,Male,23,1,0,Full time student,4,3,4,3,3
Finland,Female,45,6,0,Full time employment,3,3,4,3,4
Finland,Male,21,2,0,Full time student,5,5,2,2,4
Finland,Female,35,3,2,Full time employment,3,1,3,5,5
Finland,Male,66,2,0,Part time employment,1,5,1,1,1
Finland,Female,61,2,0,Full time employment,5,4,1,1,1
Finland,Female,65,2,0,Retired,1,3,1,1,1
Finland,Female,67,1,0,Retired,3,4,1,5,1
Finland,Female,52,3,1,Unemployed,3,1,3,4,4
Finland,Male,48,3,0,Full time employment,3,4,4,3,3
Finland,Male,73,1,0,Retired,3,5,2,1,1
Finland,Male,26,3,0,Full time student,2,1,1,1,1
Finland,Male,32,3,1,Full time employment,1,1,2,3,2
Finland,Female,34,1,0,Full time student,2,1,2,3,2
Finland,Female,35,7,5 or more,Unemployed,1,1,5,1,4
Finland,Female,30,2,0,Full time employment,4,1,3,3,3
Finland,Female,54,3,1,Part time employment,2,3,1,1,3
Finland,Female,70,2,0,Full time employment,2,4,3,1,1
Finland,Female,58,2,0,Full time employment,3,2,3,3,3
Finland,Female,24,4,2,Unemployed,5,2,3,5,5
Finland,Female,50,2,1,Full time employment,4,3,3,4,5
Finland,Female,61,3,0,Full time employment,3,3,1,1,1
Finland,Female,43,3,1,Full time employment,3,5,2,1,5
Finland,Female,37,2,1,Part time employment,4,1,3,5,4
Finland,Male,66,2,0,Retired,4,3,1,1,1
Finland,Male,34,3,1,Full time employment,2,4,1,1,1
Finland,Male,79,2,0,Retired,4,5,1,1,1
Finland,Female,65,1,0,Retired,1,2,2,1,1
Finland,Female,68,1,0,Retired,1,1,2,1,1
Finland,Female,30,2,1,Full time student,3,3,3,3,3
Finland,Female,32,3,1,Full time employment,4,5,3,4,4
Finland,Female,45,1,0,Unemployed,3,3,3,3,3
Finland,Female,55,3,2,Retired,5,1,5,5,5
Finland,Male,51,3,1,Full time student,1,2,1,4,3
Finland,Female,49,2,0,Full time employment,4,4,3,3,3
Finland,Male,58,4,0,Full time employment,4,2,4,3,4
Finland,Female,52,1,0,Part time employment,4,5,5,3,3
Finland,Female,49,2,0,Full time student,5,1,3,4,3
Finland,Female,64,1,0,Part time employment,3,1,3,5,5
Finland,Female,45,1,0,Unemployed,4,4,2,1,1
Finland,Male,52,2,0,Full time employment,2,4,2,1,1
Finland,Male,68,2,0,Retired,3,3,2,2,1
Finland,Male,26,2,0,Full time employment,1,2,1,3,3
Finland,Male,71,1,0,Retired,2,3,2,2,2
Finland,Female,55,1,0,Full time employment,4,2,1,1,1
Finland,Female,28,2,0,Full time employment,2,2,5,5,5
Finland,Female,24,1,0,Full time employment,4,2,2,2,1
Finland,Female,47,3,1,Full time employment,3,4,2,1,1
Finland,Male,64,2,0,Retired,3,3,2,1,1
Finland,Male,49,2,0,Part time employment,3,3,2,1,1
Finland,Female,29,2,0,Full time employment,3,3,4,4,4
Finland,Female,41,1,0,Full time employment,5,1,2,5,3
Finland,Male,64,1,0,Retired,3,4,4,5,1
Finland,Male,57,2,0,Full time employment,2,4,1,1,1
Finland,Male,36,3,1,Full time employment,3,3,3,4,3
Finland,Male,45,5,3,Full time employment,3,3,1,3,5
Finland,Male,63,3,1,Retired,4,1,3,3,3
Finland,Male,52,3,0,Full time employment,3,5,5,1,1
Finland,Male,56,1,0,Part time employment,3,1,3,3,3
Finland,Female,36,2,1,Full time employment,3,4,2,1,1
Finland,Male,75,2,0,Retired,3,4,1,1,1
Finland,Male,34,1,0,Full time student,3,3,3,3,3
Finland,Female,65,1,0,Retired,1,1,2,1,1
Finland,Female,65,2,0,Retired,1,4,1,1,1
Finland,Female,44,4,2,Full time employment,3,5,2,1,5
Finland,Male,43,1,0,Full time employment,5,5,2,3,4
Finland,Female,52,2,0,Retired,3,2,2,2,4
Finland,Female,29,1,0,Full time employment,4,3,3,3,3
Finland,Female,57,4,0,Full time employment,2,2,1,1,1
Finland,Female,55,2,0,Unemployed,1,1,1,3,4
Finland,Male,53,1,0,Full time employment,2,3,3,1,1
Finland,Female,46,2,0,Full time employment,1,1,4,3,3
Finland,Female,40,2,1,Retired,3,4,2,2,1
Finland,Male,68,2,0,Not working,3,3,3,2,1
Finland,Female,54,1,0,Part time employment,3,2,1,1,1
Finland,Female,39,5,2,Full time employment,2,4,1,1,1
Finland,Female,43,2,0,Part time employment,3,1,4,4,3
Finland,Male,33,1,0,Unemployed,2,2,2,1,1
Finland,Male,30,4,2,Full time employment,3,4,4,3,4
Finland,Female,36,3,1,Full time employment,2,1,2,2,4
Finland,Female,52,4,2,Full time student,4,2,2,3,2
Finland,Female,57,1,0,Full time employment,1,2,2,3,3
Finland,Female,41,3,1,Full time employment,2,3,1,1,1
Finland,Female,73,1,0,Retired,2,1,3,2,1
Finland,Female,22,1,0,Full time student,3,4,2,3,2
Finland,Female,49,2,0,Full time employment,3,1,3,3,1
Finland,Male,51,3,1,Full time employment,2,2,3,3,1
Finland,Female,58,1,0,Retired,3,2,3,2,2
Finland,Male,31,5,3,Full time employment,3,2,2,3,1
Finland,Male,67,2,0,Retired,4,3,2,1,1
Finland,Male,50,1,0,Retired,3,2,2,2,2
Finland,Female,47,3,1,Full time employment,5,4,4,4,4
Finland,Female,44,5,3,Full time employment,3,1,3,3,4
Finland,Male,50,3,0,Full time employment,3,4,4,3,4
Finland,Female,31,2,0,Full time employment,4,2,2,3,2
Finland,Male,66,3,1,Full time employment,2,2,2,1,1
Finland,Male,44,2,0,Not working,3,2,4,5,3
Finland,Male,52,1,0,Unemployed,1,1,1,5,1
Finland,Female,51,4,2,Part time employment,2,3,1,1,1
Finland,Male,30,1,0,Part time employment,3,1,2,5,2
Finland,Female,58,2,0,Retired,1,1,2,1,1
Finland,Male,72,4,1,Retired,2,5,5,1,1
Finland,Male,37,4,2,Full time employment,1,4,1,1,1
Finland,Male,51,1,0,Retired,3,3,5,3,2
Finland,Female,39,1,0,Full time student,3,2,2,4,5
Finland,Female,64,2,0,Retired,3,3,2,2,1
Finland,Male,20,2,0,Full time student,4,1,5,5,5
Finland,Female,59,2,0,Retired,1,1,1,1,1
Finland,Male,27,1,0,Part time employment,3,3,3,3,3
Finland,Male,39,2,0,Unemployed,3,3,3,4,4
Finland,Male,63,1,0,Retired,5,2,4,5,5
Finland,Female,62,2,1,Unemployed,1,3,1,1,1
Finland,Female,57,1,0,Unemployed,2,2,1,2,4
Finland,Male,37,1,0,Unemployed,5,1,5,5,5
Finland,Female,52,1,0,Retired,3,2,2,2,2
Finland,Female,64,1,0,Full time employment,3,4,1,1,1
Finland,Male,46,1,0,Full time employment,4,4,2,3,2
Finland,Male,46,1,0,Unemployed,3,3,3,3,3
Finland,Female,53,2,0,Unemployed,2,1,4,4,5
Finland,Male,61,2,0,Unemployed,5,4,1,1,1
Finland,Male,38,6,4,Full time employment,3,1,3,3,3
Finland,Male,45,6,3,Full time employment,3,3,2,1,1
Finland,Female,61,1,0,Retired,2,2,2,1,1
Finland,Male,49,1,0,Unemployed,4,2,3,4,3
Finland,Male,61,1,0,Unemployed,5,2,2,3,1
Finland,Female,64,1,0,Retired,2,1,3,1,1
Finland,Female,28,2,1,Unemployed,3,3,3,3,3
Finland,Male,30,2,0,Full time employment,3,3,3,3,4
Finland,Male,65,1,0,Retired,3,4,1,1,1
Finland,Male,34,2,0,Full time employment,2,3,2,2,3
Finland,Female,57,1,0,Full time employment,2,3,3,2,3
Finland,Male,34,3,1,Full time employment,1,1,2,1,1
Finland,Male,52,1,0,Full time employment,4,5,1,1,1
Finland,Female,60,4,0,Unemployed,4,2,1,3,2
Finland,Male,58,2,0,Retired,1,5,5,1,5
Finland,Female,65,1,0,Retired,5,5,5,5,3
Finland,Male,63,2,0,Retired,4,5,2,5,3
Finland,Male,33,1,0,Full time employment,3,4,1,1,1
Finland,Female,62,1,0,Part time employment,2,1,1,1,1
Finland,Male,47,1,0,Part time employment,3,3,3,3,2
Finland,Male,22,3,0,Full time employment,4,4,4,2,3
Finland,Male,59,2,0,Full time employment,2,2,2,2,1
Finland,Female,48,1,0,Full time employment,1,1,4,3,3
Finland,Female,37,1,0,Unemployed,2,1,2,3,3
Finland,Female,49,3,1,Full time student,4,4,3,3,1
Finland,Female,47,1,0,Full time employment,4,2,1,1,1
Finland,Male,58,1,0,Unemployed,3,3,3,3,4
Finland,Female,20,3,0,Full time student,4,5,3,3,4
Finland,Male,34,4,2,Full time employment,5,3,4,4,4
Finland,Female,53,2,0,Full time employment,1,2,3,2,4
Finland,Male,61,2,0,Unemployed,4,5,1,1,1
Finland,Female,61,2,0,Unemployed,2,2,2,1,1
Finland,Female,56,3,0,Part time employment,3,4,3,3,3
Finland,Female,62,3,0,Retired,3,3,2,1,1
Finland,Male,64,1,0,Retired,3,3,2,2,2
Finland,Male,38,1,4,Full time employment,5,2,4,5,5
Finland,Female,58,3,0,Retired,1,5,1,1,5
Finland,Female,30,1,0,Retired,1,4,1,1,1
Finland,Male,52,2,0,Full time employment,4,4,2,3,1
Finland,Female,61,1,0,Unemployed,5,1,5,5,5
Finland,Female,22,4,0,Not working,2,1,2,2,2
Finland,Male,38,4,2,Full time employment,3,3,4,1,5
Finland,Male,57,1,0,Unemployed,1,2,2,2,2
Finland,Female,59,2,0,Retired,2,1,5,4,5
Finland,Female,50,3,1,Full time employment,3,3,2,2,1
Finland,Female,41,1,0,Retired,1,1,1,3,5
Finland,Male,63,2,0,Retired,3,3,4,2,1
Finland,Female,54,1,0,Full time employment,1,1,3,3,1
Finland,Male,62,1,0,Unemployed,2,3,2,2,2
Finland,Female,54,1,0,Full time employment,1,2,1,1,1
Finland,Female,55,2,0,Full time employment,1,1,3,1,1
Finland,Female,62,2,0,Unemployed,1,2,3,2,1
Finland,Female,56,1,0,Retired,1,1,1,1,2
Finland,Male,38,1,0,Full time employment,2,2,2,2,4
Finland,Male,34,2,0,Full time employment,4,3,3,4,3
Finland,Male,29,2,0,Full time student,3,5,4,4,4
Finland,Male,22,1,0,Full time employment,3,3,2,2,1
Finland,Female,20,3,0,Full time student,3,3,3,3,2
Finland,Male,32,2,0,Full time employment,2,5,2,2,2
Finland,Male,30,2,0,Full time employment,2,1,1,5,5
Finland,Male,38,1,0,Unemployed,4,4,4,4,2
Finland,Female,65,2,0,Retired,3,1,1,1,1
Finland,Male,38,1,0,Full time employment,1,4,2,2,2
Finland,Male,63,2,0,Retired,2,4,3,1,1
Finland,Male,43,5,3,Full time employment,1,1,3,3,3
Finland,Male,60,2,0,Full time employment,3,3,3,2,2
Finland,Male,45,2,0,Full time employment,1,3,2,2,2
Finland,Male,62,2,0,Retired,4,3,5,5,5
Finland,Male,34,2,1,Full time employment,4,3,3,4,4
Finland,Male,64,2,0,Retired,3,4,1,1,1
Finland,Female,65,2,0,Retired,2,2,2,2,1
Finland,Male,37,4,0,Full time employment,3,4,2,2,1
Finland,Male,47,5,3,Full time employment,4,5,1,1,1
Finland,Female,65,1,0,Retired,3,2,1,1,1
Finland,Female,46,1,0,Unemployed,2,1,5,5,5
Finland,Male,39,4,2,Full time employment,5,1,5,5,5
Finland,Female,60,1,0,Retired,1,2,1,1,1
Finland,Female,64,2,0,Retired,2,4,1,1,1
Finland,Male,61,3,0,Unemployed,1,2,2,2,1
Finland,Male,20,1,0,Full time student,5,5,1,2,2
Finland,Female,60,1,0,Unemployed,5,2,3,5,1
Finland,Male,35,2,0,Full time employment,3,1,3,4,3
Finland,Female,65,1,0,Retired,5,4,3,3,4
Finland,Male,65,2,0,Retired,4,3,3,3,3
Finland,Male,62,2,0,Unemployed,3,4,1,1,1
Finland,Male,38,1,0,Full time employment,4,1,3,4,3
Finland,Female,64,2,0,Retired,2,3,1,1,1
Finland,Male,33,3,0,Full time employment,4,2,2,4,4
Finland,Male,63,1,0,Retired,3,2,4,4,1
Finland,Male,64,2,0,Retired,1,5,2,4,1
Finland,Female,64,1,0,Full time employment,2,5,3,1,1
Finland,Female,60,1,0,Unemployed,2,2,1,1,1
Finland,Male,35,4,1,Full time employment,5,1,3,5,5
Finland,Female,71,1,0,Retired,3,3,4,1,1
Finland,Female,64,1,0,Unemployed,4,4,1,1,1
Finland,Female,65,2,0,Retired,1,1,3,3,1
Finland,Female,60,1,0,Part time employment,4,3,2,1,1
Finland,Male,39,4,0,Unemployed,1,1,3,5,4
Finland,Male,64,1,0,Unemployed,4,5,1,1,1
Finland,Female,65,2,0,Retired,3,3,2,1,1
Finland,Female,63,2,0,Retired,2,2,2,1,1
Finland,Male,63,1,0,Retired,3,4,3,1,1
Finland,Female,61,1,0,Unemployed,3,3,4,5,1
Finland,Male,29,4,0,Unemployed,5,5,5,5,5
Finland,Male,63,1,0,Retired,2,2,4,3,3
Finland,Female,64,1,0,Retired,2,3,3,2,1
Finland,Male,21,2,0,Full time employment,5,3,4,5,5
Finland,Male,18,1,0,Full time student,3,2,4,4,4
Finland,Female,76,3,0,Retired,2,1,1,2,1
Finland,Male,30,3,0,Part time employment,3,4,5,4,4
Finland,Male,39,1,0,Part time employment,3,2,2,1,1
Finland,Female,65,1,0,Retired,3,3,1,1,5
Finland,Male,26,2,0,Unemployed,4,4,4,4,4
Finland,Female,64,2,0,Retired,4,4,5,5,5
Finland,Male,35,2,0,Unemployed,4,4,4,4,4
Finland,Male,27,4,0,Full time employment,2,2,3,3,3
Finland,Female,63,2,0,Retired,3,3,3,3,3
Finland,Male,62,2,0,Full time employment,4,4,2,3,1
Finland,Female,62,1,0,Retired,3,3,4,4,4
Finland,Female,62,2,0,Retired,3,4,1,3,1
Finland,Female,61,2,0,Full time employment,2,1,1,2,1
Finland,Female,64,2,0,Retired,3,1,2,1,1
Finland,Male,27,4,2,Full time student,3,2,2,3,3
Finland,Male,37,1,0,Full time employment,4,3,4,4,3
Finland,Male,18,1,0,Part time employment,4,2,1,3,1
Finland,Female,65,2,0,Retired,4,3,2,3,2
Finland,Male,29,2,0,Full time employment,3,1,2,3,2
Finland,Female,64,1,0,Retired,5,3,3,2,1
Finland,Male,23,1,0,Full time student,3,4,3,2,2
Finland,Male,28,1,0,Full time employment,5,1,5,5,5
Finland,Female,62,2,0,Full time employment,4,4,1,1,1
Finland,Female,61,2,0,Retired,3,3,3,3,5
Finland,Female,60,2,0,Retired,1,1,2,1,1
Finland,Female,69,2,0,Retired,4,1,3,3,1
Finland,Female,61,2,0,Part time employment,3,1,3,3,3
Finland,Male,18,4,0,Full time student,4,5,4,5,5
Finland,Female,67,1,0,Retired,3,5,2,1,1
Finland,Female,62,2,0,Retired,3,1,1,2,2
Finland,Female,63,1,0,Retired,3,1,4,4,3
Finland,Female,64,1,0,Retired,1,2,5,3,3
Finland,Female,67,2,0,Retired,2,1,2,2,2
Finland,Female,67,2,0,Retired,3,3,3,4,1
Finland,Female,62,1,0,Retired,3,4,1,1,1
Finland,Female,65,2,0,Retired,1,2,1,1,1
Finland,Female,67,2,0,Full time employment,5,5,5,5,5
Finland,Female,66,1,0,Retired,3,2,1,1,1
Finland,Female,70,2,0,Retired,5,5,4,5,5
Finland,Female,62,2,0,Unemployed,4,1,2,3,3
Finland,Female,60,2,0,Unemployed,1,1,1,1,1
Finland,Female,64,2,0,Retired,2,2,2,1,1
Finland,Female,65,2,0,Retired,3,3,2,3,2
Finland,Female,62,3,0,Retired,2,3,2,1,1
Finland,Female,63,1,0,Retired,3,4,2,3,1
Finland,Female,62,2,0,Retired,5,1,4,5,5
Finland,Female,72,2,0,Retired,5,5,1,1,1
Finland,Female,67,2,0,Retired,4,2,2,4,1
Finland,Female,75,2,0,Retired,2,3,1,1,1
Finland,Female,72,2,0,Retired,3,3,1,1,1
Finland,Female,77,2,1,Part time employment,3,2,2,3,2
Finland,Female,63,2,0,Unemployed,4,3,1,2,1
Finland,Male,23,1,0,Full time student,4,4,5,5,5
Finland,Female,66,2,0,Full time employment,3,4,1,2,2
Finland,Female,65,2,0,Retired,4,4,1,1,1
Finland,Male,24,1,0,Full time employment,3,5,1,3,1
Finland,Female,75,2,0,Retired,2,1,2,2,2
Finland,Female,68,2,0,Retired,3,4,1,2,1
Finland,Male,20,1,0,Not working,3,4,2,2,2
Finland,Female,66,1,0,Retired,3,3,4,4,1
Finland,Male,29,5,0,Full time employment,4,3,3,3,3
Finland,Female,68,1,0,Retired,3,1,4,5,2
Finland,Male,20,3,0,Full time student,5,5,1,3,1
Finland,Male,29,3,0,Full time employment,2,2,3,2,1
Finland,Male,20,2,0,Full time employment,2,1,5,4,3
Finland,Male,27,2,0,Full time employment,3,3,5,3,3
Finland,Female,69,2,0,Part time employment,4,4,2,3,1
Finland,Female,70,2,0,Retired,4,4,1,1,1
Finland,Male,20,4,0,Full time student,3,4,3,2,2
Finland,Male,24,1,0,Unemployed,4,1,2,5,5
Finland,Female,71,1,0,Retired,3,2,1,1,1
Finland,Female,70,2,0,Retired,3,4,1,1,1
Finland,Female,61,2,0,Full time employment,1,1,3,2,2
Finland,Male,29,2,0,Full time employment,4,3,3,2,4
Finland,Male,28,2,0,Full time employment,3,2,1,1,1
Finland,Female,72,2,0,Retired,1,1,2,3,3
Finland,Female,76,1,0,Retired,1,1,1,1,1
Finland,Female,60,1,0,Full time employment,4,4,1,1,1
Finland,Female,63,2,0,Retired,3,4,4,1,1
Finland,Male,27,1,0,Part time employment,5,1,3,5,5
Finland,Male,27,1,0,Full time employment,5,5,1,4,3
Finland,Male,28,1,0,Full time employment,2,4,2,2,1
Finland,Male,25,2,0,Full time student,5,2,3,3,5
Finland,Male,28,2,0,Full time employment,4,2,3,4,4
Finland,Male,20,3,0,Full time student,5,3,2,5,3
Finland,Male,20,5,0,Full time student,3,3,3,3,3
Finland,Male,19,1,0,Unemployed,4,5,4,2,4
Finland,Female,19,5,0,Full time student,4,3,4,3,4
Finland,Male,49,1,0,Unemployed,2,4,2,4,2
Finland,Female,25,1,0,Full time student,3,2,2,3,2
Finland,Male,57,2,0,Full time employment,3,3,5,5,5
Finland,Male,60,2,0,Full time employment,3,3,4,3,3
Finland,Female,54,4,1,Retired,2,2,3,2,2
Finland,Female,66,1,0,Full time employment,5,2,3,3,2
Finland,Male,63,2,0,Full time employment,3,4,1,1,1
Finland,Female,64,2,0,Retired,5,1,3,5,3
Finland,Female,67,1,0,Retired,2,2,1,1,5
Finland,Male,63,2,0,Retired,1,4,1,1,1
Finland,Male,29,2,0,Part time employment,3,2,3,4,4
Finland,Female,54,2,0,Full time employment,3,1,1,1,1
Finland,Male,45,1,0,Full time employment,4,1,4,5,5
