﻿Country,Gender,Age,Household_size,Household_children,Employment_status,vac2_1,vac2_2,vac2_3,vac2_6,vac_3
Germany,Female,74,2,0,Retired,3,4,1,4,1
Germany,Male,37,1,0,Full time employment,2,1,3,4,2
Germany,Female,43,3,0,Not working,1,2,3,1,1
Germany,Female,47,1,0,Part time employment,5,1,5,5,5
Germany,Female,20,3,0,Part time employment,2,2,2,2,2
Germany,Female,37,2,1,Part time employment,2,4,4,3,3
Germany,Male,30,2,2,Full time employment,3,1,3,5,5
Germany,Female,34,3,1,Full time employment,3,3,3,3,3
Germany,Male,30,3,1,Full time employment,1,3,2,1,5
Germany,Female,49,4,2,Part time employment,3,4,3,3,3
Germany,Female,40,3,1,Unemployed,5,5,2,2,1
Germany,Male,67,2,0,Retired,1,3,3,1,1
Germany,Male,32,2,0,Full time employment,5,5,5,5,2
Germany,Female,24,5,1,Full time student,1,1,3,5,4
Germany,Female,75,1,0,Retired,1,1,2,3,5
Germany,Female,46,2,0,Full time employment,1,4,2,2,1
Germany,Male,62,2,0,Full time employment,3,3,1,1,1
Germany,Female,37,2,0,Full time employment,3,2,2,2,2
Germany,Male,36,3,1,Full time employment,5,2,4,5,5
Germany,Male,54,3,0,Full time employment,4,1,3,4,4
Germany,Female,46,4,0,Part time employment,3,4,2,1,1
Germany,Female,51,4,1,Not working,3,3,1,1,1
Germany,Male,30,2,0,Full time student,3,5,1,2,2
Germany,Female,69,2,0,Retired,1,3,1,1,1
Germany,Male,61,2,0,Retired,5,4,3,1,1
Germany,Male,27,2,0,Full time student,4,3,2,3,3
Germany,Male,56,2,0,Part time employment,1,2,3,1,1
Germany,Male,73,2,0,Retired,2,4,3,1,1
Germany,Female,46,2,1,Full time employment,5,1,5,5,5
Germany,Female,64,2,0,Retired,3,3,2,2,2
Germany,Male,72,2,0,Retired,2,5,1,1,1
Germany,Female,45,3,1,Full time employment,4,4,4,1,1
Germany,Male,32,4,2,Full time employment,2,2,2,2,1
Germany,Female,30,1,1,Part time employment,3,2,1,2,1
Germany,Male,58,1,0,Retired,3,3,2,3,3
Germany,Male,77,2,0,Retired,2,3,3,2,2
Germany,Female,37,1,0,Full time employment,4,3,1,1,1
Germany,Female,67,2,0,Retired,1,1,3,1,5
Germany,Female,54,2,0,Full time employment,1,3,1,1,1
Germany,Male,36,1,0,Retired,2,1,1,5,5
Germany,Female,20,3,0,Full time student,5,1,4,5,5
Germany,Female,23,8 or more,0,Full time student,2,4,2,2,2
Germany,Male,60,2,0,Retired,1,3,2,1,1
Germany,Female,29,5,0,Full time employment,3,1,4,5,3
Germany,Male,23,2,0,Full time student,3,5,1,1,1
Germany,Female,36,2,1,Full time employment,3,3,2,1,4
Germany,Female,21,4,1,Full time student,3,3,2,4,4
Germany,Male,76,2,0,Retired,3,3,3,3,3
Germany,Male,65,3,0,Other,3,4,2,1,1
Germany,Female,61,2,0,Part time employment,3,5,4,1,1
Germany,Female,63,2,0,Retired,1,5,5,1,1
Germany,Female,61,1,0,Unemployed,4,3,1,1,1
Germany,Female,63,1,0,Retired,4,2,2,3,3
Germany,Male,54,5,0,Full time employment,5,1,2,5,5
Germany,Male,57,2,0,Full time employment,1,3,3,1,1
Germany,Male,55,3,0,Full time employment,2,3,2,2,1
Germany,Female,28,4,2,Full time employment,2,3,2,2,4
Germany,Female,59,3,0,Part time employment,3,4,2,1,1
Germany,Male,76,2,0,Retired,2,4,1,1,1
Germany,Female,57,2,0,Full time employment,2,3,2,1,1
Germany,Male,63,1,0,Retired,1,3,1,3,5
Germany,Female,32,3,1,Full time employment,2,1,5,5,5
Germany,Female,62,2,0,Not working,3,3,2,3,3
Germany,Male,56,2,0,Part time employment,4,4,1,1,1
Germany,Female,26,3,0,Part time employment,4,3,2,4,5
Germany,Male,53,2,0,Retired,5,1,5,5,5
Germany,Male,46,1,0,Unemployed,1,4,3,1,1
Germany,Male,73,2,0,Retired,3,4,1,1,1
Germany,Male,45,1,0,Part time employment,2,3,2,2,2
Germany,Female,56,5,0,Unemployed,4,1,3,5,5
Germany,Male,84,2,0,Retired,2,3,2,1,1
Germany,Female,56,4,0,Full time employment,3,3,3,3,3
Germany,Male,71,2,0,Retired,2,4,2,1,1
Germany,Male,75,1,0,Retired,5,1,3,5,5
Germany,Female,18,5,2,Full time student,1,2,3,3,3
Germany,Female,27,1,1,Full time employment,5,4,5,4,3
Germany,Female,20,5,2,Full time student,2,1,4,1,4
Germany,Female,20,2,0,Full time employment,4,3,1,5,3
Germany,Male,38,4,2,Full time employment,3,3,3,3,3
Germany,Male,21,3,0,Full time student,1,3,1,2,3
Germany,Male,57,1,0,Full time employment,1,5,2,1,1
Germany,Male,22,4,0,Full time student,1,3,4,5,2
Germany,Male,48,1,0,Full time employment,2,5,3,1,1
Germany,Female,21,5,2,Full time student,4,3,1,2,4
Germany,Male,67,1,0,Retired,2,3,3,2,3
Germany,Female,68,2,0,Retired,1,1,1,1,1
Germany,Female,27,4,0,Full time student,2,2,2,3,3
Germany,Female,27,1,0,Full time employment,5,5,5,5,5
Germany,Male,30,1,0,Full time employment,3,3,3,3,3
Germany,Female,68,2,0,Retired,3,1,3,3,3
Germany,Male,63,1,0,Part time employment,2,4,2,1,1
Germany,Male,77,2,0,Retired,3,5,4,1,1
Germany,Male,60,2,0,Full time employment,4,1,2,3,3
Germany,Male,47,4,2,Full time employment,4,4,3,5,5
Germany,Male,77,2,0,Retired,2,4,1,1,1
Germany,Female,54,2,0,Full time employment,5,1,5,5,5
Germany,Female,41,3,1,Part time employment,2,3,1,1,1
Germany,Female,26,1,0,Full time student,2,1,2,2,2
Germany,Female,66,1,0,Other,3,3,3,3,3
Germany,Male,72,2,0,Retired,5,2,4,5,5
Germany,Female,29,4,2,Part time employment,5,1,2,5,5
Germany,Male,62,1,0,Retired,3,1,4,5,5
Germany,Male,35,4,2,Full time employment,1,3,1,1,1
Germany,Female,31,4,2,Not working,2,1,5,5,5
Germany,Female,59,2,0,Part time employment,1,2,2,1,1
Germany,Male,80,1,0,Retired,3,3,1,3,2
Germany,Male,26,1,0,Full time employment,2,4,2,2,3
Germany,Female,52,3,1,Full time employment,3,1,5,5,5
Germany,Male,64,1,0,Full time employment,4,3,2,3,3
Germany,Male,21,1,1,Full time student,3,4,2,3,4
Germany,Female,40,5,3,Part time employment,4,1,3,3,5
Germany,Male,48,1,0,Full time employment,5,5,5,1,1
Germany,Female,50,2,0,Full time employment,1,1,1,2,1
Germany,Female,48,2,0,Part time employment,3,2,1,1,1
Germany,Male,31,1,0,Full time student,5,4,2,5,5
Germany,Female,24,2,0,Full time employment,3,1,3,5,5
Germany,Female,45,2,0,Full time employment,2,1,3,4,4
Germany,Male,20,3,0,Unemployed,5,1,5,5,5
Germany,Male,54,2,0,Full time employment,3,5,1,1,1
Germany,Male,50,2,0,Full time employment,5,1,5,5,5
Germany,Male,58,4,2,Full time employment,5,1,1,2,2
Germany,Female,31,4,3,Not working,1,3,3,5,3
Germany,Female,53,2,0,Full time employment,3,4,4,3,1
Germany,Male,71,5,0,Retired,2,3,2,1,1
Germany,Female,33,4,2,Full time employment,3,5,1,4,4
Germany,Female,46,1,0,Full time employment,2,4,2,1,1
Germany,Female,42,3,2,Full time employment,3,1,4,5,5
Germany,Male,58,1,0,Full time employment,3,3,1,2,1
Germany,Male,69,2,0,Retired,4,3,1,1,1
Germany,Female,41,1,0,Full time employment,2,3,1,3,2
Germany,Male,70,2,0,Retired,1,3,1,1,1
Germany,Female,57,1,0,Part time employment,1,3,1,1,1
Germany,Female,55,2,0,Part time employment,1,5,1,1,1
Germany,Male,32,3,1,Full time employment,4,4,2,2,2
Germany,Female,32,2,1,Full time employment,4,2,2,3,3
Germany,Male,62,2,0,Retired,3,1,3,3,3
Germany,Female,55,2,0,Not working,1,4,2,1,1
Germany,Male,29,3,1,Full time employment,3,3,2,2,2
Germany,Female,55,1,0,Full time employment,3,3,3,3,3
Germany,Female,38,2,1,Full time employment,3,2,2,3,2
Germany,Male,58,3,0,Unemployed,3,1,3,3,3
Germany,Female,64,2,0,Full time employment,1,5,1,1,1
Germany,Female,45,2,0,Full time employment,1,3,2,3,3
Germany,Male,24,3,1,Part time employment,3,3,3,3,3
Germany,Male,76,2,0,Retired,2,4,1,1,1
Germany,Male,58,2,0,Full time employment,3,3,2,1,1
Germany,Male,39,3,0,Part time employment,2,3,3,3,3
Germany,Female,75,1,0,Retired,3,4,2,2,2
Germany,Male,38,4,2,Full time employment,1,2,2,2,1
Germany,Male,75,1,0,Retired,1,5,1,1,1
Germany,Male,83,2,0,Retired,3,2,3,3,3
Germany,Female,41,4,1,Full time employment,2,2,1,1,1
Germany,Male,54,1,0,Full time employment,2,2,1,2,2
Germany,Female,66,1,0,Retired,4,1,3,5,5
Germany,Female,39,2,0,Unemployed,2,1,3,2,2
Germany,Female,59,1,0,Part time employment,3,2,2,5,5
Germany,Female,38,2,1,Full time employment,2,1,3,5,5
Germany,Female,35,3,1,Unemployed,3,3,4,1,1
Germany,Female,39,3,0,Part time employment,2,1,3,4,5
Germany,Male,35,3,1,Full time employment,4,5,1,1,1
Germany,Male,40,2,0,Full time employment,3,4,3,2,2
Germany,Male,71,2,0,Retired,2,2,3,3,3
Germany,Female,47,1,0,Unemployed,3,2,3,3,3
Germany,Male,30,2,0,Full time student,2,5,1,1,1
Germany,Female,65,2,0,Retired,2,4,1,1,1
Germany,Female,55,4,0,Part time employment,1,1,2,3,3
Germany,Male,81,2,0,Retired,2,3,1,1,1
Germany,Female,50,2,1,Retired,5,1,5,5,5
Germany,Male,58,2,0,Other,3,2,4,5,5
Germany,Female,69,2,0,Full time employment,3,5,1,1,1
Germany,Male,56,1,0,Unemployed,2,2,3,3,3
Germany,Female,82,2,0,Retired,3,3,3,3,1
Germany,Female,52,2,0,Unemployed,1,2,2,2,2
Germany,Female,30,2,0,Unemployed,3,3,3,3,3
Germany,Female,58,1,0,Retired,3,1,3,3,3
Germany,Male,27,2,0,Full time employment,3,1,2,3,3
Germany,Female,28,2,0,Part time employment,1,2,3,2,3
Germany,Female,72,2,0,Retired,1,3,3,1,1
Germany,Female,60,4,1,Full time employment,1,2,1,1,1
Germany,Female,60,2,0,Retired,1,1,1,1,5
Germany,Female,56,3,0,Full time employment,3,5,1,5,5
Germany,Male,44,4,2,Full time employment,5,1,5,5,5
Germany,Male,73,2,0,Retired,5,5,2,5,5
Germany,Male,58,1,0,Unemployed,2,2,2,2,3
Germany,Male,77,2,0,Retired,4,5,2,4,3
Germany,Male,26,2,0,Full time employment,3,3,3,3,3
Germany,Male,60,2,0,Retired,5,5,5,5,5
Germany,Male,34,2,1,Full time employment,3,2,3,4,4
Germany,Male,72,1,0,Retired,4,1,3,5,5
Germany,Male,33,1,0,Full time employment,3,2,1,1,1
Germany,Male,39,4,2,Full time employment,1,1,4,5,5
Germany,Female,82,2,0,Retired,3,3,3,3,3
Germany,Male,58,2,0,Full time employment,4,1,5,5,5
Germany,Male,74,2,0,Retired,4,5,1,2,1
Germany,Male,26,4,0,Full time student,2,2,2,2,2
Germany,Male,78,2,0,Retired,2,5,1,1,1
Germany,Male,64,2,0,Retired,3,1,2,1,1
Germany,Male,60,4,0,Full time employment,2,1,3,2,2
Germany,Male,42,1,0,Other,5,1,2,5,5
Germany,Female,34,4,2,Part time employment,3,1,2,5,5
Germany,Male,25,2,0,Full time employment,3,2,3,1,2
Germany,Male,39,3,0,Full time employment,1,2,2,1,2
Germany,Male,30,2,0,Full time employment,3,2,3,3,3
Germany,Male,72,4,0,Retired,3,3,3,3,3
Germany,Male,21,3,0,Full time student,4,1,3,5,5
Germany,Male,73,2,0,Retired,1,2,2,2,1
Germany,Male,34,1,0,Unemployed,3,3,2,3,3
Germany,Female,25,2,0,Full time employment,5,1,2,4,4
Germany,Female,42,3,1,Part time employment,5,5,5,5,5
Germany,Male,60,2,0,Full time employment,3,2,1,1,1
Germany,Male,31,2,0,Full time employment,2,1,1,1,1
Germany,Male,70,2,0,Retired,4,3,2,2,2
Germany,Male,63,2,0,Retired,2,2,1,1,1
Germany,Male,21,3,0,Other,3,3,3,3,5
Germany,Male,65,2,0,Retired,2,3,1,1,1
Germany,Male,58,1,0,Full time employment,2,4,1,1,1
Germany,Female,63,1,0,Retired,3,5,3,1,1
Germany,Female,43,3,1,Part time employment,3,1,3,3,3
Germany,Female,66,1,0,Full time employment,3,1,1,4,4
Germany,Male,72,2,0,Retired,4,2,3,5,5
Germany,Female,57,1,0,Retired,2,2,2,2,2
Germany,Male,58,1,0,Retired,5,5,1,1,5
Germany,Male,59,3,1,Part time employment,3,3,2,3,3
Germany,Male,44,1,0,Full time employment,5,4,4,5,5
Germany,Female,80,1,0,Part time employment,4,1,4,2,2
Germany,Female,70,2,0,Retired,1,1,1,1,1
Germany,Female,66,1,0,Retired,1,3,2,1,1
Germany,Female,39,3,1,Full time employment,1,2,3,2,2
Germany,Male,53,1,0,Full time employment,5,5,2,5,5
Germany,Male,31,4,0,Full time employment,5,1,5,5,5
Germany,Male,68,2,0,Retired,5,5,3,3,4
Germany,Male,63,1,0,Retired,3,3,3,3,3
Germany,Male,72,2,0,Retired,2,4,2,1,2
Germany,Male,44,1,0,Full time employment,4,4,2,3,3
Germany,Female,72,1,0,Retired,1,4,1,1,1
Germany,Male,20,2,0,Full time employment,4,4,3,4,3
Germany,Female,51,2,0,Not working,5,1,5,5,5
Germany,Male,43,2,0,Full time employment,3,1,2,1,1
Germany,Male,64,1,0,Retired,1,1,1,1,1
Germany,Male,56,1,0,Full time employment,3,1,3,5,5
Germany,Male,58,3,0,Full time employment,3,3,3,3,1
Germany,Male,73,2,0,Retired,5,5,1,1,1
Germany,Female,70,2,0,Retired,3,1,2,2,2
Germany,Female,51,2,0,Full time employment,2,2,3,2,2
Germany,Male,51,1,0,Full time employment,4,1,3,5,5
Germany,Female,61,2,0,Retired,3,1,3,5,5
Germany,Male,46,2,0,Full time employment,3,2,2,4,5
Germany,Female,64,2,0,Retired,4,5,2,1,1
Germany,Female,39,4,2,Unemployed,3,3,3,4,3
Germany,Male,36,4,2,Full time employment,3,1,5,3,3
Germany,Male,72,1,0,Retired,1,1,1,1,1
Germany,Female,34,4,2,Part time employment,2,2,4,3,3
Germany,Male,61,1,0,Unemployed,3,5,1,1,1
Germany,Male,72,2,0,Retired,4,1,1,5,5
Germany,Male,54,3,0,Full time employment,1,4,5,1,1
Germany,Female,20,3,0,Full time student,3,5,4,3,4
Germany,Female,41,4,2,Full time employment,5,2,4,5,4
Germany,Female,52,3,1,Full time employment,2,4,2,1,1
Germany,Male,34,1,0,Part time employment,5,1,5,5,5
Germany,Female,20,5,3,Part time employment,4,1,2,3,1
Germany,Female,36,3,1,Full time employment,5,5,5,5,3
Germany,Male,49,2,0,Full time employment,5,3,3,1,1
Germany,Male,25,1,0,Full time employment,1,2,1,1,1
Germany,Female,77,2,0,Retired,1,1,3,5,3
Germany,Male,44,2,0,Full time employment,1,5,1,1,1
Germany,Female,62,2,0,Part time employment,2,4,1,2,2
Germany,Male,71,2,0,Retired,3,1,2,2,2
Germany,Male,71,2,0,Other,1,3,2,1,1
Germany,Female,68,2,0,Retired,1,1,2,1,1
Germany,Male,72,2,0,Retired,3,1,2,2,3
Germany,Male,63,2,0,Full time employment,2,3,2,1,1
Germany,Male,83,2,0,Retired,4,3,1,1,1
Germany,Male,76,1,0,Retired,5,1,5,5,5
Germany,Female,55,1,0,Retired,1,2,1,1,1
Germany,Male,68,2,0,Retired,1,4,1,1,1
Germany,Male,59,1,0,Other,3,3,3,3,3
Germany,Male,68,1,0,Retired,2,3,2,1,1
Germany,Male,48,1,0,Full time employment,3,4,3,2,4
Germany,Male,75,1,0,Retired,4,5,1,1,1
Germany,Male,77,2,0,Retired,4,4,1,1,1
Germany,Male,38,3,1,Full time employment,3,4,2,1,1
Germany,Female,67,2,0,Retired,3,4,1,1,1
Germany,Female,72,2,0,Retired,3,1,3,5,5
Germany,Male,23,3,0,Full time student,1,5,1,1,1
Germany,Female,32,2,1,Full time employment,5,1,5,5,5
Germany,Male,66,2,0,Retired,2,3,1,1,1
Germany,Female,28,1,0,Part time employment,3,2,3,4,4
Germany,Female,52,1,0,Full time employment,4,3,2,2,2
Germany,Male,41,2,0,Full time employment,3,3,3,3,3
Germany,Female,65,1,0,Retired,2,1,3,5,5
Germany,Female,42,4,2,Full time employment,1,3,1,1,1
Germany,Female,50,3,0,Part time employment,4,4,2,1,1
Germany,Male,40,2,0,Full time employment,4,3,2,2,3
Germany,Male,22,3,0,Full time student,2,2,3,4,4
Germany,Male,66,2,0,Retired,3,4,1,2,2
Germany,Male,33,1,0,Part time employment,5,1,1,1,5
Germany,Female,70,2,0,Retired,2,2,2,2,2
Germany,Male,66,2,0,Full time employment,2,3,2,2,3
Germany,Female,77,2,0,Retired,3,2,1,1,1
Germany,Female,51,1,0,Part time employment,3,2,3,3,3
Germany,Male,68,2,0,Retired,3,3,1,1,1
Germany,Male,47,3,1,Full time employment,2,1,5,4,4
Germany,Male,40,2,0,Full time student,3,1,4,5,5
Germany,Female,75,1,0,Retired,3,5,5,1,1
Germany,Male,58,3,1,Full time employment,3,4,1,1,1
Germany,Male,59,1,0,Retired,3,1,2,3,2
Germany,Male,71,2,0,Retired,2,4,2,2,1
Germany,Male,49,2,0,Full time employment,5,1,1,1,1
Germany,Male,64,2,0,Retired,2,5,3,1,1
Germany,Male,20,2,0,Part time employment,2,3,2,2,3
Germany,Male,51,2,0,Full time employment,2,1,3,4,4
Germany,Male,65,3,0,Retired,2,5,4,1,1
Germany,Male,65,2,0,Retired,1,2,2,2,1
Germany,Female,66,2,0,Retired,1,3,5,1,1
Germany,Male,34,3,1,Full time employment,3,2,2,2,3
Germany,Male,62,2,0,Full time employment,2,1,3,1,5
Germany,Female,44,4,1,Full time employment,4,4,1,2,2
Germany,Male,41,1,0,Full time employment,2,1,3,3,3
Germany,Male,52,3,1,Full time employment,3,1,5,5,5
Germany,Female,63,2,0,Not working,2,3,3,3,3
Germany,Female,20,3,0,Full time student,4,2,3,5,5
Germany,Female,73,1,0,Retired,4,5,1,1,1
Germany,Female,67,2,0,Not working,1,1,1,1,1
Germany,Female,51,3,0,Part time employment,2,2,1,2,2
Germany,Female,69,2,0,Retired,3,5,4,5,5
Germany,Female,40,3,1,Full time employment,2,1,5,5,5
Germany,Female,62,1,0,Full time employment,3,3,3,3,3
Germany,Female,71,2,0,Retired,1,3,1,1,1
Germany,Male,78,1,0,Retired,3,5,1,1,1
Germany,Male,65,1,0,Full time employment,3,3,2,1,1
Germany,Female,66,1,0,Retired,3,2,3,2,2
Germany,Female,48,3,0,Part time employment,2,1,3,4,4
Germany,Female,66,2,0,Retired,1,2,1,1,1
Germany,Female,62,1,0,Retired,4,2,2,4,5
Germany,Male,68,6,0,Retired,1,2,1,1,1
Germany,Female,65,2,0,Retired,2,2,1,1,1
Germany,Male,57,3,1,Full time employment,3,2,3,3,4
Germany,Female,39,1,0,Part time employment,2,2,3,5,5
Germany,Male,66,1,0,Retired,4,2,2,4,4
Germany,Male,65,2,0,Retired,5,1,5,5,5
Germany,Male,62,2,0,Retired,3,1,3,3,4
Germany,Female,71,2,0,Retired,3,4,1,1,1
Germany,Male,63,1,0,Full time employment,1,5,1,1,1
Germany,Male,54,3,1,Full time employment,1,4,1,1,1
Germany,Male,65,1,0,Retired,3,3,3,3,3
Germany,Male,69,1,0,Retired,4,2,2,4,5
Germany,Male,72,2,0,Retired,1,3,1,1,1
Germany,Male,62,2,0,Full time employment,4,5,1,1,1
Germany,Male,22,2,0,Full time employment,5,5,3,5,3
Germany,Female,70,1,0,Retired,3,3,1,3,3
Germany,Female,40,4,2,Full time employment,3,1,5,5,4
Germany,Female,33,3,1,Full time employment,3,4,1,1,1
Germany,Female,60,2,0,Unemployed,4,1,2,5,5
Germany,Male,30,2,2,Full time employment,3,1,2,3,3
Germany,Female,67,2,0,Retired,1,2,2,1,1
Germany,Male,71,2,0,Retired,5,5,3,5,5
Germany,Male,19,2,0,Full time student,3,5,2,2,3
Germany,Female,32,5,3,Not working,2,1,3,3,3
Germany,Male,70,2,0,Retired,4,3,1,1,1
Germany,Male,71,2,0,Retired,1,1,1,1,1
Germany,Female,72,6,0,Retired,4,1,4,5,5
Germany,Female,65,2,0,Retired,3,4,1,1,1
Germany,Male,51,1,0,Unemployed,3,1,3,5,5
Germany,Male,38,4,2,Full time employment,2,4,2,3,3
Germany,Male,68,2,0,Retired,3,4,1,1,1
Germany,Male,62,2,0,Not working,3,3,1,3,4
Germany,Female,32,2,0,Full time employment,2,5,3,1,1
Germany,Female,60,1,1,Not working,5,1,5,5,5
Germany,Female,32,4,2,Part time employment,3,2,2,3,4
Germany,Female,18,3,0,Full time student,2,2,2,3,3
Germany,Female,65,2,0,Retired,4,2,2,3,3
Germany,Female,42,5,3,Full time employment,5,1,5,5,5
Germany,Female,50,1,0,Full time employment,5,2,2,4,4
Germany,Female,72,2,0,Retired,1,1,4,1,1
Germany,Male,64,2,0,Full time employment,1,3,1,1,1
Germany,Female,24,3,0,Full time student,1,2,1,1,1
Germany,Male,71,2,0,Retired,1,5,1,1,1
Germany,Male,37,2,0,Full time employment,3,2,4,2,2
Germany,Female,42,4,2,Part time employment,1,1,2,3,3
Germany,Female,42,4,2,Not working,4,1,4,5,5
Germany,Female,65,1,0,Retired,5,1,2,5,5
Germany,Male,72,2,0,Retired,1,2,1,1,1
Germany,Female,51,5,1,Full time employment,1,2,2,1,1
Germany,Male,59,2,0,Retired,4,1,3,5,5
Germany,Male,38,3,0,Unemployed,4,2,3,5,5
Germany,Female,21,4,0,Part time employment,5,1,3,5,5
Germany,Female,71,1,0,Retired,4,1,4,5,5
Germany,Male,61,2,0,Retired,5,1,3,5,5
Germany,Female,91,1,0,Retired,2,1,2,5,5
Germany,Female,44,1,0,Not working,3,3,3,2,2
Germany,Male,35,2,0,Full time employment,4,3,2,3,3
Germany,Male,69,1,0,Retired,4,3,2,1,3
Germany,Female,27,5,0,Full time student,5,1,5,5,5
Germany,Female,62,2,0,Full time employment,5,3,1,1,1
Germany,Male,62,2,0,Retired,3,3,1,3,3
Germany,Male,80,2,0,Retired,3,4,2,1,1
Germany,Female,33,3,1,Part time employment,1,2,3,4,4
Germany,Female,54,2,0,Full time employment,3,3,2,5,5
Germany,Male,32,4,2,Full time employment,5,1,5,5,5
Germany,Male,43,2,0,Not working,1,1,1,1,1
Germany,Male,60,3,0,Not working,3,4,2,1,1
Germany,Male,71,2,0,Retired,3,5,3,1,1
Germany,Female,57,2,0,Not working,3,2,3,2,1
Germany,Female,51,3,1,Part time employment,1,2,1,1,1
Germany,Female,35,2,1,Part time employment,4,4,1,2,2
Germany,Female,22,2,0,Part time employment,3,4,2,2,2
Germany,Male,78,2,0,Retired,1,2,1,1,1
Germany,Female,32,4,2,Unemployed,4,3,3,2,4
Germany,Male,69,2,0,Retired,1,1,3,2,2
Germany,Male,37,4,2,Full time employment,3,4,2,1,1
Germany,Male,39,2,0,Full time employment,3,5,1,1,1
Germany,Female,28,3,0,Other,3,3,3,3,3
Germany,Female,65,2,0,Retired,1,2,2,1,1
Germany,Male,53,1,0,Retired,3,3,3,3,3
Germany,Female,49,2,1,Full time employment,1,1,3,3,3
Germany,Male,65,1,0,Retired,3,1,3,5,5
Germany,Male,72,1,0,Retired,3,5,1,1,1
Germany,Male,62,1,0,Full time employment,2,3,2,1,1
Germany,Female,80,2,0,Retired,2,5,1,1,1
Germany,Male,72,1,0,Retired,3,4,1,1,1
Germany,Female,24,1,0,Full time employment,4,3,2,2,3
Germany,Female,51,4,1,Part time employment,3,3,3,3,3
Germany,Female,60,2,0,Part time employment,2,1,3,3,3
Germany,Female,34,2,0,Full time student,2,3,2,2,2
Germany,Female,41,3,1,Part time employment,1,1,3,3,5
Germany,Male,63,2,0,Full time employment,1,1,1,1,1
Germany,Male,73,2,0,Retired,5,5,1,1,1
Germany,Male,28,2,0,Full time employment,2,3,2,1,1
Germany,Female,61,1,0,Part time employment,3,3,3,3,3
Germany,Female,55,2,0,Full time employment,5,5,4,4,5
Germany,Female,42,1,0,Full time employment,3,3,1,3,3
Germany,Female,65,1,1,Full time employment,2,1,2,3,3
Germany,Female,62,1,0,Full time employment,1,1,1,1,1
Germany,Male,34,2,0,Part time employment,1,4,1,1,1
Germany,Male,56,2,0,Full time employment,1,4,2,1,1
Germany,Female,25,4,1,Full time student,5,5,1,1,1
Germany,Male,70,2,0,Retired,3,3,2,4,2
Germany,Female,69,2,0,Retired,4,2,5,3,2
Germany,Male,36,1,0,Unemployed,4,1,4,5,5
Germany,Female,76,2,0,Retired,2,2,2,1,1
Germany,Female,58,3,0,Not working,3,2,2,2,2
Germany,Female,32,4,2,Part time employment,3,2,3,5,5
Germany,Female,68,2,0,Retired,3,4,2,2,2
Germany,Male,64,2,0,Retired,1,5,3,1,1
Germany,Female,73,1,0,Retired,5,5,2,1,1
Germany,Male,71,2,0,Retired,5,1,4,4,5
Germany,Female,32,5,3,Full time employment,1,2,1,2,3
Germany,Male,20,4,1,Full time student,3,1,3,3,3
Germany,Male,40,4,2,Full time employment,2,1,2,2,4
Germany,Female,51,2,0,Unemployed,1,2,2,1,1
Germany,Male,36,1,0,Full time employment,3,3,2,3,2
Germany,Male,64,1,0,Full time employment,3,4,2,3,2
Germany,Male,67,1,0,Retired,1,4,1,1,1
Germany,Male,62,2,0,Part time employment,2,2,1,1,1
Germany,Male,33,3,1,Full time employment,2,4,4,3,3
Germany,Male,81,2,0,Retired,5,5,1,1,1
Germany,Male,64,2,0,Retired,5,1,5,5,5
Germany,Male,54,3,1,Full time employment,1,3,3,2,2
Germany,Male,57,2,0,Full time employment,3,1,3,1,1
Germany,Male,62,2,0,Full time employment,3,2,3,3,5
Germany,Female,41,3,2,Not working,5,1,4,5,5
Germany,Female,31,1,2,Part time employment,2,1,2,2,2
Germany,Male,58,2,0,Full time employment,1,1,5,5,5
Germany,Female,26,4,0,Full time student,2,1,3,3,3
Germany,Male,70,2,0,Retired,4,4,1,1,1
Germany,Female,50,2,0,Full time employment,4,4,2,3,3
Germany,Male,64,2,0,Retired,2,2,1,1,1
Germany,Male,79,2,0,Retired,5,1,3,5,5
Germany,Male,60,3,0,Full time employment,2,1,4,5,1
Germany,Female,40,3,0,Full time employment,5,1,5,5,5
Germany,Female,31,1,0,Full time employment,4,1,5,5,5
Germany,Female,27,1,0,Part time employment,4,1,2,3,3
Germany,Female,21,4,0,Not working,3,2,3,3,3
Germany,Female,32,4,2,Part time employment,3,2,2,3,3
Germany,Male,61,2,0,Full time employment,2,2,3,2,3
Germany,Female,40,2,1,Full time employment,1,5,1,1,1
Germany,Male,32,1,0,Full time employment,4,1,5,5,5
Germany,Female,65,1,0,Full time employment,3,3,3,3,3
Germany,Female,38,2,0,Full time employment,1,3,2,2,1
Germany,Female,65,1,0,Retired,1,3,1,1,1
Germany,Male,63,1,0,Full time employment,4,5,1,1,1
Germany,Male,65,2,0,Full time employment,3,4,2,1,1
Germany,Male,41,1,0,Full time employment,5,5,3,5,5
Germany,Male,33,4,2,Full time employment,3,4,2,3,3
Germany,Female,31,1,5 or more,Full time student,2,3,5,2,2
Germany,Male,69,2,0,Retired,2,5,1,1,1
Germany,Male,67,3,0,Retired,1,2,1,1,1
Germany,Female,25,3,0,Full time student,2,1,1,1,1
Germany,Female,65,2,0,Retired,4,1,4,5,5
Germany,Female,53,3,0,Unemployed,1,2,1,2,2
Germany,Female,79,2,0,Retired,2,3,1,1,2
Germany,Female,31,2,1,Part time employment,4,1,4,5,5
Germany,Female,39,1,0,Full time employment,3,2,3,3,3
Germany,Female,61,2,0,Part time employment,3,2,3,3,1
Germany,Male,49,1,0,Full time employment,2,5,1,2,1
Germany,Female,65,2,0,Retired,3,1,3,4,4
Germany,Female,57,1,0,Part time employment,5,1,3,5,5
Germany,Female,32,4,2,Part time employment,3,1,3,2,2
Germany,Male,76,2,0,Retired,4,3,2,2,2
Germany,Female,65,2,0,Retired,1,2,2,2,1
Germany,Male,27,1,0,Full time employment,5,3,1,2,2
Germany,Male,27,1,0,Full time employment,4,1,2,3,3
Germany,Female,23,2,0,Full time student,2,2,2,2,2
Germany,Male,41,1,0,Part time employment,1,1,3,3,3
Germany,Female,31,4,1,Full time employment,5,1,1,5,5
Germany,Female,23,4,0,Not working,3,1,4,5,5
Germany,Female,59,1,0,Other,5,1,2,5,5
Germany,Female,62,2,0,Full time employment,4,2,3,5,5
Germany,Male,53,1,0,Full time employment,2,4,1,1,2
Germany,Female,54,1,0,Part time employment,3,1,3,5,5
Germany,Female,64,2,0,Full time employment,1,2,3,2,2
Germany,Male,64,2,0,Full time employment,2,4,1,1,1
Germany,Female,66,3,0,Retired,1,3,1,1,1
Germany,Female,36,1,0,Part time employment,2,1,3,2,2
Germany,Male,61,2,0,Full time employment,2,2,4,4,2
Germany,Female,58,1,0,Retired,4,1,3,5,5
Germany,Female,43,4,2,Full time employment,3,3,3,3,4
Germany,Female,35,1,0,Full time employment,4,2,3,4,4
Germany,Male,63,3,0,Retired,1,2,2,2,2
Germany,Male,33,4,2,Full time employment,4,4,2,4,4
Germany,Female,35,3,1,Part time employment,3,1,3,5,5
Germany,Female,58,3,0,Part time employment,1,1,4,3,4
Germany,Female,54,2,0,Other,3,1,3,5,5
Germany,Female,65,2,0,Other,1,4,1,1,1
Germany,Female,53,2,0,Part time employment,3,1,5,5,5
Germany,Female,29,2,0,Full time employment,4,1,2,3,3
Germany,Female,24,2,0,Full time employment,5,5,3,5,5
Germany,Female,60,3,0,Unemployed,2,3,2,1,1
Germany,Female,27,3,1,Part time employment,2,3,2,1,1
Germany,Female,53,2,0,Not working,1,1,4,4,4
Germany,Female,39,4,2,Part time employment,3,3,3,3,3
Germany,Male,33,3,1,Part time employment,3,5,5,4,5
Germany,Male,72,2,0,Retired,1,1,2,3,4
Germany,Male,60,2,0,Full time employment,2,4,2,2,2
Germany,Female,71,1,0,Retired,3,2,3,3,2
Germany,Male,40,1,0,Full time employment,4,3,2,2,2
Germany,Female,62,2,0,Full time employment,1,1,1,1,1
Germany,Female,28,1,0,Part time employment,3,3,3,3,3
Germany,Male,60,2,0,Unemployed,5,1,5,5,5
Germany,Female,49,2,0,Part time employment,3,1,2,2,2
Germany,Male,72,2,0,Retired,4,3,1,1,1
Germany,Male,39,1,0,Unemployed,3,3,3,3,3
Germany,Female,82,2,0,Retired,1,1,2,1,1
Germany,Male,76,2,0,Retired,3,3,2,2,2
Germany,Female,76,2,0,Retired,3,4,1,1,1
Germany,Male,69,2,0,Full time employment,1,3,1,1,1
Germany,Male,39,2,0,Full time employment,2,4,1,1,1
Germany,Male,81,2,0,Retired,2,3,4,3,3
Germany,Male,67,2,0,Retired,3,3,2,2,2
Germany,Female,70,1,0,Retired,3,3,1,1,1
Germany,Male,38,3,0,Unemployed,1,5,1,1,1
Germany,Male,32,1,0,Full time employment,4,3,1,4,3
Germany,Male,49,1,0,Full time employment,5,5,1,5,5
Germany,Male,64,3,1,Full time employment,1,3,1,1,1
Germany,Male,62,2,0,Full time employment,5,1,5,5,5
Germany,Female,45,1,0,Full time employment,3,1,3,3,4
Germany,Female,20,3,1,Full time student,3,2,3,3,3
Germany,Male,30,3,1,Full time employment,3,3,3,3,3
Germany,Male,46,3,1,Full time employment,2,5,1,1,1
Germany,Female,19,6,3,Part time employment,3,1,3,3,3
Germany,Male,45,4,1,Full time employment,3,3,2,3,3
Germany,Male,31,4,0,Full time employment,3,2,3,3,4
Germany,Male,21,6,1,Other,3,4,3,2,3
Germany,Male,28,1,0,Full time employment,3,1,2,4,4
Germany,Female,27,2,0,Full time employment,3,1,1,5,5
Germany,Female,51,1,0,Retired,2,4,2,1,1
Germany,Male,68,2,0,Full time employment,1,2,1,1,1
Germany,Female,18,7,4,Other,3,2,2,3,3
Germany,Female,61,1,0,Retired,4,1,1,2,2
Germany,Male,46,1,0,Not working,2,3,1,2,2
Germany,Female,35,3,1,Not working,2,1,3,5,5
Germany,Male,51,2,0,Full time employment,3,2,2,3,3
Germany,Male,26,3,1,Part time employment,4,3,3,4,3
Germany,Male,26,4,1,Full time employment,2,2,2,2,3
Germany,Female,21,6,2,Part time employment,4,1,5,5,5
Germany,Male,58,1,0,Other,3,2,3,3,4
Germany,Female,61,1,0,Other,1,1,2,2,2
Germany,Male,54,3,0,Full time employment,2,5,1,1,1
Germany,Male,37,4,2,Full time employment,2,4,2,2,2
Germany,Female,28,3,1,Full time employment,1,1,3,5,5
Germany,Female,26,1,0,Full time student,4,2,1,1,1
Germany,Female,34,4,2,Full time employment,5,1,5,5,5
Germany,Female,74,2,0,Part time employment,4,2,2,3,3
Germany,Male,65,1,0,Full time employment,2,1,4,5,5
Germany,Female,21,4,0,Full time employment,2,1,2,1,1
Germany,Female,28,2,0,Full time employment,4,2,2,4,4
Germany,Female,19,6,3,Full time employment,2,2,4,3,2
Germany,Female,63,1,0,Full time employment,4,1,3,2,3
Germany,Male,70,1,0,Retired,1,4,3,1,2
Germany,Female,41,1,0,Full time employment,4,2,1,2,1
Germany,Male,26,1,0,Full time employment,4,3,4,3,3
Germany,Male,53,2,0,Full time employment,3,4,1,1,1
Germany,Male,36,3,1,Full time employment,2,1,2,3,3
Germany,Female,65,2,0,Retired,1,1,2,3,3
Germany,Female,71,1,0,Retired,3,2,1,1,1
Germany,Male,39,5,5 or more,Full time employment,2,2,1,2,3
Germany,Female,20,2,0,Full time employment,5,1,4,5,5
Germany,Female,26,2,0,Full time employment,4,1,5,5,5
Germany,Male,75,2,0,Retired,3,2,2,1,1
Germany,Male,57,2,0,Retired,4,1,3,4,5
Germany,Male,52,2,0,Full time employment,3,4,1,2,2
Germany,Female,27,2,0,Full time student,1,1,5,5,3
Germany,Male,71,2,0,Retired,2,2,1,1,1
Germany,Male,60,1,0,Not working,5,4,1,5,5
Germany,Female,56,2,0,Part time employment,3,3,3,3,1
Germany,Male,56,2,0,Part time employment,2,3,2,2,2
Germany,Male,34,1,1,Retired,3,3,2,3,3
Germany,Male,66,2,0,Retired,1,1,1,1,1
Germany,Female,74,1,0,Part time employment,1,3,3,1,1
Germany,Female,28,1,0,Full time student,3,3,3,2,3
Germany,Male,49,4,1,Full time employment,3,1,3,1,1
Germany,Male,31,2,0,Full time employment,4,1,3,5,5
Germany,Female,32,2,0,Other,3,2,2,2,2
Germany,Male,28,4,2,Full time employment,5,1,1,5,5
Germany,Male,52,3,0,Unemployed,4,2,3,5,5
Germany,Female,44,2,0,Full time employment,2,3,1,1,1
Germany,Female,51,2,0,Full time employment,1,3,1,1,1
Germany,Female,44,2,0,Full time employment,4,3,2,2,2
Germany,Female,32,3,1,Not working,4,4,4,4,3
Germany,Male,40,5,3,Full time employment,2,1,2,3,2
Germany,Male,69,2,0,Retired,2,1,3,3,3
Germany,Female,33,1,0,Full time employment,2,2,2,3,3
Germany,Male,41,2,0,Full time employment,5,5,5,5,5
Germany,Female,68,2,0,Part time employment,1,2,1,1,1
Germany,Male,55,3,0,Full time employment,4,4,3,3,2
Germany,Female,25,2,0,Full time employment,1,1,1,1,1
Germany,Male,44,4,2,Full time employment,3,3,2,3,4
Germany,Male,59,2,0,Full time employment,2,3,3,2,2
Germany,Female,68,1,0,Retired,3,3,1,1,1
Germany,Male,61,2,0,Retired,1,3,1,1,1
Germany,Female,67,1,0,Retired,3,1,1,2,2
Germany,Male,33,3,1,Full time employment,5,5,3,3,4
Germany,Female,69,2,0,Retired,3,1,1,3,3
Germany,Male,59,3,1,Full time employment,3,4,1,1,5
Germany,Male,79,2,0,Other,3,1,5,5,5
Germany,Female,23,3,0,Full time employment,3,2,4,4,5
Germany,Female,28,3,1,Full time employment,5,1,5,5,5
Germany,Male,27,2,0,Full time student,4,3,2,5,5
Germany,Male,21,3,1,Unemployed,3,3,2,2,2
Germany,Female,48,3,1,Full time employment,4,1,3,5,5
Germany,Male,55,1,0,Part time employment,4,2,3,3,3
Germany,Female,30,4,3,Full time student,1,3,2,2,2
Germany,Male,21,2,0,Full time employment,3,3,1,1,1
Germany,Male,33,3,2,Full time employment,3,3,3,3,3
Germany,Male,60,1,0,Full time employment,5,1,5,5,5
Germany,Male,20,4,0,Full time student,4,2,3,4,5
Germany,Male,81,1,0,Retired,5,1,3,5,5
Germany,Male,81,2,0,Retired,4,4,1,1,1
Germany,Male,70,2,0,Retired,3,3,1,1,1
Germany,Female,47,4,2,Full time employment,5,1,5,5,1
Germany,Female,40,2,0,Part time employment,5,3,3,5,5
Germany,Female,58,2,0,Full time employment,2,1,1,1,1
Germany,Male,83,2,0,Retired,3,2,1,1,1
Germany,Female,37,2,0,Part time employment,3,1,2,2,2
Germany,Female,54,2,0,Full time employment,3,1,2,1,1
Germany,Female,39,3,1,Full time employment,2,2,2,3,3
Germany,Male,22,5,0,Full time student,5,1,5,5,5
Germany,Female,62,1,0,Retired,4,1,2,3,3
Germany,Male,38,1,0,Full time employment,4,3,2,4,3
Germany,Female,31,1,0,Full time employment,3,1,3,3,3
Germany,Female,43,4,2,Part time employment,2,3,2,1,1
Germany,Male,30,2,0,Full time employment,5,4,1,2,2
Germany,Male,34,2,0,Full time employment,3,4,1,2,2
Germany,Male,48,2,0,Full time employment,5,3,3,3,3
Germany,Female,50,3,1,Full time employment,4,5,1,1,1
Germany,Female,68,2,0,Retired,3,3,2,1,3
Germany,Female,32,4,2,Retired,4,4,2,2,1
Germany,Male,30,3,0,Other,5,1,5,5,5
Germany,Male,46,3,1,Not working,5,1,1,5,5
Germany,Female,60,3,1,Full time employment,2,1,3,5,5
Germany,Female,66,2,0,Retired,1,2,1,1,1
Germany,Female,60,2,0,Part time employment,3,4,1,1,1
Germany,Female,63,2,0,Full time employment,1,4,1,1,1
Germany,Female,55,2,0,Full time employment,5,5,3,1,1
Germany,Female,31,2,0,Full time employment,2,4,3,2,3
Germany,Female,44,2,0,Full time employment,4,3,2,1,1
Germany,Female,36,1,0,Full time employment,4,2,2,2,2
Germany,Female,32,2,0,Part time employment,1,3,1,1,1
Germany,Male,39,2,0,Full time employment,2,3,2,2,2
Germany,Female,28,2,0,Full time employment,1,4,3,2,1
Germany,Female,65,2,0,Not working,3,4,2,1,1
Germany,Female,36,3,1,Full time employment,3,2,2,3,3
Germany,Male,41,1,0,Retired,5,5,4,5,5
Germany,Male,20,3,0,Full time employment,3,4,1,1,1
Germany,Female,70,1,0,Retired,2,1,3,1,2
Germany,Female,57,2,0,Part time employment,1,4,2,1,1
Germany,Male,32,3,1,Full time employment,4,2,5,3,3
Germany,Female,21,3,2,Full time employment,4,3,1,2,1
Germany,Female,61,2,0,Not working,2,2,2,1,1
Germany,Male,48,2,0,Retired,4,5,1,1,1
Germany,Male,41,4,2,Full time employment,3,3,3,3,5
Germany,Female,47,2,0,Full time employment,5,1,5,5,5
Germany,Female,63,2,0,Part time employment,3,1,3,3,3
Germany,Female,50,1,0,Full time employment,1,3,1,1,1
Germany,Female,40,2,0,Full time employment,4,2,3,5,5
Germany,Female,52,2,0,Unemployed,1,1,1,3,4
Germany,Female,39,3,1,Full time employment,5,1,3,3,5
Germany,Female,44,2,0,Full time employment,1,1,4,2,2
Germany,Female,65,2,0,Retired,2,5,1,1,1
Germany,Male,43,3,1,Full time employment,5,1,3,5,5
Germany,Female,24,1,0,Full time student,4,1,3,4,4
Germany,Male,31,3,1,Full time employment,4,1,3,5,5
Germany,Female,50,2,0,Full time employment,2,3,3,2,3
Germany,Female,64,1,0,Unemployed,3,1,4,5,5
Germany,Male,44,8 or more,2,Full time employment,5,1,5,5,5
Germany,Female,65,1,0,Retired,4,3,2,1,1
Germany,Female,20,1,0,Full time student,1,1,3,5,5
Germany,Female,49,2,0,Full time employment,1,3,1,1,1
Germany,Female,48,2,0,Unemployed,1,1,3,5,5
Germany,Female,68,2,0,Retired,3,2,2,2,2
Germany,Male,40,2,0,Full time employment,3,3,1,1,1
Germany,Male,52,2,0,Full time employment,1,4,2,2,2
Germany,Male,19,4,2,Full time student,2,2,3,2,2
Germany,Male,44,1,0,Unemployed,1,1,4,3,3
Germany,Female,58,1,0,Full time employment,3,5,1,2,2
Germany,Female,54,2,0,Part time employment,4,4,3,2,2
Germany,Female,50,3,0,Full time employment,2,2,1,1,1
Germany,Male,41,1,0,Full time employment,4,1,2,5,5
Germany,Female,52,2,0,Full time employment,2,2,1,3,3
Germany,Female,57,3,1,Full time employment,1,1,2,1,1
Germany,Female,69,2,0,Retired,1,1,1,2,1
Germany,Male,34,2,1,Part time employment,3,2,3,3,3
Germany,Male,27,7,1,Full time student,5,1,5,5,5
Germany,Female,82,1,0,Retired,3,4,1,1,1
Germany,Female,58,1,0,Unemployed,2,1,2,3,3
Germany,Male,26,1,0,Full time employment,4,5,1,1,1
Germany,Female,29,4,1,Unemployed,4,1,3,4,3
Germany,Male,34,3,1,Full time employment,3,4,2,3,3
Germany,Male,18,3,0,Full time student,2,5,1,1,1
Germany,Female,71,1,0,Retired,3,2,4,5,5
Germany,Female,53,1,0,Full time employment,1,2,1,2,2
Germany,Female,44,5,3,Full time employment,2,3,1,3,1
Germany,Female,59,1,0,Part time employment,5,1,5,5,5
Germany,Female,70,2,0,Retired,3,1,3,3,3
Germany,Female,64,2,0,Unemployed,1,1,1,1,1
Germany,Female,33,2,0,Full time employment,3,4,1,2,2
Germany,Female,69,2,0,Retired,2,4,2,2,1
Germany,Female,43,2,0,Part time employment,2,4,1,1,1
Germany,Male,53,2,0,Retired,2,5,2,2,1
Germany,Female,59,2,0,Retired,3,3,3,3,3
Germany,Male,52,1,0,Full time employment,4,2,3,2,4
Germany,Female,19,4,0,Full time student,2,4,1,2,2
Germany,Female,28,5,2,Part time employment,1,1,1,1,3
Germany,Female,77,4,1,Retired,1,1,3,3,3
Germany,Female,31,5,3,Not working,2,1,2,3,3
Germany,Female,63,1,0,Part time employment,1,4,3,1,2
Germany,Female,23,4,0,Full time employment,4,2,2,4,3
Germany,Male,40,3,1,Full time employment,4,4,1,1,1
Germany,Female,57,3,1,Full time employment,2,3,2,2,2
Germany,Female,82,2,0,Retired,2,4,2,1,1
Germany,Male,42,2,0,Other,3,2,3,5,5
Germany,Female,24,4,2,Full time student,3,3,3,3,3
Germany,Male,30,2,0,Full time employment,5,2,3,3,3
Germany,Female,56,2,0,Not working,5,1,5,5,5
Germany,Female,31,1,0,Full time employment,3,1,3,3,3
Germany,Female,46,1,0,Full time employment,3,2,2,3,3
Germany,Male,26,3,2,Unemployed,4,1,2,4,4
Germany,Female,65,1,0,Retired,1,1,2,5,5
Germany,Female,47,3,1,Not working,3,1,3,5,5
Germany,Female,47,1,0,Full time employment,1,1,3,3,3
Germany,Female,38,4,2,Part time employment,2,2,2,4,4
Germany,Male,44,1,0,Full time employment,3,3,3,3,3
Germany,Female,76,1,0,Retired,3,2,2,1,1
Germany,Female,35,3,1,Full time employment,2,1,2,2,1
Germany,Female,62,2,0,Part time employment,3,3,2,2,1
Germany,Female,58,2,0,Unemployed,4,1,3,5,5
Germany,Female,62,2,0,Part time employment,5,1,5,5,5
Germany,Male,27,1,0,Full time employment,1,1,4,4,4
Germany,Male,28,3,0,Full time employment,5,2,3,3,3
Germany,Male,39,4,2,Full time employment,3,3,4,4,4
Germany,Female,28,3,1,Full time student,4,1,5,5,5
Germany,Female,62,2,0,Part time employment,3,4,1,1,1
Germany,Female,22,2,0,Full time employment,1,4,1,1,1
Germany,Male,42,3,0,Part time employment,2,2,2,3,3
Germany,Female,33,1,0,Full time employment,1,3,1,1,1
Germany,Female,81,2,0,Retired,4,4,1,1,1
Germany,Female,67,2,0,Retired,5,3,1,1,1
Germany,Female,66,2,0,Retired,4,3,1,1,1
Germany,Female,41,2,1,Part time employment,1,1,2,2,2
Germany,Female,74,1,0,Retired,1,3,4,1,1
Germany,Female,39,2,1,Other,4,3,3,3,4
Germany,Female,23,1,0,Full time employment,3,3,3,3,3
Germany,Female,67,1,0,Part time employment,1,1,3,3,5
Germany,Male,53,2,0,Full time employment,2,5,1,1,1
Germany,Male,34,1,0,Full time employment,4,4,1,2,2
Germany,Female,50,4,2,Part time employment,4,1,3,5,5
Germany,Female,22,1,2,Full time employment,2,1,2,3,3
Germany,Female,65,2,0,Retired,2,3,1,1,1
Germany,Female,28,4,2,Part time employment,5,1,5,5,5
Germany,Female,47,1,0,Retired,1,1,1,5,5
Germany,Female,66,1,0,Retired,1,3,2,1,1
Germany,Female,75,2,0,Retired,3,3,1,1,1
Germany,Female,64,2,0,Not working,3,1,1,1,1
Germany,Female,44,1,0,Unemployed,2,3,1,2,2
Germany,Female,19,1,0,Full time student,3,3,3,3,3
Germany,Male,35,6,4,Full time employment,3,3,3,3,3
Germany,Female,51,2,0,Full time employment,3,3,1,1,1
Germany,Male,41,1,0,Full time employment,4,4,2,4,4
Germany,Female,26,2,0,Full time employment,4,4,1,2,2
Germany,Female,40,3,2,Part time employment,3,2,3,5,4
Germany,Male,30,1,0,Full time employment,5,2,2,4,4
Germany,Female,54,2,0,Not working,2,4,4,3,3
Germany,Female,20,3,5 or more,Full time student,5,1,3,1,5
Germany,Female,60,2,0,Full time employment,2,1,5,5,3
Germany,Female,31,3,1,Not working,3,4,1,2,2
Germany,Male,37,5,3,Full time employment,4,4,3,3,3
Germany,Female,69,2,0,Retired,4,4,4,4,4
Germany,Female,38,1,0,Full time employment,3,3,3,3,3
Germany,Male,29,2,0,Full time employment,4,1,2,3,3
Germany,Female,64,2,0,Full time employment,5,1,5,5,5
Germany,Female,73,1,0,Retired,3,5,2,1,1
Germany,Female,64,2,0,Full time employment,1,2,3,1,1
Germany,Female,37,4,2,Full time employment,2,2,2,2,2
Germany,Female,68,2,0,Full time employment,4,1,4,5,5
Germany,Male,39,1,0,Full time employment,5,1,3,5,5
Germany,Female,69,2,0,Retired,1,2,1,1,1
Germany,Male,23,3,1,Part time employment,4,4,2,3,2
Germany,Female,54,2,0,Part time employment,2,2,1,3,3
Germany,Male,31,3,0,Full time employment,1,1,3,4,4
Germany,Female,75,1,0,Retired,3,2,1,1,5
Germany,Female,49,1,0,Other,1,1,2,2,3
Germany,Male,36,2,0,Full time employment,4,4,2,1,1
Germany,Female,43,3,1,Full time employment,5,4,3,4,5
Germany,Female,62,1,0,Full time employment,4,5,3,1,1
Germany,Male,20,3,1,Full time employment,2,2,3,1,1
Germany,Female,65,1,0,Retired,1,1,1,1,1
Germany,Male,27,1,0,Full time student,3,3,3,3,3
Germany,Female,65,1,0,Retired,1,1,1,1,2
Germany,Female,67,1,0,Retired,2,2,3,3,3
Germany,Female,65,1,0,Retired,4,1,3,3,5
Germany,Female,24,3,0,Full time student,1,3,3,2,1
Germany,Female,46,2,0,Part time employment,2,1,1,2,2
Germany,Female,24,5,2,Unemployed,3,3,2,3,3
Germany,Male,44,1,0,Full time employment,1,3,2,2,2
Germany,Female,68,2,0,Part time employment,4,4,1,1,1
Germany,Female,63,2,0,Other,2,1,2,2,1
Germany,Female,61,2,0,Part time employment,2,4,2,1,1
Germany,Male,43,2,0,Full time employment,1,3,1,1,1
Germany,Male,21,3,1,Part time employment,4,2,3,3,4
Germany,Male,40,4,2,Part time employment,3,4,3,3,3
Germany,Female,70,2,0,Retired,3,1,1,1,1
Germany,Female,57,4,0,Part time employment,1,2,2,2,2
Germany,Female,68,2,0,Retired,3,5,1,1,1
Germany,Female,51,1,0,Full time employment,2,4,1,1,1
Germany,Male,31,5,1,Full time employment,5,5,5,5,5
Germany,Female,61,1,0,Retired,1,1,3,3,3
Germany,Female,64,2,0,Part time employment,2,3,2,2,1
Germany,Male,47,2,0,Full time employment,1,3,1,1,1
Germany,Female,52,1,0,Full time employment,2,5,1,1,1
Germany,Male,49,1,0,Unemployed,5,1,3,5,5
Germany,Female,23,3,0,Full time student,4,4,4,4,4
Germany,Female,72,1,0,Retired,1,1,3,3,3
Germany,Female,38,3,1,Part time employment,3,3,3,3,3
Germany,Female,68,2,0,Retired,3,4,1,1,1
Germany,Male,21,8 or more,5 or more,Full time student,5,1,1,5,5
Germany,Male,21,4,2,Not working,5,1,2,4,2
Germany,Female,42,1,0,Other,5,1,5,5,5
Germany,Male,35,2,0,Full time employment,4,2,3,4,4
Germany,Female,54,3,0,Full time employment,2,3,2,3,2
Germany,Female,52,1,0,Full time employment,3,1,3,3,3
Germany,Female,47,4,1,Not working,4,3,2,1,1
Germany,Male,33,1,0,Full time employment,5,1,2,5,5
Germany,Female,45,5,3,Part time employment,4,1,3,4,4
Germany,Female,24,1,0,Full time employment,4,1,4,5,5
Germany,Female,57,1,0,Part time employment,1,1,3,3,3
Germany,Male,32,2,0,Unemployed,2,2,3,4,2
Germany,Female,20,3,0,Full time student,2,4,3,1,1
Germany,Female,39,4,0,Full time employment,1,1,2,3,3
Germany,Male,28,1,1,Full time employment,4,3,3,2,3
Germany,Male,46,2,0,Other,2,1,3,3,4
Germany,Female,42,2,0,Not working,2,1,2,5,5
Germany,Female,66,1,0,Retired,3,2,2,3,3
Germany,Male,53,4,0,Full time employment,2,4,1,1,1
Germany,Female,54,2,0,Part time employment,4,1,3,4,3
Germany,Male,18,6,2,Other,4,4,4,3,3
Germany,Female,52,2,0,Retired,1,3,1,1,1
Germany,Female,75,2,0,Retired,4,3,1,1,1
Germany,Male,47,1,0,Part time employment,3,3,3,3,3
Germany,Female,56,2,0,Full time employment,1,1,3,2,2
Germany,Male,25,2,0,Part time employment,3,2,1,1,5
Germany,Female,47,1,1,Full time employment,3,3,2,1,1
Germany,Female,55,2,0,Part time employment,4,2,3,3,2
Germany,Male,28,2,0,Other,2,3,3,2,2
Germany,Male,48,2,0,Other,2,4,2,2,2
Germany,Male,25,4,0,Full time employment,3,3,1,2,2
Germany,Female,59,2,0,Not working,1,1,5,5,5
Germany,Male,19,3,0,Full time student,3,2,2,3,3
Germany,Female,59,3,0,Not working,1,4,2,1,1
Germany,Female,52,1,0,Full time employment,4,3,3,3,3
Germany,Female,70,2,0,Retired,3,1,5,5,5
Germany,Female,40,4,2,Part time employment,3,2,5,5,5
Germany,Female,68,1,0,Retired,2,2,2,1,1
Germany,Female,59,2,0,Unemployed,5,1,4,5,5
Germany,Female,58,2,0,Other,2,2,2,2,1
Germany,Female,58,2,2,Retired,4,1,1,5,5
Germany,Female,48,2,0,Full time student,5,1,5,5,5
Germany,Female,57,3,0,Other,3,1,1,3,3
Germany,Male,35,1,0,Full time employment,5,1,3,5,5
Germany,Female,61,4,0,Not working,1,1,1,3,3
Germany,Male,48,1,0,Full time employment,5,1,3,5,5
Germany,Male,51,1,0,Not working,3,1,3,5,5
Germany,Female,74,1,0,Retired,3,1,3,3,4
Germany,Female,61,1,0,Retired,3,3,3,3,3
Germany,Female,66,1,0,Retired,5,1,5,5,5
Germany,Female,45,1,0,Full time employment,3,3,3,3,3
Germany,Male,22,5,1,Unemployed,3,3,3,3,3
Germany,Female,49,2,0,Not working,3,1,4,5,5
Germany,Female,52,1,0,Part time employment,1,1,2,5,5
Germany,Male,43,4,0,Unemployed,5,5,4,5,5
Germany,Female,48,1,0,Full time employment,1,2,4,3,3
Germany,Female,49,5,0,Other,3,2,2,2,2
Germany,Male,40,1,0,Part time employment,1,1,1,5,5
Germany,Female,49,2,0,Part time employment,2,4,2,1,1
Germany,Male,53,1,0,Retired,5,3,5,5,5
Germany,Female,57,3,0,Not working,3,4,3,1,1
Germany,Male,38,1,0,Other,1,1,4,3,3
Germany,Male,45,2,0,Full time employment,3,1,3,3,4
Germany,Male,42,4,2,Full time employment,5,2,3,5,5
Germany,Female,80,2,0,Retired,2,2,2,2,3
Germany,Female,53,1,0,Full time employment,3,5,4,3,2
Germany,Female,59,2,0,Full time employment,5,1,4,5,5
Germany,Female,59,1,0,Retired,1,1,2,1,1
Germany,Female,52,4,1,Full time employment,3,3,2,2,2
Germany,Female,62,2,0,Not working,1,1,3,3,3
Germany,Male,52,3,2,Full time employment,3,1,3,3,3
Germany,Male,20,3,1,Full time student,3,2,3,4,4
Germany,Female,56,2,0,Retired,3,1,3,5,5
Germany,Male,20,3,0,Full time student,5,2,4,5,5
Germany,Male,46,3,0,Not working,1,5,1,1,1
Germany,Male,54,1,0,Full time employment,5,2,5,5,5
Germany,Female,51,3,0,Not working,4,1,5,5,5
Germany,Female,74,2,0,Retired,1,2,2,1,1
Germany,Female,58,2,0,Not working,1,1,4,4,4
Germany,Male,19,3,0,Full time student,3,4,1,2,2
Germany,Male,20,3,1,Full time student,5,1,3,5,5
Germany,Female,52,2,0,Full time employment,1,1,3,3,3
Germany,Female,65,1,0,Retired,1,1,5,5,5
Germany,Female,58,1,0,Part time employment,2,2,4,4,4
Germany,Female,46,3,1,Part time employment,5,2,1,4,4
Germany,Male,51,1,0,Full time employment,1,1,3,5,3
Germany,Male,48,2,0,Full time employment,4,4,4,4,4
Germany,Female,54,3,1,Part time employment,1,2,2,2,2
Germany,Female,49,1,0,Unemployed,2,2,1,1,1
Germany,Male,47,2,0,Full time employment,4,2,5,3,3
Germany,Female,46,3,1,Part time employment,3,3,4,5,5
Germany,Female,53,3,0,Not working,1,1,4,5,5
Germany,Male,51,1,0,Full time employment,3,3,2,4,4
Germany,Male,49,2,0,Full time employment,1,1,5,5,5
Germany,Male,52,1,1,Full time employment,1,2,1,1,1
Germany,Male,54,1,0,Not working,2,4,1,1,1
Germany,Male,49,1,0,Full time employment,2,2,3,3,3
Germany,Male,54,1,0,Full time employment,3,2,4,4,4
Germany,Male,19,4,0,Full time student,3,1,2,3,3
Germany,Male,53,2,0,Not working,3,3,3,3,5
Germany,Male,48,4,2,Full time employment,3,3,3,3,3
Germany,Male,52,2,0,Full time employment,3,3,3,3,3
Germany,Male,20,5,1,Full time employment,3,3,2,2,3
Germany,Male,21,1,0,Full time employment,2,4,1,1,1
Germany,Male,21,1,0,Part time employment,5,4,3,3,3
Germany,Male,21,2,0,Full time employment,5,1,4,5,5
Germany,Male,52,2,0,Full time employment,4,3,3,3,3
Germany,Male,46,1,0,Full time employment,4,1,5,5,5
Germany,Male,45,2,0,Full time employment,3,2,2,3,2
Germany,Male,24,2,0,Full time employment,2,2,1,3,3
Germany,Male,23,5,1,Unemployed,4,3,3,4,4
Germany,Male,20,5,1,Full time employment,5,3,2,4,5
Germany,Male,53,1,0,Full time employment,5,1,2,5,5
Germany,Male,54,2,0,Full time employment,1,1,3,3,3
Germany,Male,19,4,0,Other,5,5,2,3,4
Germany,Male,50,3,0,Retired,2,2,1,5,3
Germany,Male,22,6,3,Other,5,2,3,4,3
Germany,Male,20,3,0,Other,4,3,1,1,1
Germany,Male,50,1,0,Full time employment,3,1,5,5,5
Germany,Male,46,5,3,Full time employment,3,2,3,3,3
Germany,Male,52,1,0,Other,4,5,3,3,3
Germany,Male,47,1,0,Full time employment,5,1,3,4,4
Germany,Male,48,1,0,Retired,4,1,4,5,5
Germany,Male,52,2,0,Full time employment,3,1,3,1,1
Germany,Male,51,5,3,Not working,3,1,3,4,4
Germany,Female,32,3,1,Part time employment,1,1,1,5,5
Germany,Female,55,3,1,Unemployed,2,2,2,1,3
Germany,Female,20,4,1,Full time employment,1,5,5,5,5
Germany,Male,67,1,0,Part time employment,3,1,1,3,3
Germany,Male,29,2,0,Full time employment,4,4,1,2,2
Germany,Male,51,1,0,Part time employment,3,5,1,1,1
Germany,Male,35,3,1,Full time employment,3,2,2,3,3
Germany,Male,33,3,1,Full time employment,4,5,1,1,1
Germany,Female,35,4,2,Full time employment,1,3,1,2,2
Germany,Male,50,2,1,Unemployed,1,3,2,1,1
Germany,Male,29,3,0,Full time employment,2,3,1,3,3
Germany,Male,71,2,0,Retired,3,3,2,2,2
Germany,Male,79,3,0,Retired,3,5,1,1,1
Germany,Female,63,2,0,Retired,1,5,1,1,1
Germany,Male,49,2,0,Full time employment,5,1,4,5,5
Germany,Male,60,2,0,Full time employment,2,4,2,1,1
Germany,Male,82,2,0,Retired,1,5,1,1,1
Germany,Female,25,6,1,Full time student,4,5,1,4,3
Germany,Male,53,4,2,Full time employment,3,4,2,2,1
Germany,Male,58,3,1,Not working,2,2,2,3,3
Germany,Female,27,3,1,Part time employment,4,1,5,5,5
Germany,Male,20,1,0,Full time employment,2,3,2,3,3
Germany,Male,65,4,1,Full time employment,1,5,1,1,1
Germany,Male,45,2,0,Full time employment,1,1,1,1,1
Germany,Female,71,6,0,Retired,3,3,3,3,3
Germany,Female,28,2,0,Full time employment,3,2,2,2,3
Germany,Female,62,2,0,Full time employment,4,1,4,5,5
Germany,Male,30,2,0,Other,3,1,3,5,5
Germany,Female,56,2,0,Full time employment,4,1,3,5,5
Germany,Male,67,2,0,Part time employment,4,3,2,4,4
Germany,Male,61,2,0,Retired,4,3,3,3,3
Germany,Female,46,2,0,Full time employment,2,4,2,2,1
Germany,Male,25,4,0,Full time employment,3,4,2,2,2
Germany,Female,30,1,0,Retired,3,1,2,5,5
Germany,Male,56,2,0,Full time employment,5,3,4,4,5
Germany,Male,79,2,0,Unemployed,2,1,2,3,4
Germany,Female,67,1,0,Retired,3,3,3,1,1
Germany,Male,73,1,0,Retired,5,1,5,5,5
Germany,Male,70,2,0,Retired,4,5,1,2,2
Germany,Female,35,5,4,Full time employment,5,3,2,5,5
Germany,Male,66,2,0,Retired,3,4,4,4,4
Germany,Male,79,1,0,Retired,1,2,1,1,1
Germany,Female,64,2,0,Retired,4,1,3,4,4
Germany,Male,67,1,0,Retired,3,2,2,2,2
Germany,Male,71,2,0,Retired,3,2,2,4,5
Germany,Male,64,1,0,Retired,2,2,3,1,1
Germany,Male,70,2,0,Retired,1,4,3,1,1
Germany,Male,75,2,0,Retired,2,2,1,1,1
Germany,Female,68,2,0,Retired,1,2,2,3,3
Germany,Female,58,1,1,Full time employment,3,1,3,3,3
Germany,Female,65,2,0,Retired,1,1,1,1,1
Germany,Female,73,1,0,Retired,3,3,2,1,2
Germany,Male,72,2,0,Retired,5,1,5,5,5
Germany,Female,40,4,2,Full time employment,5,1,3,5,5
Germany,Male,72,2,0,Retired,3,4,1,1,2
Germany,Male,43,5,3,Full time employment,2,4,2,2,2
Germany,Female,59,3,0,Full time employment,3,1,3,3,3
Germany,Male,66,2,0,Retired,2,3,1,1,1
Germany,Female,23,3,0,Full time employment,4,5,1,3,3
Germany,Female,50,2,0,Not working,2,1,2,5,5
Germany,Male,75,2,0,Retired,3,5,1,1,1
Germany,Male,80,2,0,Retired,2,2,2,1,1
Germany,Female,54,4,2,Full time employment,5,1,5,5,5
Germany,Female,63,2,0,Unemployed,1,1,1,3,3
Germany,Male,22,2,0,Full time employment,3,3,3,3,3
Germany,Male,53,5,2,Full time employment,1,4,2,1,1
Germany,Male,66,2,0,Retired,1,3,1,1,1
Germany,Male,39,1,0,Full time employment,2,2,3,3,3
Germany,Male,89,2,0,Retired,5,1,1,5,5
Germany,Male,80,2,0,Retired,5,2,3,2,2
Germany,Male,46,1,0,Unemployed,1,3,1,1,1
Germany,Female,65,2,0,Retired,1,2,1,1,1
Germany,Male,77,2,0,Retired,2,2,2,3,3
Germany,Male,34,2,0,Full time student,3,3,2,2,4
Germany,Male,74,1,0,Retired,2,4,1,2,1
Germany,Male,52,2,0,Full time employment,3,2,2,1,1
Germany,Male,69,2,0,Retired,3,3,1,1,1
Germany,Female,19,2,0,Full time employment,3,1,2,4,4
Germany,Female,46,3,1,Retired,2,1,2,2,2
Germany,Male,43,5,3,Full time employment,2,1,3,3,3
Germany,Female,53,3,1,Part time employment,2,2,2,5,3
Germany,Male,56,1,0,Part time employment,5,1,5,5,5
Germany,Female,56,4,0,Not working,2,3,2,2,2
Germany,Male,35,3,1,Full time employment,3,2,1,3,2
Germany,Male,30,1,0,Full time employment,3,2,1,2,2
Germany,Female,36,1,0,Other,3,3,3,3,3
Germany,Male,80,2,0,Retired,5,5,1,1,1
Germany,Female,51,3,1,Part time employment,2,2,1,2,2
Germany,Male,55,2,0,Full time employment,3,2,3,3,3
Germany,Male,38,4,2,Full time employment,1,3,1,1,1
Germany,Male,46,1,0,Full time employment,2,5,1,1,1
Germany,Female,64,2,0,Retired,2,2,2,1,1
Germany,Male,27,1,0,Unemployed,5,4,2,5,5
Germany,Male,60,3,1,Part time employment,1,3,1,1,1
Germany,Male,70,2,0,Part time employment,4,4,2,1,1
Germany,Male,61,2,0,Full time employment,1,3,1,1,1
Germany,Female,38,4,2,Part time employment,5,1,5,4,5
Germany,Female,60,1,0,Part time employment,3,3,3,3,4
Germany,Female,52,2,0,Unemployed,1,1,3,3,3
Germany,Male,52,2,0,Full time employment,4,4,1,1,1
Germany,Female,47,1,0,Full time employment,5,3,5,5,5
Germany,Male,29,5,0,Full time employment,3,3,3,2,4
Germany,Male,42,4,0,Part time employment,2,3,2,1,1
Germany,Female,22,5,0,Full time student,3,2,3,3,3
Germany,Male,45,2,0,Full time employment,3,2,3,3,2
Germany,Male,61,2,0,Full time employment,2,2,2,2,2
Germany,Male,70,1,1,Retired,2,1,1,1,1
Germany,Male,58,1,0,Part time employment,2,2,2,2,2
Germany,Male,63,1,0,Retired,4,1,5,5,5
Germany,Male,56,1,0,Unemployed,2,3,1,1,1
Germany,Male,58,1,0,Retired,1,1,1,5,5
Germany,Male,67,2,0,Retired,1,5,1,1,1
Germany,Male,64,1,0,Full time employment,2,2,1,1,1
Germany,Male,34,3,1,Full time employment,3,2,2,3,3
Germany,Male,77,2,0,Retired,3,1,3,3,3
Germany,Male,67,1,0,Retired,1,4,1,1,1
Germany,Female,30,2,0,Full time student,1,4,1,3,3
Germany,Female,58,1,0,Full time employment,4,1,2,5,5
Germany,Female,41,2,0,Retired,3,1,1,3,3
Germany,Female,66,1,0,Part time employment,5,1,4,5,5
Germany,Female,62,2,0,Unemployed,1,2,2,1,5
Germany,Female,24,3,0,Full time employment,4,1,2,3,3
Germany,Male,24,2,0,Full time employment,2,4,2,2,2
Germany,Female,50,3,0,Full time employment,1,5,1,1,1
Germany,Female,34,2,0,Retired,2,1,2,3,3
Germany,Female,21,1,0,Full time student,2,2,2,2,2
Germany,Female,57,2,0,Full time employment,1,3,2,2,1
Germany,Male,25,1,0,Full time employment,5,1,3,5,5
Germany,Female,55,1,0,Part time employment,2,1,3,1,1
Germany,Male,26,1,0,Full time student,5,2,3,3,5
Germany,Male,36,2,0,Full time employment,4,5,3,5,5
Germany,Female,21,3,1,Full time employment,5,1,4,5,5
Germany,Male,19,2,0,Full time student,4,4,2,3,3
Germany,Male,19,2,1,Part time employment,4,4,4,4,5
Germany,Female,28,2,0,Full time employment,3,3,1,2,2
Germany,Female,41,2,0,Full time employment,5,5,5,5,5
Germany,Female,59,1,0,Other,5,1,5,5,5
Germany,Female,25,4,1,Full time student,3,1,5,5,5
Germany,Female,57,4,1,Other,4,2,2,4,2
Germany,Female,62,2,0,Part time employment,1,3,1,1,1
Germany,Male,48,1,0,Full time employment,4,1,3,4,3
Germany,Male,46,1,0,Full time employment,3,4,1,1,1
Germany,Female,25,1,0,Full time student,4,3,2,2,2
Germany,Female,67,1,0,Retired,1,2,3,3,3
Germany,Male,50,2,0,Full time employment,3,1,3,5,5
Germany,Female,50,3,1,Part time employment,3,3,3,4,4
Germany,Female,25,1,0,Part time employment,3,1,4,5,5
Germany,Female,30,1,0,Full time employment,2,2,4,4,4
Germany,Female,40,7,3,Not working,3,1,3,5,5
Germany,Female,63,1,0,Retired,4,4,1,1,1
Germany,Male,21,2,0,Full time student,3,4,2,2,2
Germany,Female,68,1,0,Retired,3,1,5,5,5
Germany,Female,47,1,0,Not working,1,1,5,5,5
Germany,Female,59,2,0,Full time employment,1,4,1,1,1
Germany,Female,71,1,0,Retired,2,4,2,1,1
Germany,Male,39,1,0,Full time employment,1,5,5,1,2
Germany,Female,64,1,0,Part time employment,5,3,1,5,5
Germany,Male,66,3,0,Retired,5,1,3,5,5
Germany,Female,60,2,0,Not working,1,5,1,1,1
Germany,Male,33,3,0,Unemployed,1,1,3,4,4
Germany,Female,53,2,0,Not working,4,3,3,3,3
Germany,Male,42,2,0,Full time employment,2,1,2,3,4
Germany,Male,19,3,3,Full time student,2,2,3,4,4
Germany,Female,31,4,2,Full time employment,1,1,1,1,1
Germany,Female,45,1,0,Part time employment,5,1,5,5,5
Germany,Female,58,2,0,Full time employment,2,3,3,1,1
Germany,Male,74,2,0,Retired,1,4,4,1,1
Germany,Female,21,2,0,Full time student,3,4,3,2,2
Germany,Male,32,1,0,Full time employment,2,3,2,3,3
Germany,Female,57,1,0,Part time employment,3,3,3,3,1
Germany,Male,41,2,0,Full time employment,1,1,3,3,3
Germany,Male,70,2,0,Retired,3,4,1,1,1
Germany,Female,36,3,1,Part time employment,4,4,3,2,3
Germany,Female,30,2,0,Full time student,3,4,3,3,5
Germany,Male,40,3,1,Full time employment,2,2,2,3,2
Germany,Male,38,2,0,Part time employment,4,4,2,3,3
Germany,Female,57,4,1,Unemployed,2,3,2,2,2
Germany,Male,77,1,0,Retired,3,3,2,2,2
Germany,Male,22,4,1,Full time student,2,3,3,3,4
Germany,Male,35,1,0,Full time employment,3,4,1,1,1
Germany,Male,75,2,0,Full time employment,3,2,3,2,3
Germany,Female,55,2,0,Part time employment,3,4,2,1,1
Germany,Female,52,2,0,Not working,1,1,1,3,3
Germany,Male,52,3,0,Full time employment,3,2,1,1,1
Germany,Female,45,3,2,Part time employment,1,5,1,1,1
Germany,Male,48,3,1,Full time employment,5,1,5,5,5
Germany,Female,50,2,0,Part time employment,3,3,3,3,3
Germany,Female,39,2,0,Full time employment,2,3,2,1,1
Germany,Female,35,1,0,Full time employment,3,1,5,4,5
Germany,Female,32,3,1,Part time employment,2,1,2,5,5
Germany,Female,58,1,0,Full time employment,5,3,1,1,1
Germany,Male,54,1,0,Full time employment,3,3,3,3,3
Germany,Male,64,1,0,Unemployed,4,4,2,4,3
Germany,Male,73,2,0,Retired,4,4,2,1,1
Germany,Female,70,1,0,Part time employment,2,2,3,2,2
Germany,Male,64,2,0,Retired,3,2,3,3,3
Germany,Male,60,1,0,Full time employment,2,2,4,5,5
Germany,Female,73,1,0,Retired,4,1,3,4,4
Germany,Female,56,2,0,Full time employment,3,2,2,1,1
Germany,Female,61,2,0,Not working,3,2,2,3,3
Germany,Female,61,1,0,Retired,5,1,3,3,3
Germany,Female,71,1,0,Retired,2,1,1,1,2
Germany,Female,59,1,0,Unemployed,3,4,1,1,1
Germany,Female,55,1,0,Not working,3,2,2,1,1
Germany,Male,66,2,0,Retired,2,2,3,3,3
Germany,Male,62,2,0,Full time employment,3,5,1,1,1
Germany,Male,50,2,1,Full time employment,5,5,1,1,1
Germany,Female,56,2,0,Full time employment,2,1,5,5,5
Germany,Female,68,2,0,Retired,3,1,1,1,1
Germany,Male,48,1,0,Part time employment,1,2,1,1,1
Germany,Female,61,1,0,Part time employment,5,1,3,5,5
Germany,Male,71,1,0,Retired,2,4,1,1,1
Germany,Male,45,1,0,Not working,1,1,5,5,5
Germany,Male,48,2,0,Part time employment,1,3,1,1,1
Germany,Male,51,2,0,Full time employment,2,1,3,3,3
Germany,Male,47,2,0,Unemployed,1,4,2,1,1
Germany,Female,80,1,0,Retired,1,1,3,4,4
Germany,Male,70,2,0,Retired,1,2,1,1,1
Germany,Male,71,2,0,Retired,1,3,1,1,1
Germany,Female,65,2,0,Retired,3,1,3,5,5
Germany,Male,72,2,0,Retired,3,3,1,1,1
Germany,Female,66,2,0,Retired,3,2,2,2,2
Germany,Male,60,1,0,Full time employment,4,4,3,1,1
Germany,Female,42,2,0,Unemployed,5,1,5,5,5
Germany,Male,70,1,0,Retired,3,5,1,1,1
Germany,Female,67,1,0,Retired,4,2,2,2,3
Germany,Female,22,2,0,Full time student,2,3,1,1,1
Germany,Female,23,1,0,Full time employment,1,2,3,3,3
Germany,Female,58,2,0,Not working,3,3,2,3,3
Germany,Male,67,2,0,Retired,3,3,3,2,2
Germany,Male,56,1,0,Unemployed,2,1,2,2,2
Germany,Male,47,1,0,Full time employment,5,1,5,5,5
Germany,Male,47,1,0,Full time employment,3,3,3,1,1
Germany,Male,60,1,0,Full time employment,3,5,1,2,5
Germany,Male,22,4,0,Other,4,5,3,4,2
Germany,Female,36,2,0,Full time employment,3,2,1,3,3
Germany,Female,34,2,0,Other,3,2,2,4,3
Germany,Female,48,3,0,Full time employment,2,2,1,1,2
Germany,Male,69,2,0,Retired,4,3,2,1,1
Germany,Male,67,2,0,Retired,3,4,4,2,2
Germany,Female,39,1,0,Full time employment,2,2,2,2,2
Germany,Female,40,2,0,Part time employment,1,1,3,3,3
Germany,Female,46,2,0,Full time employment,2,3,2,2,1
Germany,Male,79,2,0,Retired,3,2,2,1,1
Germany,Male,62,2,0,Full time employment,3,2,2,3,4
Germany,Male,55,2,0,Full time employment,2,1,2,3,3
Germany,Female,60,2,0,Part time employment,2,5,2,3,5
Germany,Female,38,1,0,Full time employment,2,1,3,4,4
Germany,Male,74,1,0,Retired,3,5,2,1,2
Germany,Male,61,2,0,Full time employment,4,5,1,1,1
Germany,Female,64,2,0,Retired,1,3,1,1,1
Germany,Female,50,2,0,Full time employment,2,4,1,1,1
Germany,Male,61,1,0,Full time employment,2,2,2,3,3
Germany,Male,52,1,0,Unemployed,2,3,1,1,1
Germany,Female,23,3,1,Not working,3,3,3,3,3
Germany,Female,49,2,0,Part time employment,1,2,3,3,3
Germany,Male,49,2,0,Part time employment,2,5,1,1,1
Germany,Male,59,2,0,Full time employment,4,2,2,4,4
Germany,Female,41,1,0,Part time employment,3,1,5,3,3
Germany,Male,37,2,0,Part time employment,2,2,2,2,1
Germany,Female,47,4,2,Full time employment,5,1,5,5,5
Germany,Male,23,4,0,Full time student,4,1,3,5,5
Germany,Male,41,4,2,Full time employment,2,2,3,3,3
Germany,Male,60,3,0,Not working,3,4,3,1,1
Germany,Male,68,2,0,Retired,3,5,1,1,1
Germany,Female,60,3,0,Not working,3,4,1,1,1
Germany,Female,63,3,0,Retired,2,1,2,3,3
Germany,Female,75,2,0,Retired,3,2,1,1,2
Germany,Male,73,1,0,Retired,3,1,3,3,3
Germany,Female,59,1,0,Part time employment,3,3,3,3,3
Germany,Female,49,2,0,Part time employment,5,1,5,5,5
Germany,Male,37,2,0,Full time employment,2,5,1,1,1
Germany,Female,54,3,0,Part time employment,1,5,1,1,1
Germany,Female,44,2,0,Full time employment,4,2,2,5,5
Germany,Female,47,3,0,Other,3,4,1,2,2
Germany,Male,66,2,0,Retired,1,1,1,1,1
Germany,Female,26,4,0,Full time student,4,1,2,5,5
Germany,Male,56,2,0,Full time employment,1,4,2,1,2
Germany,Female,33,2,0,Unemployed,3,4,1,1,1
Germany,Male,84,2,0,Retired,1,4,2,1,1
Germany,Female,57,2,0,Retired,3,4,1,1,1
Germany,Male,38,1,0,Full time employment,3,2,2,3,3
Germany,Male,55,2,0,Part time employment,4,2,3,4,4
Germany,Female,57,2,0,Full time employment,1,2,3,3,3
Germany,Male,77,2,0,Retired,3,3,3,2,1
Germany,Male,37,1,0,Full time employment,3,2,2,4,4
Germany,Female,60,1,0,Retired,4,1,2,3,3
Germany,Female,49,1,0,Retired,4,4,3,2,1
Germany,Male,64,2,0,Retired,1,3,2,1,1
Germany,Female,34,4,2,Full time employment,2,1,2,3,3
Germany,Male,33,1,0,Part time employment,2,1,3,4,4
Germany,Female,68,2,0,Retired,2,1,3,1,1
Germany,Female,66,2,0,Retired,3,3,1,1,1
Germany,Female,30,3,1,Part time employment,3,1,4,4,4
Germany,Female,56,2,0,Part time employment,2,3,2,2,1
Germany,Female,59,2,0,Retired,4,4,3,1,1
Germany,Male,18,5,2,Part time employment,4,1,3,5,5
Germany,Male,66,2,0,Part time employment,1,3,1,1,1
Germany,Male,45,2,0,Part time employment,4,4,3,3,3
Germany,Male,62,2,0,Full time employment,3,2,3,3,3
Germany,Male,22,4,0,Full time student,4,1,3,5,5
Germany,Male,68,2,0,Retired,3,3,3,2,2
Germany,Male,31,1,0,Retired,5,2,2,5,5
Germany,Female,61,2,0,Part time employment,3,4,1,3,2
Germany,Male,69,2,0,Retired,2,2,2,2,1
Germany,Male,54,2,0,Full time employment,2,1,2,2,2
Germany,Male,63,1,0,Unemployed,1,1,3,3,3
Germany,Female,72,1,0,Retired,3,2,1,1,1
Germany,Male,50,5,3,Full time employment,1,3,2,3,3
Germany,Male,67,1,0,Retired,2,4,1,1,1
Germany,Male,71,1,0,Retired,2,3,2,3,3
Germany,Male,26,2,0,Full time employment,1,1,2,2,3
Germany,Female,73,1,0,Retired,1,5,1,1,1
Germany,Female,55,2,0,Full time employment,5,1,2,3,2
Germany,Male,28,2,0,Full time employment,1,5,1,1,1
Germany,Female,71,1,0,Retired,3,4,1,1,1
Germany,Male,75,2,0,Retired,3,5,1,1,1
Germany,Male,61,2,0,Full time employment,1,1,1,5,5
Germany,Female,56,1,0,Full time employment,5,1,4,5,5
Germany,Female,50,2,0,Other,3,3,3,3,3
Germany,Male,77,1,0,Full time employment,2,4,1,3,3
Germany,Female,36,2,0,Part time employment,2,3,1,1,1
Germany,Female,57,2,0,Part time employment,1,1,2,3,2
Germany,Male,27,4,0,Part time employment,3,4,2,2,2
Germany,Female,72,2,0,Retired,3,4,2,1,1
Germany,Male,45,1,0,Retired,2,3,2,3,3
Germany,Male,53,1,5 or more,Full time employment,1,4,2,1,1
Germany,Female,53,3,0,Full time employment,2,5,1,1,1
Germany,Male,49,2,0,Full time employment,3,2,2,3,3
Germany,Male,29,1,0,Part time employment,3,4,2,1,1
Germany,Female,59,4,0,Part time employment,3,3,3,2,2
Germany,Female,66,1,0,Part time employment,3,1,5,5,5
Germany,Female,34,4,2,Full time employment,4,4,3,3,3
Germany,Male,18,3,0,Full time student,2,1,2,3,3
Germany,Female,71,1,0,Retired,2,2,1,1,1
Germany,Female,63,2,0,Not working,2,2,3,3,3
Germany,Female,72,2,0,Retired,3,1,4,5,5
Germany,Male,55,2,0,Full time employment,3,2,1,1,1
Germany,Female,76,2,0,Retired,2,1,3,1,1
Germany,Male,72,3,0,Retired,2,4,1,1,1
Germany,Male,56,1,0,Unemployed,1,4,3,2,2
Germany,Male,74,2,0,Retired,4,4,1,1,1
Germany,Female,35,2,0,Full time employment,3,3,3,4,2
Germany,Female,64,2,0,Other,3,3,2,3,3
Germany,Female,28,3,1,Full time employment,3,3,3,2,1
Germany,Female,40,1,0,Full time employment,1,1,4,1,1
Germany,Male,36,1,0,Full time employment,4,5,1,1,1
Germany,Male,56,2,0,Full time employment,3,4,1,1,1
Germany,Male,61,2,0,Retired,1,1,1,1,1
Germany,Female,55,2,0,Unemployed,1,3,2,1,1
Germany,Female,55,2,0,Part time employment,4,4,2,2,2
Germany,Male,60,2,0,Part time employment,5,1,1,5,5
Germany,Female,59,3,1,Part time employment,1,1,2,1,1
Germany,Male,61,1,0,Retired,2,5,1,1,1
Germany,Female,74,2,0,Not working,3,1,2,4,4
Germany,Male,63,2,0,Retired,3,3,1,1,1
Germany,Male,79,2,0,Retired,4,4,2,2,2
Germany,Male,61,5,0,Full time employment,4,2,2,3,3
Germany,Female,54,3,0,Not working,1,3,1,1,1
Germany,Male,82,2,0,Retired,2,2,2,2,1
Germany,Female,23,2,0,Full time employment,4,1,4,4,1
Germany,Female,59,1,0,Full time employment,3,5,2,5,5
Germany,Male,55,2,0,Full time employment,3,4,1,1,1
Germany,Female,61,2,0,Part time employment,3,2,3,4,4
Germany,Male,51,1,0,Full time employment,2,3,3,2,3
Germany,Female,67,2,0,Retired,1,3,1,1,1
Germany,Female,36,1,0,Unemployed,1,5,1,1,1
Germany,Female,55,3,0,Full time employment,5,1,3,5,5
Germany,Male,61,2,0,Full time employment,4,1,3,5,5
Germany,Male,32,1,0,Full time employment,3,2,2,3,3
Germany,Male,65,2,0,Retired,2,5,1,1,1
Germany,Female,68,1,0,Retired,4,5,3,1,1
Germany,Female,70,2,0,Retired,2,3,2,1,1
Germany,Female,24,3,0,Full time employment,5,1,4,5,5
Germany,Male,49,2,0,Full time employment,4,3,3,2,2
Germany,Male,25,3,0,Full time student,1,1,1,1,1
Germany,Female,33,3,5 or more,Full time employment,3,3,2,4,1
Germany,Female,22,2,0,Full time employment,5,3,2,4,4
Germany,Male,67,1,0,Retired,3,3,3,3,4
Germany,Female,62,2,0,Not working,3,3,1,1,1
Germany,Male,33,4,2,Full time employment,5,1,5,5,5
Germany,Female,48,1,0,Unemployed,1,1,3,3,3
Germany,Male,72,1,0,Retired,3,4,2,2,2
Germany,Female,45,3,0,Part time employment,1,1,3,1,1
Germany,Female,21,2,0,Full time student,3,3,3,3,1
Germany,Female,53,1,0,Full time employment,2,3,1,1,1
Germany,Male,68,2,0,Retired,2,4,1,1,1
Germany,Female,51,2,1,Full time employment,1,1,5,5,5
Germany,Male,52,1,0,Full time employment,1,3,1,1,1
Germany,Female,70,2,0,Retired,3,3,3,3,3
Germany,Female,23,4,0,Part time employment,5,5,5,5,5
Germany,Female,68,1,0,Retired,3,3,2,3,3
Germany,Male,65,2,0,Retired,3,4,1,1,1
Germany,Male,65,1,0,Retired,3,5,1,1,1
Germany,Female,71,1,0,Retired,3,2,2,1,1
Germany,Female,71,2,0,Retired,1,1,1,1,1
Germany,Female,72,1,0,Retired,4,3,2,2,3
Germany,Female,38,2,0,Full time employment,1,3,1,1,1
Germany,Male,48,2,0,Retired,3,3,2,1,1
Germany,Male,69,4,0,Retired,2,2,2,2,2
Germany,Female,21,1,0,Full time student,2,2,2,1,1
Germany,Female,37,1,0,Full time employment,5,3,2,1,1
Germany,Female,24,4,0,Full time student,2,1,4,4,4
Germany,Male,24,2,0,Full time student,2,2,2,4,5
Germany,Female,68,1,0,Retired,3,3,3,3,1
Germany,Female,64,1,0,Retired,4,3,2,4,3
Germany,Male,76,2,0,Retired,4,5,1,1,1
Germany,Female,56,1,0,Not working,3,1,3,3,3
Germany,Male,74,3,0,Full time employment,1,3,1,1,1
Germany,Female,53,4,0,Full time employment,4,2,2,4,4
Germany,Female,18,2,0,Other,3,3,3,1,2
Germany,Male,21,1,0,Full time student,2,4,1,1,1
Germany,Male,22,2,0,Full time employment,2,4,3,3,3
Germany,Female,57,3,0,Not working,2,1,3,3,4
Germany,Female,52,4,0,Part time employment,3,3,3,3,3
Germany,Male,25,1,0,Full time employment,4,4,4,4,4
Germany,Male,59,1,0,Full time employment,3,2,1,3,3
Germany,Male,37,4,2,Full time employment,2,4,2,2,2
Germany,Male,37,2,0,Full time employment,3,3,3,3,3
Germany,Female,42,1,0,Full time employment,2,5,1,1,1
Germany,Male,43,3,1,Full time employment,3,5,1,1,1
Germany,Female,48,3,0,Unemployed,2,1,4,4,5
Germany,Female,65,1,0,Retired,3,2,3,3,3
Germany,Female,64,1,0,Part time employment,2,4,2,2,1
Germany,Male,59,2,1,Full time employment,2,5,3,3,3
Germany,Male,53,5,3,Full time employment,2,2,2,2,2
Germany,Female,61,1,0,Full time employment,3,3,2,2,2
Germany,Male,39,3,1,Full time employment,4,4,1,1,1
Germany,Male,27,1,0,Full time employment,1,2,2,2,3
Germany,Female,46,2,0,Part time employment,2,3,2,1,1
Germany,Female,36,6,4,Not working,2,2,3,3,3
Germany,Female,18,3,0,Full time student,3,4,2,2,2
Germany,Male,78,2,0,Retired,4,4,1,1,1
Germany,Female,66,2,0,Retired,4,5,1,1,1
Germany,Female,65,2,0,Retired,1,1,3,3,3
Germany,Female,67,2,0,Part time employment,3,2,1,1,1
Germany,Male,68,1,0,Retired,2,2,2,2,2
Germany,Male,66,2,0,Retired,2,2,2,1,1
Germany,Male,54,1,1,Full time employment,5,3,3,1,3
Germany,Female,41,3,1,Part time employment,2,3,3,2,3
Germany,Female,30,1,0,Full time employment,4,2,1,1,1
Germany,Male,43,2,0,Full time employment,5,5,1,1,1
Germany,Female,25,3,1,Not working,3,2,2,3,3
Germany,Female,32,1,0,Part time employment,4,3,3,4,4
Germany,Female,56,2,0,Not working,1,2,1,4,4
Germany,Female,47,3,1,Part time employment,1,1,1,5,1
Germany,Female,52,2,0,Full time employment,3,2,3,4,4
Germany,Female,50,2,0,Full time employment,2,2,2,1,1
Germany,Male,35,2,0,Full time employment,3,1,5,5,5
Germany,Male,70,2,0,Retired,4,1,3,4,4
Germany,Female,56,2,0,Full time employment,1,2,1,3,3
Germany,Female,46,4,0,Full time employment,3,3,1,1,1
Germany,Female,30,1,0,Other,4,2,3,4,4
Germany,Female,54,1,0,Part time employment,1,4,1,1,1
Germany,Male,64,1,0,Retired,4,4,4,1,1
Germany,Male,55,3,0,Full time employment,3,2,3,3,4
Germany,Male,70,2,0,Part time employment,4,2,3,5,5
Germany,Male,77,2,0,Retired,2,4,1,1,1
Germany,Female,28,3,1,Full time employment,3,1,3,5,5
Germany,Male,30,1,1,Full time student,2,3,3,3,4
Germany,Female,37,5,3,Not working,2,2,3,4,4
Germany,Female,44,4,1,Full time employment,3,4,1,2,2
Germany,Female,67,1,0,Not working,5,1,5,5,5
Germany,Female,38,8 or more,5 or more,Part time employment,1,1,5,5,5
Germany,Female,42,2,1,Full time employment,5,1,4,5,5
Germany,Female,20,5,2,Full time student,4,1,2,5,5
Germany,Male,56,1,0,Part time employment,1,5,1,1,1
Germany,Female,30,2,0,Full time employment,2,4,2,1,1
Germany,Male,36,4,2,Full time employment,2,2,2,3,3
Germany,Female,69,2,0,Retired,2,1,2,3,3
Germany,Male,55,1,0,Full time employment,2,2,3,1,1
Germany,Female,20,3,0,Full time student,5,1,5,5,5
Germany,Male,35,2,0,Full time employment,3,4,2,1,1
Germany,Female,40,3,2,Unemployed,4,4,3,3,3
Germany,Female,54,3,0,Part time employment,4,1,5,5,5
Germany,Male,60,2,0,Part time employment,3,5,1,1,1
Germany,Female,27,2,0,Full time student,2,4,2,1,1
Germany,Female,74,2,0,Full time employment,4,1,3,5,5
Germany,Male,71,2,0,Retired,2,5,1,1,1
Germany,Female,40,2,0,Other,5,1,5,5,5
Germany,Male,35,1,0,Full time employment,2,5,1,1,1
Germany,Female,71,1,0,Retired,3,2,5,5,5
Germany,Male,32,2,0,Full time student,1,1,5,5,5
Germany,Male,54,2,0,Full time employment,1,1,3,3,3
Germany,Female,51,2,0,Full time employment,3,1,3,3,3
Germany,Female,26,2,0,Full time student,4,3,5,5,5
Germany,Male,41,4,2,Full time employment,5,1,4,5,5
Germany,Female,21,5,1,Full time student,3,4,4,4,2
Germany,Female,19,5,0,Full time student,3,1,3,5,5
Germany,Female,30,2,2,Full time employment,4,5,3,3,3
Germany,Male,73,1,0,Retired,2,1,3,3,5
Germany,Male,64,2,0,Full time employment,2,2,1,1,1
Germany,Male,35,4,2,Full time employment,1,3,1,1,1
Germany,Female,69,2,0,Part time employment,3,4,1,1,1
Germany,Female,72,2,0,Retired,5,2,1,1,1
Germany,Female,69,2,0,Retired,1,3,3,1,1
Germany,Male,27,2,0,Full time student,5,1,3,5,5
Germany,Female,60,1,0,Retired,1,4,4,1,1
Germany,Male,42,1,0,Full time employment,1,4,1,2,2
Germany,Male,65,1,0,Full time employment,2,4,3,3,3
Germany,Male,57,2,0,Unemployed,4,2,2,4,4
Germany,Male,60,2,0,Unemployed,2,5,1,2,2
Germany,Male,53,1,0,Full time employment,5,1,5,5,5
Germany,Female,61,2,0,Full time employment,3,3,2,2,2
Germany,Male,29,2,0,Full time employment,2,4,3,2,2
Germany,Female,27,2,0,Unemployed,3,1,4,5,5
Germany,Female,31,3,0,Part time employment,3,3,3,3,2
Germany,Female,27,4,2,Not working,3,3,3,3,3
Germany,Male,58,2,0,Not working,1,1,3,3,3
Germany,Female,21,1,0,Full time student,5,2,3,5,5
Germany,Male,25,2,5 or more,Full time student,4,1,3,5,5
Germany,Female,31,2,0,Part time employment,5,2,3,5,5
Germany,Male,20,3,0,Full time student,3,2,1,1,1
Germany,Male,65,2,0,Full time employment,5,1,1,5,5
Germany,Male,85,2,0,Retired,5,1,2,5,5
Germany,Male,56,1,0,Not working,2,2,3,2,1
Germany,Male,50,1,0,Full time employment,1,1,2,1,1
Germany,Male,38,1,0,Full time employment,2,3,2,5,5
Germany,Male,28,4,2,Unemployed,2,2,2,2,2
Germany,Male,48,1,0,Part time employment,4,2,1,5,5
Germany,Female,20,5,2,Full time employment,2,4,2,1,2
Germany,Male,44,4,0,Part time employment,1,1,1,1,1
Germany,Male,69,2,0,Retired,4,3,4,1,1
Germany,Female,42,1,0,Full time employment,1,5,1,1,1
Germany,Male,55,1,0,Not working,5,2,5,5,5
Germany,Female,40,3,1,Full time employment,1,5,1,1,1
Germany,Female,27,1,0,Full time employment,3,1,3,3,3
Germany,Male,55,2,1,Full time employment,2,3,3,3,3
Germany,Female,66,2,0,Retired,2,4,2,1,1
Germany,Male,27,2,0,Full time employment,4,4,1,3,3
Germany,Male,43,5,2,Full time employment,2,4,2,1,1
Germany,Male,44,4,2,Full time employment,4,1,3,3,5
Germany,Male,83,2,0,Retired,2,5,2,1,1
Germany,Male,48,2,0,Full time employment,3,4,1,1,5
Germany,Female,59,2,0,Full time employment,1,1,2,1,5
Germany,Male,36,1,0,Full time employment,3,5,1,1,1
Germany,Female,30,3,2,Full time employment,3,2,1,3,3
Germany,Male,59,4,2,Full time employment,5,1,1,5,3
Germany,Male,50,1,0,Full time employment,2,3,2,3,3
Germany,Female,19,4,1,Full time student,5,1,5,5,5
Germany,Female,22,4,0,Full time employment,2,4,1,1,1
Germany,Female,31,1,0,Full time employment,4,1,5,5,5
Germany,Male,58,4,2,Full time employment,5,1,3,3,1
Germany,Female,19,2,0,Other,4,2,3,4,4
Germany,Female,22,2,0,Full time employment,5,2,1,5,5
Germany,Female,32,2,1,Not working,2,1,3,5,5
Germany,Female,34,3,1,Part time employment,3,2,2,2,2
Germany,Male,20,3,0,Full time student,5,2,2,4,3
Germany,Female,22,2,0,Full time student,4,1,4,4,5
Germany,Male,61,2,0,Retired,1,4,1,1,1
Germany,Male,59,2,0,Full time employment,3,1,1,1,1
Germany,Male,57,2,0,Unemployed,2,1,3,1,1
Germany,Male,26,2,0,Part time employment,3,2,2,3,3
Germany,Male,40,3,1,Full time employment,2,4,2,2,2
Germany,Female,62,2,0,Part time employment,2,3,3,1,1
Germany,Male,66,2,0,Retired,3,3,2,2,1
Germany,Female,37,3,1,Full time employment,1,4,1,1,1
Germany,Female,33,3,1,Not working,2,2,1,1,1
Germany,Male,65,1,0,Retired,2,2,2,2,2
Germany,Male,70,2,0,Retired,3,5,1,1,1
Germany,Male,67,1,0,Retired,1,1,1,1,1
Germany,Male,74,5,2,Retired,4,2,3,3,3
Germany,Female,29,2,0,Full time employment,2,3,1,5,5
Germany,Male,60,2,0,Retired,2,2,2,1,1
Germany,Male,31,2,0,Full time employment,3,3,2,4,4
Germany,Male,64,1,0,Full time employment,3,3,1,4,5
Germany,Female,58,2,0,Not working,2,3,3,3,3
Germany,Female,30,2,0,Not working,3,3,3,3,3
Germany,Female,19,2,0,Unemployed,4,1,3,4,4
Germany,Male,74,2,0,Retired,2,2,2,3,4
Germany,Female,42,2,1,Full time employment,5,1,2,5,5
Germany,Female,63,2,0,Not working,2,2,1,1,1
Germany,Male,32,3,1,Full time employment,4,4,3,3,3
Germany,Female,19,5,0,Part time employment,3,3,5,3,5
Germany,Male,52,1,0,Full time employment,3,3,1,1,1
Germany,Male,28,2,1,Full time employment,2,2,2,3,2
Germany,Female,73,1,0,Retired,3,4,1,1,1
Germany,Female,64,2,0,Retired,3,1,3,3,2
Germany,Male,26,1,0,Full time employment,3,2,4,4,5
Germany,Female,46,3,1,Full time employment,4,4,1,1,1
Germany,Female,65,2,0,Retired,2,2,1,2,5
Germany,Female,24,1,0,Full time student,2,3,1,1,1
Germany,Female,70,1,0,Retired,2,2,2,1,1
Germany,Female,32,3,1,Full time employment,3,4,1,1,1
Germany,Male,56,1,0,Full time employment,3,2,3,3,3
Germany,Male,61,2,0,Full time employment,1,2,1,1,1
Germany,Female,63,2,0,Retired,1,2,2,1,1
Germany,Male,72,2,0,Retired,5,5,1,1,1
Germany,Male,41,4,3,Full time employment,4,5,1,3,3
Germany,Male,37,2,0,Retired,3,3,3,2,3
Germany,Male,66,2,0,Retired,3,2,2,1,1
Germany,Male,63,1,1,Retired,3,5,2,1,1
Germany,Female,20,5,0,Full time student,3,3,2,3,3
Germany,Male,26,6,0,Retired,1,1,1,1,1
Germany,Male,79,2,0,Retired,2,1,2,1,1
Germany,Female,63,2,0,Retired,1,3,2,1,1
Germany,Female,57,2,0,Part time employment,3,5,1,5,5
Germany,Female,24,2,0,Full time employment,3,2,4,4,2
Germany,Male,70,2,0,Retired,4,4,1,1,1
Germany,Male,46,1,0,Retired,1,1,4,3,5
Germany,Female,63,1,0,Retired,4,4,1,1,1
Germany,Female,52,1,0,Part time employment,1,1,3,5,5
Germany,Male,47,2,0,Full time employment,1,5,2,5,1
Germany,Male,23,2,0,Full time employment,3,2,3,3,3
Germany,Female,38,2,1,Full time student,5,1,5,5,5
Germany,Female,21,1,1,Full time employment,4,3,3,4,4
Germany,Male,81,2,0,Retired,3,3,2,2,2
Germany,Female,56,2,0,Retired,5,5,5,5,5
Germany,Male,64,2,0,Full time employment,2,3,1,1,1
Germany,Female,67,2,0,Retired,2,3,1,1,1
Germany,Female,68,1,0,Retired,3,1,1,3,3
Germany,Female,51,3,0,Part time employment,3,3,2,1,1
Germany,Male,40,2,0,Part time employment,1,1,4,2,2
Germany,Male,65,3,0,Retired,2,4,3,1,1
Germany,Female,69,2,0,Retired,3,3,3,3,3
Germany,Male,68,2,0,Retired,4,5,1,1,1
Germany,Female,68,2,0,Retired,3,3,2,2,1
Germany,Male,71,1,0,Retired,3,2,2,1,1
Germany,Male,51,4,0,Full time employment,5,5,3,3,2
Germany,Male,74,2,0,Retired,3,2,3,4,4
Germany,Male,82,1,0,Retired,3,2,1,1,1
Germany,Female,20,3,0,Unemployed,4,2,1,2,3
Germany,Male,72,2,0,Other,2,2,2,1,1
Germany,Female,65,3,0,Not working,3,1,2,3,3
Germany,Female,64,1,0,Unemployed,2,1,3,3,3
Germany,Female,60,1,0,Not working,3,1,1,3,2
Germany,Female,61,1,0,Unemployed,4,3,2,1,1
Germany,Female,53,2,0,Not working,5,1,3,5,5
Germany,Female,22,4,0,Part time employment,4,2,2,5,5
Germany,Female,64,2,0,Not working,1,2,1,1,1
Germany,Female,60,1,0,Retired,2,3,1,1,1
Germany,Female,68,2,0,Retired,3,3,1,1,1
Germany,Female,66,1,0,Other,4,5,1,1,1
Germany,Female,54,2,0,Part time employment,1,4,2,1,1
Germany,Female,40,1,0,Full time employment,2,3,2,1,1
Germany,Male,64,2,0,Retired,1,4,2,1,1
Germany,Female,49,3,0,Part time employment,4,1,4,5,5
Germany,Male,53,2,0,Retired,5,1,5,5,5
Germany,Male,25,2,0,Unemployed,2,4,3,3,4
Germany,Male,58,2,0,Full time employment,4,5,3,3,3
Germany,Male,80,1,0,Retired,4,5,3,1,1
Germany,Male,32,4,2,Full time employment,5,1,5,5,5
Germany,Male,23,1,0,Full time employment,2,3,2,1,1
Germany,Male,67,1,0,Retired,4,2,3,5,5
Germany,Female,27,1,0,Full time employment,1,4,2,1,1
Germany,Male,60,1,0,Full time employment,2,2,2,1,1
Germany,Female,48,3,1,Part time employment,2,4,2,1,1
Germany,Male,59,1,0,Not working,4,2,1,1,1
Germany,Male,73,2,0,Retired,4,4,4,4,2
Germany,Female,38,4,0,Part time employment,2,3,2,2,2
Germany,Male,42,3,1,Part time employment,2,2,1,2,2
Germany,Male,51,1,0,Full time employment,3,1,3,3,3
Germany,Female,38,2,0,Not working,3,4,4,3,5
Germany,Female,32,2,0,Unemployed,1,5,1,1,1
Germany,Male,60,2,0,Retired,1,1,1,1,1
Germany,Male,64,2,0,Retired,2,4,1,1,1
Germany,Female,49,2,0,Full time employment,3,3,3,3,3
Germany,Female,51,2,0,Retired,2,3,2,2,2
Germany,Male,26,4,0,Full time student,2,3,1,3,3
Germany,Female,35,2,0,Full time employment,3,1,3,4,5
Germany,Male,23,3,0,Full time student,3,4,2,2,2
Germany,Female,21,2,0,Full time student,5,3,2,4,4
Germany,Male,66,1,0,Retired,5,4,2,3,3
Germany,Female,61,2,0,Full time employment,3,1,4,5,5
Germany,Female,21,3,0,Full time employment,4,4,2,3,5
Germany,Female,25,5,1,Full time student,2,4,3,2,2
Germany,Male,71,1,0,Retired,4,2,2,4,4
Germany,Male,50,1,0,Full time employment,3,1,4,5,5
Germany,Female,67,2,0,Retired,2,2,2,2,2
Germany,Male,64,1,0,Retired,1,1,1,1,1
Germany,Female,62,1,0,Full time employment,3,3,1,1,1
Germany,Male,73,1,0,Retired,1,1,3,1,1
Germany,Male,74,1,0,Retired,5,3,3,3,3
Germany,Female,35,1,0,Full time employment,4,5,2,4,2
Germany,Female,65,2,0,Retired,2,1,3,3,4
Germany,Male,20,1,1,Not working,3,4,2,3,2
Germany,Female,19,2,0,Full time student,2,2,2,3,3
Germany,Female,39,2,0,Full time employment,3,3,3,3,3
Germany,Female,62,2,0,Retired,1,1,4,2,4
Germany,Male,63,1,0,Part time employment,4,3,1,1,1
Germany,Female,19,4,2,Other,4,3,3,3,4
Germany,Male,67,1,0,Full time employment,5,2,5,5,5
Germany,Female,70,2,0,Retired,5,5,5,5,5
Germany,Male,65,2,0,Retired,3,3,3,3,3
Germany,Female,72,1,0,Retired,4,3,1,1,2
Germany,Female,39,2,1,Other,5,1,5,5,5
Germany,Male,63,2,0,Retired,2,4,1,1,1
Germany,Male,57,3,1,Full time employment,4,1,5,5,5
Germany,Male,68,2,0,Part time employment,5,5,1,4,3
Germany,Male,72,2,0,Retired,5,1,5,5,5
Germany,Female,57,3,0,Not working,5,1,5,5,5
Germany,Male,66,1,0,Retired,1,4,2,1,1
Germany,Male,51,2,0,Full time employment,3,4,2,1,1
Germany,Male,78,1,0,Retired,3,3,3,3,3
Germany,Female,82,2,0,Retired,3,1,4,4,4
Germany,Male,65,1,0,Retired,3,2,4,3,3
Germany,Male,69,3,0,Retired,1,5,1,5,1
Germany,Female,70,2,0,Retired,3,5,2,2,2
Germany,Male,63,2,0,Retired,3,4,2,1,1
Germany,Female,42,2,0,Full time employment,2,4,1,5,1
Germany,Male,61,2,0,Not working,1,1,5,5,5
Germany,Female,66,2,0,Retired,3,4,1,1,1
Germany,Female,65,1,0,Full time employment,3,3,2,3,3
Germany,Female,59,1,0,Not working,2,1,1,5,5
Germany,Male,57,1,0,Full time employment,4,5,3,2,2
Germany,Male,64,2,0,Other,3,1,2,2,2
Germany,Male,65,1,0,Retired,4,3,2,2,2
Germany,Female,36,1,0,Part time employment,2,4,1,1,1
Germany,Male,61,2,0,Full time employment,3,1,3,3,3
Germany,Female,68,1,0,Retired,3,3,3,3,1
Germany,Female,61,1,0,Unemployed,2,1,3,4,4
Germany,Male,68,2,0,Retired,2,5,1,1,1
Germany,Female,65,1,0,Retired,5,1,5,5,1
Germany,Male,69,2,0,Retired,4,4,2,3,3
Germany,Male,67,3,0,Full time employment,4,1,3,4,4
Germany,Female,65,1,0,Retired,4,1,2,3,3
Germany,Male,45,2,0,Full time employment,3,1,3,3,3
Germany,Female,31,3,1,Full time employment,4,4,5,4,4
Germany,Female,58,2,0,Part time employment,2,3,1,2,2
Germany,Female,44,2,0,Full time employment,3,4,2,1,1
Germany,Female,50,2,0,Not working,5,2,5,5,5
Germany,Male,57,1,0,Full time employment,4,2,3,5,5
Germany,Male,60,1,0,Unemployed,3,1,3,5,5
Germany,Female,56,1,0,Full time employment,4,4,1,1,1
Germany,Male,27,7,1,Full time student,5,1,3,5,5
Germany,Female,40,3,0,Part time employment,1,4,2,1,1
Germany,Female,24,4,1,Unemployed,3,4,2,2,3
Germany,Male,68,2,0,Retired,3,5,1,1,1
Germany,Female,61,2,0,Part time employment,3,1,3,3,3
Germany,Male,69,1,0,Retired,3,4,2,1,1
Germany,Male,54,2,0,Other,5,3,3,5,5
Germany,Female,70,1,0,Retired,3,2,2,2,2
Germany,Male,29,1,0,Full time employment,3,3,3,3,3
Germany,Male,38,1,0,Retired,3,1,3,5,5
Germany,Male,28,3,2,Full time employment,5,5,1,5,5
Germany,Female,41,1,0,Full time employment,3,5,1,2,1
Germany,Female,35,2,0,Part time employment,5,1,1,5,3
Germany,Male,45,1,0,Full time employment,2,2,2,2,1
Germany,Female,59,2,0,Full time employment,3,3,1,1,1
Germany,Male,68,1,0,Retired,3,4,1,1,1
Germany,Female,56,2,0,Full time employment,2,1,3,5,1
Germany,Male,62,1,0,Retired,2,4,1,1,1
Germany,Female,54,2,0,Full time employment,3,4,1,1,1
Germany,Male,32,1,0,Full time employment,3,5,1,3,3
Germany,Female,46,1,0,Full time employment,5,1,5,5,5
Germany,Male,41,2,0,Full time employment,2,3,2,3,3
Germany,Female,62,1,0,Full time employment,1,5,1,1,1
Germany,Female,58,2,0,Unemployed,4,4,3,2,2
Germany,Female,20,6,3,Full time student,5,1,4,5,5
Germany,Male,43,1,0,Retired,3,1,5,5,5
Germany,Female,18,6,1,Full time student,3,1,2,3,3
Germany,Female,65,2,0,Retired,3,2,3,3,3
Germany,Male,61,2,0,Retired,5,1,5,5,1
Germany,Male,59,2,0,Full time employment,4,1,3,5,5
Germany,Female,70,1,0,Retired,1,3,2,2,2
Germany,Female,20,7,2,Full time student,5,4,2,4,4
Germany,Male,69,2,0,Retired,1,2,1,1,1
Germany,Male,45,2,0,Full time employment,1,3,1,1,1
Germany,Female,59,1,0,Not working,1,3,2,1,1
Germany,Male,68,2,0,Retired,1,4,1,1,1
Germany,Female,32,1,0,Other,4,1,5,5,5
Germany,Female,74,2,0,Retired,4,2,3,3,4
Germany,Female,24,3,0,Part time employment,5,1,3,5,5
Germany,Male,67,2,0,Retired,3,3,3,3,3
Germany,Female,19,3,0,Full time employment,4,1,4,3,4
Germany,Female,52,2,0,Retired,3,3,1,2,2
Germany,Male,61,1,0,Unemployed,5,5,1,1,1
Germany,Male,43,1,0,Not working,5,3,2,1,1
Germany,Male,25,8 or more,4,Other,3,3,4,3,4
Germany,Female,58,1,0,Retired,5,1,5,5,5
Germany,Female,31,1,2,Part time employment,4,3,1,5,3
Germany,Female,68,2,0,Retired,1,2,1,1,1
Germany,Female,44,2,0,Full time employment,4,1,3,3,3
Germany,Female,62,2,0,Retired,5,1,4,5,5
Germany,Female,61,3,0,Not working,1,2,1,1,1
Germany,Male,69,1,0,Retired,5,4,1,1,1
Germany,Female,62,2,0,Part time employment,5,1,5,5,5
Germany,Female,59,2,0,Part time employment,3,5,1,1,1
Germany,Female,50,2,0,Full time employment,4,2,3,3,3
Germany,Female,60,2,0,Full time employment,2,2,1,1,1
Germany,Female,64,1,0,Retired,3,2,1,2,3
Germany,Male,72,2,0,Retired,4,5,4,1,1
Germany,Female,57,2,0,Part time employment,1,4,1,1,1
Germany,Male,41,2,0,Full time employment,4,1,2,2,3
Germany,Female,62,1,0,Retired,2,1,2,1,1
Germany,Female,71,2,0,Retired,1,1,3,1,1
Germany,Female,60,2,0,Part time employment,3,3,1,2,2
Germany,Female,34,4,2,Part time employment,3,3,1,3,3
Germany,Female,35,1,0,Unemployed,3,3,2,2,2
Germany,Female,63,2,0,Not working,2,3,2,1,1
Germany,Female,51,4,1,Full time employment,4,1,4,4,4
Germany,Female,60,2,0,Unemployed,1,1,1,1,1
Germany,Female,63,2,0,Retired,4,1,5,5,5
Germany,Male,32,2,0,Full time employment,3,2,2,2,2
Germany,Male,47,3,0,Not working,3,1,5,5,5
Germany,Male,23,4,0,Full time employment,5,5,1,3,3
Germany,Male,48,2,0,Other,3,4,2,2,2
Germany,Female,61,2,0,Other,5,1,5,5,5
Germany,Male,25,1,0,Full time employment,4,2,2,3,3
Germany,Female,60,2,0,Retired,2,3,2,1,1
Germany,Male,39,2,0,Full time employment,1,1,2,2,2
Germany,Female,54,1,0,Full time employment,2,5,3,1,1
Germany,Female,44,1,0,Unemployed,2,1,3,3,3
Germany,Female,71,8 or more,0,Retired,5,1,5,5,5
Germany,Female,52,2,0,Full time employment,3,1,2,5,5
Germany,Female,31,3,1,Full time employment,1,1,2,3,3
Germany,Female,49,3,0,Part time employment,3,2,3,5,5
Germany,Male,36,3,1,Full time employment,3,2,2,3,3
Germany,Female,35,1,0,Part time employment,2,3,1,1,1
Germany,Female,35,1,0,Full time employment,4,1,1,5,5
Germany,Female,55,2,0,Unemployed,3,3,3,3,5
Germany,Female,75,2,0,Retired,2,2,2,2,1
Germany,Female,28,1,0,Full time student,1,4,1,1,1
Germany,Female,55,1,0,Part time employment,5,5,3,2,2
Germany,Female,42,3,0,Full time employment,3,3,3,3,3
Germany,Female,58,1,0,Other,3,2,2,2,2
Germany,Female,68,2,0,Retired,3,2,3,3,4
Germany,Male,33,2,0,Part time employment,3,4,2,1,1
Germany,Female,56,2,0,Unemployed,5,1,1,5,5
Germany,Female,51,2,0,Part time employment,3,1,3,3,3
Germany,Female,50,2,0,Full time employment,5,1,5,3,5
Germany,Male,24,2,0,Full time employment,4,5,4,2,2
Germany,Female,49,2,0,Unemployed,3,4,1,1,5
Germany,Female,64,2,0,Retired,1,4,1,1,1
Germany,Male,51,1,0,Full time employment,3,5,1,1,1
Germany,Male,33,2,0,Full time employment,5,1,5,5,5
Germany,Male,40,5,3,Full time employment,3,1,3,3,3
Germany,Female,40,4,2,Part time employment,3,2,3,3,3
Germany,Female,74,2,0,Retired,3,1,2,3,3
Germany,Male,43,2,0,Full time employment,5,1,1,2,4
Germany,Male,32,2,0,Full time employment,4,1,4,5,5
Germany,Male,46,2,0,Full time employment,4,1,5,5,5
Germany,Female,37,2,0,Full time employment,1,1,3,2,2
Germany,Male,49,1,0,Full time employment,5,2,2,5,5
Germany,Female,26,3,1,Full time student,5,3,2,4,4
Germany,Male,38,2,0,Full time employment,3,3,3,3,3
Germany,Female,34,2,0,Full time employment,4,4,2,2,1
Germany,Male,52,2,0,Full time employment,2,2,2,2,2
Germany,Female,33,3,1,Full time employment,5,1,2,5,5
Germany,Male,48,3,2,Part time employment,4,4,4,3,4
Germany,Female,28,1,0,Full time student,1,2,2,1,1
Germany,Male,19,3,0,Full time student,2,3,1,1,1
Germany,Female,41,1,0,Unemployed,4,2,4,4,5
Germany,Female,26,2,1,Other,5,5,3,5,5
Germany,Male,30,4,2,Full time employment,4,3,2,2,2
Germany,Male,27,2,0,Full time student,3,3,4,4,4
Germany,Female,26,1,0,Full time employment,3,2,4,2,2
Germany,Male,27,1,0,Full time employment,1,2,2,1,2
Germany,Male,25,4,1,Full time employment,2,2,2,2,3
Germany,Female,31,2,0,Full time employment,1,1,5,5,5
Germany,Female,64,2,0,Retired,3,4,3,2,2
Germany,Female,61,2,0,Part time employment,5,5,5,3,3
Germany,Male,33,2,0,Full time student,3,5,1,1,1
Germany,Male,41,1,0,Full time employment,5,4,1,5,5
Germany,Female,31,1,0,Other,5,5,5,5,5
Germany,Female,60,1,0,Unemployed,5,3,1,1,1
Germany,Female,52,1,0,Full time employment,1,2,1,1,1
Germany,Female,60,4,1,Unemployed,4,2,2,3,3
Germany,Female,31,1,0,Full time employment,2,1,5,5,5
Germany,Female,50,2,0,Full time employment,1,2,1,1,1
Germany,Female,45,1,0,Full time employment,3,3,2,1,1
Germany,Female,56,2,0,Full time employment,2,3,1,1,1
Germany,Male,30,5,2,Full time employment,2,3,2,4,4
Germany,Female,64,2,0,Retired,5,3,3,3,3
Germany,Female,50,2,0,Full time employment,1,2,1,2,2
Germany,Female,60,2,0,Retired,2,1,3,3,3
Germany,Female,47,4,0,Full time employment,4,4,1,1,1
Germany,Female,52,2,0,Full time employment,2,2,1,5,5
Germany,Female,53,1,0,Full time employment,4,3,1,2,2
Germany,Female,52,3,0,Not working,1,2,1,1,1
Germany,Female,52,2,0,Full time employment,3,3,2,2,2
Germany,Male,49,3,1,Retired,2,4,2,3,3
Germany,Male,27,3,0,Full time employment,1,5,1,1,1
Germany,Female,56,2,0,Part time employment,2,1,2,1,1
Germany,Male,43,1,0,Unemployed,3,1,2,5,5
Germany,Male,25,1,0,Full time employment,4,4,1,2,2
Germany,Male,32,2,0,Full time employment,5,2,1,3,3
Germany,Female,64,1,0,Part time employment,3,4,2,2,2
Germany,Male,27,2,0,Full time student,4,4,4,2,2
Germany,Female,41,3,0,Part time employment,5,1,5,5,5
Germany,Female,55,2,0,Full time employment,3,2,2,3,3
Germany,Female,33,2,0,Full time employment,4,3,2,4,3
Germany,Male,48,1,0,Full time employment,2,3,2,1,1
Germany,Female,58,3,0,Part time employment,1,2,2,1,1
Germany,Male,20,1,0,Full time student,1,5,1,1,1
Germany,Female,65,1,0,Retired,3,3,3,3,2
Germany,Female,47,1,0,Retired,1,1,3,3,3
Germany,Female,51,2,2,Full time employment,5,5,5,5,5
Germany,Female,69,2,0,Retired,4,1,3,3,2
Germany,Female,37,3,1,Unemployed,1,1,1,5,5
Germany,Male,39,2,0,Full time employment,5,5,2,1,1
Germany,Female,26,1,0,Full time employment,5,1,5,5,5
Germany,Female,63,3,0,Retired,1,3,2,1,1
Germany,Male,44,1,0,Full time employment,4,3,2,4,4
Germany,Female,68,2,0,Retired,5,1,4,5,5
Germany,Female,43,3,0,Full time employment,4,1,2,4,4
Germany,Male,22,4,0,Full time employment,4,3,1,2,2
Germany,Male,36,2,1,Full time employment,3,3,2,3,5
Germany,Female,40,2,0,Part time employment,1,4,3,3,3
Germany,Male,47,2,0,Full time employment,4,1,5,3,3
Germany,Female,43,1,0,Full time employment,3,3,3,3,3
Germany,Female,53,1,0,Full time employment,2,2,2,2,2
Germany,Female,70,2,0,Retired,1,1,2,1,1
Germany,Male,41,3,0,Unemployed,5,1,5,5,5
Germany,Female,60,1,0,Full time employment,4,2,5,5,5
Germany,Female,55,2,0,Full time employment,1,1,5,5,5
Germany,Female,71,1,0,Retired,3,5,1,1,1
Germany,Female,38,2,0,Full time employment,2,5,1,1,3
Germany,Female,69,2,0,Retired,4,1,2,5,5
Germany,Male,33,1,1,Not working,3,3,3,3,3
Germany,Male,26,1,1,Not working,3,4,2,4,2
Germany,Female,42,1,1,Part time employment,2,1,5,5,5
Germany,Male,46,2,0,Full time employment,3,2,3,3,2
Germany,Female,71,1,0,Retired,2,1,1,1,1
Germany,Female,76,1,0,Retired,4,5,1,1,1
Germany,Male,42,2,0,Unemployed,4,2,3,4,5
Germany,Male,44,1,0,Full time employment,2,1,2,2,1
Germany,Female,53,2,0,Full time employment,1,1,3,2,2
Germany,Male,20,8 or more,1,Unemployed,3,3,3,3,3
Germany,Female,53,3,0,Not working,3,4,2,2,2
Germany,Male,30,8 or more,5 or more,Other,5,5,5,5,5
Germany,Female,35,3,0,Full time employment,3,1,1,2,2
Germany,Male,38,1,0,Part time employment,3,3,3,3,3
Germany,Female,58,1,0,Part time employment,2,4,1,1,1
Germany,Female,57,2,0,Part time employment,3,3,1,1,1
Germany,Female,40,2,0,Full time employment,3,5,3,1,5
Germany,Male,46,3,0,Full time employment,4,4,1,3,3
Germany,Female,38,2,1,Part time employment,3,3,3,3,3
Germany,Male,35,5,0,Full time employment,1,1,3,1,1
Germany,Female,55,2,0,Full time employment,2,4,3,2,2
Germany,Female,35,2,0,Part time employment,1,2,2,2,1
Germany,Female,67,2,0,Retired,1,1,1,1,1
Germany,Female,55,2,0,Full time employment,2,4,1,1,1
Germany,Female,25,2,0,Full time employment,1,1,2,1,1
Germany,Male,25,2,0,Full time employment,2,1,5,5,5
Germany,Female,25,2,0,Full time employment,5,1,5,5,5
Germany,Male,45,2,0,Full time employment,2,3,1,1,1
Germany,Female,68,2,0,Retired,1,1,2,4,4
Germany,Male,41,2,0,Unemployed,4,1,2,5,4
Germany,Female,28,3,0,Other,4,1,4,5,5
Germany,Female,68,1,0,Retired,4,3,1,3,3
Germany,Female,67,1,0,Retired,3,3,3,1,1
Germany,Female,64,1,0,Other,5,1,3,5,5
Germany,Female,73,2,2,Retired,5,4,1,1,1
Germany,Female,56,2,0,Full time employment,3,2,2,1,1
Germany,Female,31,1,0,Full time employment,4,2,2,3,3
Germany,Female,63,2,0,Retired,1,1,5,5,5
Germany,Male,45,1,0,Unemployed,3,2,2,3,3
Germany,Male,18,3,2,Full time employment,2,5,1,1,1
Germany,Female,45,3,1,Part time employment,1,1,4,5,5
Germany,Male,20,1,0,Full time employment,2,2,3,3,3
Germany,Female,61,2,0,Retired,4,3,1,1,1
Germany,Female,26,2,0,Full time employment,4,3,3,2,4
Germany,Female,43,3,1,Full time employment,3,4,2,3,3
Germany,Male,27,4,0,Full time employment,2,3,3,1,1
Germany,Male,36,1,0,Full time employment,3,3,3,3,3
Germany,Female,52,2,0,Not working,3,4,1,1,1
Germany,Female,58,1,0,Retired,4,1,3,4,5
Germany,Female,53,2,0,Part time employment,1,1,3,1,1
Germany,Male,49,3,1,Part time employment,1,3,2,5,5
Germany,Male,30,4,2,Full time employment,5,5,5,5,5
Germany,Female,52,1,0,Full time employment,3,5,1,1,1
Germany,Male,34,3,1,Full time employment,2,1,2,2,1
Germany,Female,52,1,0,Full time employment,2,4,1,3,3
Germany,Male,43,2,0,Unemployed,5,5,1,5,5
Germany,Male,38,2,0,Full time employment,1,2,1,1,5
Germany,Female,49,3,0,Full time employment,1,1,2,1,1
Germany,Female,27,2,0,Part time employment,5,5,2,4,4
Germany,Female,74,2,0,Retired,3,1,1,2,2
Germany,Male,22,4,0,Full time employment,4,2,2,5,4
Germany,Female,72,4,0,Retired,3,2,2,1,1
Germany,Female,38,2,0,Full time employment,1,1,1,1,1
Germany,Female,35,2,0,Full time employment,4,3,2,2,2
Germany,Male,54,2,0,Full time employment,5,5,5,5,5
Germany,Female,48,1,0,Retired,1,1,3,3,3
Germany,Female,26,2,0,Unemployed,4,1,4,3,3
Germany,Female,32,4,0,Unemployed,3,2,3,3,3
Germany,Female,55,2,0,Part time employment,3,3,1,3,2
Germany,Male,18,6,2,Unemployed,3,3,3,3,3
Germany,Female,64,2,0,Full time employment,4,1,5,5,5
Germany,Female,59,2,0,Part time employment,4,4,4,4,3
Germany,Female,25,3,0,Unemployed,5,5,3,5,3
Germany,Female,37,1,0,Full time employment,5,1,3,5,5
Germany,Female,54,2,0,Unemployed,4,3,1,5,5
Germany,Male,53,3,1,Part time employment,1,4,1,1,1
Germany,Male,41,3,1,Full time employment,4,4,2,4,2
Germany,Female,39,1,0,Full time employment,5,1,5,5,5
Germany,Female,29,4,2,Other,1,3,2,1,1
Germany,Female,50,3,0,Not working,4,1,4,5,5
Germany,Female,48,1,0,Full time employment,3,3,3,3,3
Germany,Female,51,2,0,Not working,3,1,3,4,4
Germany,Female,27,2,2,Full time employment,2,2,2,2,2
Germany,Female,31,3,1,Part time employment,5,1,3,5,5
Germany,Male,38,1,0,Full time employment,5,2,3,5,5
Germany,Male,31,1,0,Full time employment,4,4,2,3,4
Germany,Female,46,4,1,Full time employment,3,3,3,3,3
Germany,Female,27,2,0,Full time employment,4,3,3,2,2
Germany,Female,51,3,0,Not working,3,3,3,3,5
Germany,Male,39,3,1,Full time employment,3,3,3,1,1
Germany,Female,27,1,0,Full time employment,2,1,4,5,5
Germany,Female,50,4,0,Other,4,1,3,5,5
Germany,Male,41,2,1,Full time employment,5,1,5,5,5
Germany,Female,54,3,0,Full time employment,4,4,2,1,2
Germany,Male,18,6,1,Full time student,1,1,1,2,2
Germany,Male,32,1,0,Full time employment,3,5,3,1,1
Germany,Male,44,2,0,Unemployed,2,3,4,3,4
Germany,Male,42,5,3,Full time employment,4,2,3,3,3
Germany,Male,36,2,0,Retired,3,3,2,3,3
Germany,Female,50,1,0,Full time employment,5,1,3,5,5
Germany,Male,20,6,3,Unemployed,4,2,2,4,4
Germany,Male,18,2,0,Part time employment,2,3,1,1,1
Germany,Male,19,3,0,Full time student,3,1,3,3,3
Germany,Female,46,4,1,Unemployed,3,1,4,3,3
Germany,Female,31,5,3,Unemployed,5,1,5,5,5
Germany,Female,47,4,0,Full time employment,1,2,2,2,2
Germany,Female,28,1,0,Full time employment,3,1,3,5,5
Germany,Male,19,1,0,Full time student,4,5,2,3,3
Germany,Female,48,2,0,Full time student,5,1,5,5,5
Germany,Male,21,3,0,Full time student,3,1,3,3,4
Germany,Male,21,3,1,Full time student,3,2,4,2,3
Germany,Male,43,1,0,Part time employment,1,2,2,3,3
Germany,Male,19,4,0,Full time student,5,4,2,1,1
Germany,Male,21,5,0,Part time employment,4,4,3,5,5
Germany,Male,53,2,0,Unemployed,3,3,3,3,4
Germany,Male,32,2,0,Full time employment,1,3,4,1,1
Germany,Male,28,1,0,Part time employment,3,5,2,2,1
Germany,Male,20,2,0,Part time employment,3,3,2,5,2
Germany,Female,48,2,0,Other,3,1,2,3,2
Germany,Male,44,2,0,Full time employment,5,1,5,5,5
Germany,Male,19,4,1,Full time student,2,2,1,3,3
Germany,Male,31,2,0,Full time employment,1,1,1,2,2
Germany,Male,25,2,0,Full time employment,2,1,2,3,3
Germany,Male,39,1,0,Part time employment,5,3,3,3,1
Germany,Male,20,3,0,Full time student,5,1,5,5,5
Germany,Male,31,3,0,Part time employment,2,3,2,5,3
Germany,Male,19,5,1,Other,5,3,3,3,3
Germany,Male,20,4,0,Full time employment,1,1,1,1,1
Germany,Male,41,1,0,Full time employment,4,1,5,5,5
Germany,Female,54,4,1,Full time employment,2,1,3,2,2
Germany,Male,35,4,2,Full time employment,5,1,5,5,5
Germany,Female,50,2,0,Other,5,2,2,5,5
Germany,Male,46,1,0,Part time employment,1,3,3,3,3
Germany,Male,20,3,1,Full time student,3,1,4,4,5
Germany,Male,52,1,0,Full time employment,3,1,3,5,5
Germany,Male,19,2,0,Full time student,2,4,1,2,2
Germany,Male,49,1,0,Full time employment,4,3,2,2,2
Germany,Male,33,3,0,Unemployed,3,3,3,3,3
Germany,Male,47,1,0,Part time employment,5,5,1,5,5
Germany,Male,54,1,0,Full time employment,5,5,5,5,5
Germany,Male,32,1,0,Full time employment,3,2,2,2,2
Germany,Male,52,3,0,Full time employment,2,5,2,1,1
Germany,Male,19,4,0,Full time employment,2,1,1,3,3
Germany,Male,29,1,0,Full time employment,4,3,3,3,3
Germany,Male,52,2,1,Part time employment,1,1,1,1,1
Germany,Male,50,3,0,Not working,4,2,2,2,2
Germany,Male,47,1,0,Full time employment,5,1,3,5,5
Germany,Male,53,1,0,Part time employment,4,4,2,1,1
Germany,Male,34,2,0,Full time employment,4,1,3,5,5
Germany,Male,52,3,0,Full time employment,1,1,5,5,5
Germany,Male,53,1,0,Not working,4,1,2,5,5
Germany,Male,51,2,0,Retired,1,1,2,3,3
Germany,Male,31,3,1,Part time employment,2,2,3,3,3
Germany,Male,32,2,0,Full time employment,2,2,2,1,2
Germany,Male,45,2,0,Full time employment,3,2,2,3,3
Germany,Male,45,4,1,Full time employment,3,4,4,2,3
Germany,Male,46,1,0,Full time employment,3,1,5,5,5
Germany,Male,46,4,2,Full time employment,3,3,3,3,3
Germany,Male,53,5,3,Not working,2,2,3,2,2
Germany,Male,52,4,2,Full time employment,1,3,1,1,1
Germany,Male,53,5,3,Full time employment,2,4,2,1,1
Germany,Male,45,2,1,Full time employment,1,1,3,1,1
Germany,Male,51,1,0,Full time employment,3,1,3,3,5
Germany,Male,52,2,0,Full time employment,2,5,2,3,4
Germany,Male,51,2,0,Full time employment,1,3,1,1,1
Germany,Male,48,1,0,Retired,3,1,4,4,5
Germany,Male,46,1,0,Full time employment,3,1,5,5,5
Germany,Male,51,1,0,Full time employment,3,2,2,3,3
Germany,Male,52,2,0,Retired,4,2,2,5,5
Germany,Male,53,1,0,Full time employment,5,1,3,5,5
Germany,Male,50,1,0,Full time employment,3,2,3,3,3
