﻿Country,Gender,Age,Household_size,Household_children,Employment_status,vac2_1,vac2_2,vac2_3,vac2_6,vac_3
South-Korea,Female,39,1,0,Full time employment,1,1,1,1,1
South-Korea,Female,30,4,0,Full time employment,4,4,4,4,4
South-Korea,Female,54,3,1,Full time employment,2,1,1,3,3
South-Korea,Female,18,5,3,Full time student,1,1,2,4,5
South-Korea,Male,38,5,5 or more,Full time employment,2,2,4,4,4
South-Korea,Female,35,1,0,Full time employment,1,1,3,3,4
South-Korea,Female,50,4,1,Part time employment,2,3,2,3,1
South-Korea,Female,30,3,0,Part time employment,1,1,3,3,4
South-Korea,Female,19,5,0,Part time employment,3,2,3,3,3
South-Korea,Female,23,5,0,Unemployed,3,3,3,2,3
South-Korea,Male,26,3,2,Full time employment,1,1,2,2,1
South-Korea,Female,53,4,2,Full time employment,1,3,1,2,2
South-Korea,Female,20,3,1,Part time employment,1,3,3,3,3
South-Korea,Male,53,3,0,Full time employment,4,4,1,3,1
South-Korea,Female,20,4,3,Full time student,3,1,2,2,2
South-Korea,Male,46,3,0,Part time employment,3,3,3,3,3
South-Korea,Female,18,4,1,Full time student,1,1,4,3,2
South-Korea,Male,27,5,1,Unemployed,5,2,3,5,4
South-Korea,Male,36,2,0,Full time employment,3,3,5,4,2
South-Korea,Female,50,4,2,Full time employment,3,1,3,5,5
South-Korea,Female,59,5,1,Full time employment,4,5,5,4,5
South-Korea,Female,58,4,0,Part time employment,1,3,2,2,1
South-Korea,Female,38,2,2,Unemployed,5,4,3,1,1
South-Korea,Female,36,3,1,Full time employment,2,3,2,2,2
South-Korea,Female,32,3,1,Full time employment,2,2,2,3,3
South-Korea,Male,26,3,0,Part time employment,4,4,3,3,3
South-Korea,Female,29,5,0,Full time employment,2,2,1,3,1
South-Korea,Female,18,5,4,Not working,1,1,2,1,4
South-Korea,Female,22,4,0,Full time student,1,1,3,2,3
South-Korea,Male,26,1,0,Not working,3,5,4,1,1
South-Korea,Female,37,4,2,Not working,1,1,1,4,1
South-Korea,Male,51,4,2,Full time employment,4,4,3,3,5
South-Korea,Male,32,2,0,Full time employment,2,1,4,4,4
South-Korea,Female,27,2,0,Full time employment,2,2,4,3,3
South-Korea,Male,37,3,1,Full time employment,1,1,1,1,1
South-Korea,Female,51,4,4,Not working,1,1,2,3,3
South-Korea,Male,21,2,0,Part time employment,2,3,1,1,1
South-Korea,Male,39,2,0,Full time employment,4,1,5,5,5
South-Korea,Female,32,3,0,Full time employment,1,1,4,4,4
South-Korea,Female,39,6,2,Full time employment,1,1,1,1,1
South-Korea,Male,48,6,2,Full time employment,4,3,4,4,4
South-Korea,Male,25,4,0,Part time employment,3,2,4,3,2
South-Korea,Male,30,1,0,Full time employment,2,5,1,1,5
South-Korea,Male,39,3,1,Full time employment,4,3,2,3,3
South-Korea,Male,48,3,1,Full time employment,3,2,1,3,1
South-Korea,Male,48,3,1,Full time employment,3,3,3,3,3
South-Korea,Female,28,4,0,Part time employment,2,2,2,2,1
South-Korea,Male,33,5,2,Full time employment,2,3,2,1,2
South-Korea,Female,54,4,0,Unemployed,3,4,3,3,4
South-Korea,Male,21,5,2,Part time employment,2,2,2,1,2
South-Korea,Male,50,4,1,Full time employment,2,1,5,4,2
South-Korea,Female,39,5,2,Full time employment,2,2,1,1,2
South-Korea,Female,50,3,1,Full time employment,1,2,1,2,1
South-Korea,Male,41,3,1,Full time employment,1,2,3,2,2
South-Korea,Male,32,4,0,Not working,2,3,2,2,1
South-Korea,Female,46,1,0,Full time employment,3,4,3,3,3
South-Korea,Male,38,1,0,Unemployed,4,5,3,3,3
South-Korea,Male,42,2,0,Full time employment,2,2,3,2,2
South-Korea,Male,45,4,3,Part time employment,2,4,3,2,3
South-Korea,Male,59,5,0,Full time employment,3,3,2,2,1
South-Korea,Female,24,3,0,Part time employment,1,3,1,3,1
South-Korea,Female,68,3,0,Not working,2,2,2,1,1
South-Korea,Female,25,4,0,Not working,1,1,3,4,4
South-Korea,Male,40,4,4,Full time employment,4,5,4,5,4
South-Korea,Female,28,3,0,Full time employment,1,1,1,5,5
South-Korea,Male,49,3,0,Other,4,3,2,2,2
South-Korea,Male,54,3,0,Unemployed,2,4,1,1,1
South-Korea,Male,49,2,0,Full time employment,2,2,1,1,2
South-Korea,Female,61,1,0,Part time employment,3,4,3,3,4
South-Korea,Male,20,4,0,Other,2,2,2,2,1
South-Korea,Male,59,4,1,Full time employment,2,2,2,2,4
South-Korea,Male,56,3,0,Full time employment,4,3,5,5,5
South-Korea,Male,28,2,1,Full time employment,2,4,3,4,2
South-Korea,Male,48,2,0,Full time employment,2,2,3,3,3
South-Korea,Male,27,5,2,Not working,5,4,1,1,1
South-Korea,Male,49,3,1,Full time employment,1,1,1,1,1
South-Korea,Female,38,3,0,Unemployed,1,3,5,3,3
South-Korea,Male,41,6,2,Full time employment,4,4,3,3,2
South-Korea,Female,39,3,1,Full time employment,2,4,3,3,3
South-Korea,Female,40,4,1,Full time employment,1,2,1,3,3
South-Korea,Female,39,4,2,Full time employment,1,4,4,1,1
South-Korea,Male,45,1,0,Full time employment,4,3,1,3,2
South-Korea,Female,28,4,0,Part time employment,2,1,4,3,3
South-Korea,Female,56,3,0,Unemployed,3,2,2,2,2
South-Korea,Male,48,4,2,Full time employment,1,2,1,1,1
South-Korea,Male,55,2,1,Full time employment,2,3,2,3,3
South-Korea,Male,34,4,0,Full time employment,5,3,1,3,5
South-Korea,Male,42,3,1,Full time employment,2,1,1,2,1
South-Korea,Female,45,Don't know,4,Other,3,3,3,3,3
South-Korea,Male,21,5,2,Full time employment,1,2,1,2,1
South-Korea,Female,26,1,1,Full time employment,4,1,5,5,5
South-Korea,Female,39,3,2,Full time employment,2,2,3,3,3
South-Korea,Male,72,2,0,Retired,4,4,1,2,5
South-Korea,Female,28,3,0,Full time employment,2,2,3,3,3
South-Korea,Male,38,Prefer not to say,0,Full time employment,3,3,3,3,3
South-Korea,Male,44,4,1,Retired,1,2,2,2,2
South-Korea,Male,53,4,1,Full time employment,1,2,3,3,2
South-Korea,Female,32,4,2,Full time employment,3,3,3,3,3
South-Korea,Male,63,2,0,Full time employment,3,3,1,2,2
South-Korea,Female,27,Don't know,0,Not working,3,3,3,3,3
South-Korea,Female,60,3,0,Part time employment,2,3,3,2,1
South-Korea,Female,48,4,4,Full time employment,1,2,2,1,1
South-Korea,Male,47,3,0,Full time employment,1,3,2,1,1
South-Korea,Male,47,1,0,Full time employment,1,2,2,1,1
South-Korea,Female,34,5,1,Full time employment,4,3,3,3,3
South-Korea,Male,52,4,1,Full time employment,2,1,2,2,1
South-Korea,Male,29,3,3,Full time employment,2,2,3,3,2
South-Korea,Male,50,4,2,Full time employment,3,3,2,3,2
South-Korea,Male,33,1,0,Full time employment,1,1,1,1,1
South-Korea,Male,29,3,0,Full time employment,3,3,3,3,3
South-Korea,Male,38,3,1,Full time employment,2,1,3,4,3
South-Korea,Female,31,2,0,Part time employment,1,4,1,2,1
South-Korea,Male,37,4,0,Full time employment,3,3,2,2,2
South-Korea,Female,32,3,1,Not working,1,1,4,2,2
South-Korea,Male,25,3,2,Full time employment,1,1,2,1,2
South-Korea,Female,40,4,2,Not working,2,2,3,3,3
South-Korea,Female,29,2,0,Full time employment,1,1,2,3,4
South-Korea,Female,44,4,0,Full time employment,2,3,2,1,2
South-Korea,Female,30,5,0,Full time employment,3,1,5,5,5
South-Korea,Female,27,4,0,Full time employment,1,3,4,1,1
South-Korea,Male,32,3,1,Full time employment,2,2,3,3,2
South-Korea,Male,20,5,2,Full time employment,1,1,1,1,1
South-Korea,Female,35,2,0,Full time employment,1,1,5,3,1
South-Korea,Female,44,4,4,Full time employment,3,2,2,4,4
South-Korea,Male,35,4,0,Full time employment,3,3,2,3,4
South-Korea,Male,43,2,0,Part time employment,3,3,3,3,2
South-Korea,Male,30,2,0,Full time employment,2,2,3,3,3
South-Korea,Male,53,4,4,Full time employment,1,3,2,1,1
South-Korea,Male,34,3,1,Full time employment,3,3,2,2,3
South-Korea,Male,31,1,0,Full time employment,4,4,5,3,5
South-Korea,Male,31,3,0,Full time employment,1,1,2,3,3
South-Korea,Male,39,4,2,Full time employment,1,1,2,2,1
South-Korea,Male,38,4,2,Full time employment,1,1,1,1,2
South-Korea,Female,20,3,0,Unemployed,3,2,3,3,3
South-Korea,Male,26,4,0,Full time student,5,3,3,4,4
South-Korea,Female,44,3,1,Not working,3,2,2,4,3
South-Korea,Male,52,4,2,Other,3,3,3,3,3
South-Korea,Male,20,2,0,Full time student,2,1,1,1,1
South-Korea,Male,18,5,2,Not working,2,1,2,3,3
South-Korea,Female,40,3,1,Full time employment,1,1,2,1,1
South-Korea,Male,38,1,0,Unemployed,3,3,4,2,3
South-Korea,Female,34,4,2,Part time employment,5,3,3,4,3
South-Korea,Male,41,4,2,Full time employment,2,3,1,2,1
South-Korea,Male,23,4,1,Part time employment,1,2,3,2,3
South-Korea,Female,19,4,1,Full time student,2,4,3,1,1
South-Korea,Male,44,4,3,Not working,1,1,1,1,1
South-Korea,Female,43,4,0,Full time employment,2,3,2,2,2
South-Korea,Male,33,4,0,Full time employment,4,2,2,2,2
South-Korea,Male,25,5,0,Part time employment,2,3,4,3,3
South-Korea,Male,41,4,2,Other,3,2,2,3,3
South-Korea,Male,41,3,1,Full time employment,2,2,2,2,2
South-Korea,Male,47,6,2,Full time employment,4,4,4,5,4
South-Korea,Male,29,4,0,Full time employment,4,4,4,4,5
South-Korea,Male,44,3,1,Full time employment,1,2,2,2,2
South-Korea,Female,25,3,0,Unemployed,2,2,3,4,4
South-Korea,Male,38,3,1,Full time employment,3,3,2,2,1
South-Korea,Female,22,2,0,Part time employment,3,3,3,3,2
South-Korea,Female,36,4,2,Full time employment,3,2,3,3,3
South-Korea,Male,38,6,4,Full time employment,4,4,3,4,4
South-Korea,Male,20,4,0,Not working,1,1,3,2,1
South-Korea,Female,43,4,2,Part time employment,1,1,1,3,2
South-Korea,Male,35,3,2,Full time employment,1,3,1,1,1
South-Korea,Male,44,5,3,Full time employment,4,4,4,4,4
South-Korea,Male,53,4,1,Full time employment,3,3,2,3,1
South-Korea,Female,41,4,2,Not working,1,1,2,1,1
South-Korea,Female,24,4,2,Not working,3,2,1,2,1
South-Korea,Male,43,4,2,Full time employment,2,2,3,3,2
South-Korea,Male,40,1,1,Full time employment,4,4,4,3,3
South-Korea,Male,49,3,1,Full time employment,1,2,1,3,1
South-Korea,Female,38,4,0,Full time employment,2,1,1,4,1
South-Korea,Male,22,2,0,Part time employment,2,1,2,2,2
South-Korea,Male,19,4,2,Part time employment,3,3,2,1,1
South-Korea,Female,27,4,4,Full time employment,3,3,3,3,3
South-Korea,Female,46,4,2,Full time employment,1,2,1,1,1
South-Korea,Male,31,3,1,Part time employment,2,2,3,3,2
South-Korea,Female,26,4,0,Full time employment,1,1,3,1,1
South-Korea,Male,26,3,0,Part time employment,1,3,2,2,5
South-Korea,Male,37,3,1,Full time employment,1,3,1,1,1
South-Korea,Female,60,2,0,Full time employment,1,1,2,3,2
South-Korea,Female,25,4,0,Full time employment,5,5,4,4,5
South-Korea,Male,48,3,1,Full time employment,3,3,1,3,1
South-Korea,Female,38,2,0,Full time employment,2,1,3,3,3
South-Korea,Male,66,2,0,Full time employment,2,2,2,2,1
South-Korea,Male,28,1,0,Unemployed,5,3,5,4,5
South-Korea,Male,49,1,0,Full time employment,4,4,2,4,2
South-Korea,Male,30,3,0,Full time employment,5,2,3,3,1
South-Korea,Male,40,4,2,Full time employment,4,4,3,4,4
South-Korea,Male,39,1,0,Full time employment,2,2,1,1,1
South-Korea,Female,45,3,1,Full time employment,1,1,2,2,2
South-Korea,Male,54,5,5 or more,Full time employment,3,2,1,2,3
South-Korea,Male,31,2,0,Full time employment,3,3,2,3,2
South-Korea,Female,41,2,2,Part time employment,1,1,2,3,3
South-Korea,Male,21,3,4,Other,3,3,3,3,3
South-Korea,Male,42,1,0,Full time employment,2,2,4,3,3
South-Korea,Female,37,4,2,Full time employment,1,3,3,3,1
South-Korea,Female,25,4,0,Full time employment,1,1,3,3,5
South-Korea,Male,32,1,0,Unemployed,2,1,2,2,2
South-Korea,Male,45,5,3,Part time employment,2,2,1,2,3
South-Korea,Female,47,3,0,Full time employment,2,4,2,4,2
South-Korea,Male,33,2,0,Full time employment,3,3,3,4,4
South-Korea,Male,28,4,1,Unemployed,1,3,2,1,1
South-Korea,Male,40,3,3,Full time employment,1,2,2,1,2
South-Korea,Female,31,4,0,Full time employment,2,1,2,3,4
South-Korea,Male,63,4,0,Full time employment,2,3,4,1,1
South-Korea,Male,43,2,0,Full time employment,1,1,3,5,2
South-Korea,Female,23,4,0,Full time employment,1,1,2,2,2
South-Korea,Male,31,3,1,Full time employment,2,2,2,2,2
South-Korea,Male,51,3,0,Full time employment,3,2,3,3,2
South-Korea,Female,48,4,2,Part time employment,4,3,2,2,2
South-Korea,Male,34,3,1,Full time employment,4,3,3,2,1
South-Korea,Male,58,3,0,Full time employment,2,2,2,2,1
South-Korea,Female,62,4,1,Full time employment,3,3,3,2,3
South-Korea,Male,62,5,5 or more,Part time employment,1,1,1,1,5
South-Korea,Female,57,1,0,Other,1,2,2,2,1
South-Korea,Male,48,7,3,Part time employment,2,4,2,3,3
South-Korea,Male,42,5,0,Full time employment,4,3,4,3,3
South-Korea,Female,21,5,1,Full time employment,1,1,4,4,2
South-Korea,Male,56,3,3,Full time employment,1,1,2,2,2
South-Korea,Male,18,5,4,Full time student,1,1,1,1,1
South-Korea,Male,23,4,2,Not working,3,2,1,2,1
South-Korea,Male,72,6,2,Retired,2,3,2,2,1
South-Korea,Female,27,4,2,Full time employment,1,2,2,1,1
South-Korea,Female,24,4,0,Full time student,1,1,1,1,1
South-Korea,Female,21,4,0,Not working,3,3,3,2,1
South-Korea,Female,20,5,0,Unemployed,1,2,3,3,3
South-Korea,Male,59,4,0,Full time employment,1,4,2,1,1
South-Korea,Female,58,4,1,Not working,3,2,3,2,2
South-Korea,Female,24,4,0,Part time employment,1,1,2,3,4
South-Korea,Female,20,2,1,Unemployed,1,1,3,4,3
South-Korea,Male,66,4,0,Retired,4,3,2,2,1
South-Korea,Female,64,2,0,Full time employment,2,2,3,3,3
South-Korea,Female,70,5,2,Full time employment,2,1,5,5,3
South-Korea,Female,22,4,0,Full time student,1,2,2,1,4
South-Korea,Female,21,4,1,Full time student,1,1,2,3,3
South-Korea,Male,21,4,4,Full time student,3,3,3,3,3
South-Korea,Male,24,4,0,Full time employment,1,2,2,2,4
South-Korea,Female,29,4,2,Full time employment,1,1,1,3,3
South-Korea,Male,21,4,1,Full time student,3,3,3,2,2
South-Korea,Male,36,3,3,Full time employment,2,3,1,1,3
South-Korea,Male,64,4,0,Retired,3,3,2,3,2
South-Korea,Female,58,3,0,Part time employment,3,3,3,3,3
South-Korea,Female,61,3,0,Full time employment,2,2,2,2,4
South-Korea,Male,38,2,0,Full time employment,2,3,2,2,2
South-Korea,Female,19,4,0,Not working,3,3,3,3,2
South-Korea,Female,43,3,1,Full time employment,3,3,3,4,3
South-Korea,Male,60,3,1,Full time employment,3,2,3,2,3
South-Korea,Male,72,3,0,Full time employment,2,2,2,2,1
South-Korea,Female,59,2,0,Not working,1,2,5,3,3
South-Korea,Female,20,1,0,Unemployed,1,2,3,1,1
South-Korea,Male,55,4,0,Full time employment,5,1,5,5,5
South-Korea,Male,62,3,0,Retired,2,3,3,2,2
South-Korea,Female,61,4,0,Not working,1,5,3,1,2
South-Korea,Female,21,2,2,Full time student,1,3,1,1,1
South-Korea,Male,64,3,0,Retired,1,2,1,1,1
South-Korea,Female,81,5,1,Retired,1,2,1,1,1
South-Korea,Male,59,5,0,Full time employment,4,3,1,2,1
South-Korea,Female,63,3,0,Not working,1,3,1,3,3
South-Korea,Female,64,2,0,Not working,3,2,3,4,3
South-Korea,Male,74,2,0,Full time employment,2,3,1,1,1
South-Korea,Male,69,3,0,Full time employment,3,3,2,3,3
South-Korea,Female,58,4,0,Full time employment,2,3,3,2,1
South-Korea,Male,60,4,0,Full time employment,2,2,3,3,3
South-Korea,Male,62,3,0,Retired,4,2,1,4,1
South-Korea,Male,63,3,0,Full time employment,1,3,2,1,1
South-Korea,Female,79,Prefer not to say,5 or more,Not working,5,5,5,5,1
South-Korea,Male,58,3,0,Full time employment,1,2,2,1,1
South-Korea,Male,58,4,0,Full time employment,2,2,2,2,2
South-Korea,Male,64,3,0,Full time employment,1,4,1,1,1
South-Korea,Female,60,3,3,Retired,2,2,2,2,4
South-Korea,Female,68,5,0,Full time employment,2,3,2,3,2
South-Korea,Male,41,3,1,Full time employment,3,2,1,1,1
South-Korea,Female,65,3,0,Not working,3,3,3,2,2
South-Korea,Male,48,4,1,Full time employment,1,3,2,1,1
South-Korea,Male,55,2,0,Full time employment,3,1,2,5,5
South-Korea,Male,61,2,0,Full time employment,1,2,1,2,1
South-Korea,Male,62,4,0,Retired,2,4,2,1,1
South-Korea,Female,55,4,4,Full time employment,3,2,3,2,3
South-Korea,Female,57,3,0,Retired,1,1,1,5,3
South-Korea,Male,50,3,1,Full time employment,4,5,3,3,4
South-Korea,Male,65,4,0,Retired,2,2,3,2,1
South-Korea,Male,32,3,1,Full time employment,4,5,5,4,4
South-Korea,Female,58,3,0,Full time employment,3,3,1,3,3
South-Korea,Female,39,3,1,Full time employment,5,2,3,1,1
South-Korea,Male,42,4,2,Full time employment,4,4,1,1,1
South-Korea,Female,25,4,0,Full time employment,3,3,3,3,3
South-Korea,Male,20,1,0,Other,2,2,3,5,2
South-Korea,Male,54,3,0,Other,3,3,3,2,2
South-Korea,Male,39,3,0,Full time employment,2,2,1,2,1
South-Korea,Male,44,3,0,Not working,2,2,2,1,1
South-Korea,Male,30,3,0,Part time employment,5,1,3,1,3
South-Korea,Male,59,6,1,Full time employment,2,3,3,2,1
South-Korea,Male,24,4,0,Full time employment,5,5,1,1,1
South-Korea,Female,49,3,0,Not working,3,3,4,3,3
South-Korea,Female,40,2,0,Not working,1,1,5,2,2
South-Korea,Male,42,4,2,Other,1,1,2,2,4
South-Korea,Male,24,5,2,Part time employment,4,3,5,3,1
South-Korea,Male,18,3,1,Full time student,1,5,4,1,1
South-Korea,Male,24,4,1,Full time employment,3,1,1,1,1
South-Korea,Male,46,3,1,Full time employment,2,2,3,3,3
South-Korea,Female,37,5,2,Not working,5,1,1,3,2
South-Korea,Female,31,4,0,Full time employment,1,1,2,2,3
South-Korea,Male,42,4,2,Full time employment,1,1,5,5,3
South-Korea,Male,42,5,3,Full time employment,1,3,3,1,5
South-Korea,Male,18,4,1,Part time employment,3,2,3,3,3
South-Korea,Female,49,5,1,Unemployed,1,2,2,1,1
South-Korea,Female,52,4,0,Full time employment,3,1,3,4,3
South-Korea,Male,20,4,0,Full time student,1,5,1,1,1
South-Korea,Male,25,4,0,Full time employment,3,3,4,4,4
South-Korea,Male,49,3,0,Full time employment,4,4,4,4,2
South-Korea,Female,40,5,2,Full time employment,1,4,1,1,1
South-Korea,Female,53,2,0,Not working,4,3,1,3,1
South-Korea,Female,32,4,4,Part time employment,1,1,1,1,1
South-Korea,Female,43,1,0,Full time employment,1,3,3,2,4
South-Korea,Female,29,4,2,Full time employment,1,2,2,2,1
South-Korea,Male,20,5,2,Unemployed,1,4,5,1,1
South-Korea,Female,39,3,1,Other,1,1,1,2,3
South-Korea,Female,33,4,0,Not working,1,2,2,1,1
South-Korea,Female,47,4,0,Not working,3,1,3,4,4
South-Korea,Male,46,4,2,Part time employment,1,3,1,1,1
South-Korea,Female,38,2,1,Full time employment,1,3,4,3,5
South-Korea,Male,48,3,1,Full time employment,2,2,2,1,1
South-Korea,Male,23,3,0,Full time student,2,1,5,1,1
South-Korea,Male,50,3,1,Full time employment,3,3,3,4,3
South-Korea,Female,61,2,0,Retired,3,3,2,3,3
South-Korea,Male,38,3,2,Full time employment,2,1,2,2,3
South-Korea,Female,52,4,1,Part time employment,2,2,1,3,3
South-Korea,Female,73,2,0,Part time employment,1,2,5,2,1
South-Korea,Female,29,5,2,Full time employment,1,2,1,3,1
South-Korea,Female,64,4,0,Full time employment,2,1,4,4,5
South-Korea,Male,44,3,1,Part time employment,2,2,3,3,3
South-Korea,Female,59,2,0,Other,1,1,1,1,1
South-Korea,Female,29,4,0,Full time employment,3,3,3,3,3
South-Korea,Male,48,3,1,Full time employment,3,3,3,3,3
South-Korea,Female,43,2,0,Not working,3,2,2,3,3
South-Korea,Male,28,4,5 or more,Unemployed,2,2,2,2,2
South-Korea,Male,60,3,3,Not working,3,3,3,3,3
South-Korea,Female,44,3,1,Part time employment,4,3,3,4,4
South-Korea,Male,51,4,1,Full time employment,3,3,4,5,3
South-Korea,Female,27,3,0,Not working,2,1,3,3,4
South-Korea,Male,21,4,1,Full time employment,1,2,2,2,2
South-Korea,Female,46,4,1,Not working,2,2,3,3,3
South-Korea,Male,45,3,1,Full time employment,1,2,2,2,4
South-Korea,Female,58,5,0,Full time employment,1,1,1,3,3
South-Korea,Male,20,1,0,Full time employment,3,3,3,3,3
South-Korea,Male,64,2,0,Retired,1,4,1,2,1
South-Korea,Male,24,3,1,Full time employment,1,3,1,1,1
South-Korea,Female,50,2,0,Other,2,2,3,2,3
South-Korea,Male,48,3,0,Full time employment,5,5,1,4,1
South-Korea,Female,50,2,0,Other,2,2,2,3,2
South-Korea,Female,60,5,0,Full time employment,2,2,2,3,2
South-Korea,Female,50,4,0,Not working,1,1,1,1,2
South-Korea,Female,38,3,1,Unemployed,1,2,2,1,1
South-Korea,Male,31,2,1,Full time employment,2,2,3,1,1
South-Korea,Female,26,Prefer not to say,0,Unemployed,3,4,3,3,3
South-Korea,Female,68,2,0,Full time employment,2,3,2,2,2
South-Korea,Female,64,2,0,Full time employment,2,2,3,3,3
South-Korea,Male,65,3,0,Part time employment,1,1,3,1,1
South-Korea,Female,68,3,0,Retired,4,4,1,1,1
South-Korea,Female,47,3,0,Other,3,1,2,4,4
South-Korea,Female,47,4,2,Not working,2,1,4,5,4
South-Korea,Female,59,3,1,Full time employment,2,3,3,2,3
South-Korea,Female,45,4,1,Full time employment,3,4,5,4,3
South-Korea,Female,51,3,3,Full time employment,5,4,1,1,1
South-Korea,Female,47,4,1,Full time employment,3,4,3,3,4
South-Korea,Male,55,4,1,Part time employment,1,1,2,1,1
South-Korea,Female,46,3,1,Full time employment,4,4,3,4,3
South-Korea,Female,45,4,2,Not working,1,1,1,1,1
South-Korea,Female,37,4,1,Full time employment,4,3,5,4,4
South-Korea,Male,50,4,2,Full time employment,2,2,2,2,2
South-Korea,Female,52,1,1,Part time employment,2,2,2,3,5
South-Korea,Female,62,4,0,Retired,2,1,2,3,3
South-Korea,Female,48,4,1,Full time employment,3,4,4,2,3
South-Korea,Female,49,4,2,Full time employment,3,3,1,3,3
South-Korea,Female,44,3,1,Full time employment,4,3,3,4,4
South-Korea,Female,50,4,2,Other,4,2,3,3,4
South-Korea,Female,48,3,1,Full time employment,4,3,4,4,5
South-Korea,Female,44,4,1,Full time employment,3,3,4,3,3
South-Korea,Female,47,3,1,Full time employment,3,2,4,3,3
South-Korea,Female,47,3,1,Not working,3,1,2,3,1
South-Korea,Female,45,4,2,Full time employment,2,4,3,3,3
South-Korea,Female,49,2,0,Full time employment,1,2,3,2,1
South-Korea,Female,44,4,2,Full time employment,3,3,4,2,2
South-Korea,Female,45,6,2,Full time employment,3,3,4,2,3
South-Korea,Male,63,4,0,Full time employment,2,3,3,2,1
South-Korea,Female,48,6,2,Full time employment,2,3,4,2,3
South-Korea,Female,47,5,1,Full time employment,3,3,4,2,3
South-Korea,Female,46,4,1,Full time employment,3,4,2,2,3
South-Korea,Female,47,3,1,Other,2,3,3,4,3
South-Korea,Female,49,4,2,Full time employment,3,3,4,3,4
South-Korea,Female,47,4,2,Full time employment,4,3,3,4,4
South-Korea,Female,47,4,2,Full time employment,3,4,3,4,5
South-Korea,Male,33,3,1,Full time employment,4,5,5,4,4
South-Korea,Female,42,3,1,Full time employment,4,5,4,5,5
South-Korea,Female,65,2,0,Full time employment,2,2,4,1,1
South-Korea,Female,59,2,0,Retired,1,3,1,1,1
South-Korea,Male,85,3,0,Not working,1,1,1,1,1
South-Korea,Male,65,4,1,Full time employment,5,5,1,1,1
South-Korea,Male,71,3,0,Part time employment,1,2,2,1,1
South-Korea,Male,56,4,0,Full time employment,3,3,2,2,1
South-Korea,Male,63,2,0,Not working,1,2,1,1,1
South-Korea,Female,58,3,0,Retired,1,1,3,3,4
South-Korea,Female,74,5,2,Other,3,5,5,3,3
South-Korea,Male,59,2,0,Full time employment,3,3,3,3,3
South-Korea,Female,37,4,4,Other,1,3,1,1,1
South-Korea,Male,57,4,0,Full time employment,2,1,3,2,2
South-Korea,Male,57,4,2,Full time employment,1,3,2,2,1
South-Korea,Female,55,4,0,Not working,3,3,4,3,2
South-Korea,Male,58,4,0,Full time employment,4,3,1,2,1
South-Korea,Male,64,3,3,Full time employment,2,2,3,2,3
South-Korea,Male,58,3,1,Full time employment,2,3,2,3,1
South-Korea,Male,57,2,0,Full time employment,1,4,3,2,4
South-Korea,Male,52,3,1,Full time employment,4,4,2,2,3
South-Korea,Female,57,2,0,Not working,1,2,2,1,1
South-Korea,Male,59,1,0,Part time employment,3,2,1,3,1
South-Korea,Male,58,4,0,Full time employment,2,1,3,2,1
South-Korea,Female,75,4,2,Not working,2,1,1,4,4
South-Korea,Male,60,4,0,Retired,2,3,2,2,1
South-Korea,Male,74,3,1,Part time employment,2,2,2,1,1
South-Korea,Male,55,6,0,Full time employment,2,2,1,2,1
South-Korea,Male,59,4,0,Retired,3,3,2,3,2
South-Korea,Female,68,2,0,Retired,2,2,2,2,1
South-Korea,Male,61,4,0,Full time employment,1,3,3,2,1
South-Korea,Female,43,3,1,Full time employment,4,5,4,5,4
South-Korea,Female,43,4,1,Full time employment,3,4,3,3,5
South-Korea,Female,44,3,1,Full time employment,5,3,4,4,4
South-Korea,Male,55,3,1,Full time employment,4,4,5,4,3
South-Korea,Female,56,3,1,Full time employment,4,3,3,4,3
South-Korea,Female,56,4,0,Retired,4,4,3,3,4
South-Korea,Female,55,4,1,Full time employment,4,5,5,3,3
South-Korea,Female,55,4,1,Full time employment,4,4,3,3,3
South-Korea,Female,60,5,5 or more,Full time employment,1,4,1,1,1
South-Korea,Female,55,6,3,Full time employment,3,3,3,4,3
South-Korea,Female,57,4,3,Full time employment,3,2,3,4,4
South-Korea,Female,55,5,1,Full time employment,3,3,4,2,4
South-Korea,Female,61,4,1,Full time employment,4,3,4,4,3
South-Korea,Female,63,4,1,Full time employment,4,4,3,5,3
South-Korea,Female,63,3,1,Full time employment,4,4,5,5,5
South-Korea,Female,64,4,1,Full time employment,2,3,3,4,4
South-Korea,Female,63,3,1,Full time employment,2,3,3,4,2
South-Korea,Female,63,4,1,Full time employment,4,2,3,4,3
South-Korea,Female,64,5,2,Full time employment,5,4,4,3,3
South-Korea,Female,63,5,1,Full time employment,3,3,4,4,5
South-Korea,Female,65,4,2,Full time employment,4,2,3,4,2
South-Korea,Female,63,3,1,Full time employment,4,3,5,4,4
South-Korea,Female,65,3,2,Full time employment,3,3,4,2,3
South-Korea,Female,67,5,1,Full time employment,4,3,3,4,5
South-Korea,Female,64,5,1,Full time employment,4,4,3,4,3
South-Korea,Female,63,3,1,Full time employment,4,3,4,3,3
South-Korea,Female,61,3,1,Full time employment,5,4,5,4,4
South-Korea,Female,64,4,2,Full time employment,3,4,3,4,3
South-Korea,Female,63,6,1,Full time employment,4,4,3,5,4
South-Korea,Female,57,5,2,Full time employment,4,4,1,1,1
South-Korea,Male,21,3,2,Part time employment,5,5,4,4,4
South-Korea,Male,33,4,3,Part time employment,2,2,1,1,1
South-Korea,Male,27,4,4,Full time employment,1,1,1,1,1
South-Korea,Female,21,4,1,Part time employment,1,1,3,2,5
South-Korea,Female,32,2,0,Unemployed,1,1,1,1,1
South-Korea,Male,54,3,0,Full time employment,2,2,2,2,3
South-Korea,Male,30,3,2,Full time employment,2,3,1,1,1
South-Korea,Male,39,4,2,Full time employment,2,2,1,2,2
South-Korea,Female,49,4,2,Unemployed,4,4,4,4,4
South-Korea,Male,45,1,0,Full time employment,2,3,3,3,1
South-Korea,Male,61,2,0,Part time employment,1,2,4,2,4
South-Korea,Female,36,2,1,Full time employment,3,2,2,3,3
South-Korea,Male,52,Prefer not to say,1,Not working,3,3,3,3,3
South-Korea,Male,36,2,0,Not working,4,3,4,3,3
South-Korea,Male,43,Prefer not to say,2,Not working,1,1,1,1,1
South-Korea,Male,50,1,1,Full time employment,1,1,1,1,1
South-Korea,Male,45,4,2,Full time employment,1,3,1,1,5
South-Korea,Female,47,3,1,Full time employment,2,1,1,2,1
South-Korea,Male,58,1,0,Full time employment,1,1,4,3,3
South-Korea,Male,61,3,0,Full time employment,3,2,3,2,2
South-Korea,Male,59,4,1,Full time employment,4,4,5,4,5
South-Korea,Male,62,3,0,Full time employment,2,3,2,3,3
South-Korea,Male,59,4,0,Full time employment,2,2,3,1,1
South-Korea,Male,56,1,0,Full time employment,1,2,1,1,1
South-Korea,Male,59,5,1,Full time employment,4,4,4,5,5
South-Korea,Female,37,Don't know,0,Full time employment,2,2,4,3,3
South-Korea,Female,24,4,0,Part time employment,1,1,2,4,3
South-Korea,Female,29,3,0,Full time employment,1,1,1,2,3
South-Korea,Male,37,5,0,Not working,5,5,5,5,5
South-Korea,Female,40,3,1,Full time employment,1,1,1,1,1
South-Korea,Female,24,4,0,Not working,2,2,2,2,3
South-Korea,Male,48,4,3,Full time employment,3,3,3,3,1
South-Korea,Female,63,8 or more,2,Other,2,2,1,2,4
South-Korea,Female,33,3,0,Full time employment,1,1,1,2,2
South-Korea,Female,45,4,0,Not working,3,2,5,3,3
South-Korea,Male,21,4,0,Not working,3,3,3,2,4
South-Korea,Female,51,3,0,Full time employment,1,1,4,3,1
South-Korea,Male,58,6,2,Full time employment,5,5,4,4,5
South-Korea,Female,61,3,0,Full time employment,2,2,2,2,2
South-Korea,Male,50,4,2,Full time employment,3,2,2,2,1
South-Korea,Male,25,6,4,Full time employment,2,3,3,2,5
South-Korea,Male,22,3,1,Full time employment,2,3,2,2,2
South-Korea,Male,52,4,2,Other,3,1,4,3,3
South-Korea,Female,50,3,1,Full time employment,1,2,2,2,2
South-Korea,Male,40,4,2,Full time employment,3,3,3,3,3
South-Korea,Male,49,3,0,Full time employment,3,2,2,3,1
South-Korea,Male,51,4,1,Full time employment,3,4,4,3,4
South-Korea,Female,44,4,0,Not working,1,1,2,2,1
South-Korea,Male,55,2,1,Full time employment,4,1,1,4,2
South-Korea,Female,37,1,0,Full time employment,1,2,1,3,4
South-Korea,Female,20,5,0,Full time student,3,5,3,2,2
South-Korea,Female,42,3,1,Full time employment,4,3,4,3,3
South-Korea,Female,36,3,1,Full time employment,3,3,2,2,2
South-Korea,Female,53,4,2,Full time employment,1,2,1,2,5
South-Korea,Female,30,5,0,Full time employment,1,1,2,2,3
South-Korea,Female,57,1,0,Part time employment,2,2,1,2,2
South-Korea,Female,40,5,2,Full time employment,2,2,2,1,1
South-Korea,Female,46,1,0,Full time employment,3,2,4,2,2
South-Korea,Male,30,3,1,Full time employment,3,3,3,3,3
South-Korea,Female,52,4,0,Not working,4,5,4,3,3
South-Korea,Male,25,4,0,Full time student,4,3,1,3,1
South-Korea,Male,51,4,2,Full time employment,1,1,3,2,1
South-Korea,Male,44,4,2,Full time employment,2,4,2,2,4
South-Korea,Female,42,5,3,Not working,4,3,2,2,3
South-Korea,Male,25,4,0,Full time employment,4,3,3,4,4
South-Korea,Female,22,5,0,Other,1,2,3,2,2
South-Korea,Female,37,4,2,Full time employment,2,3,3,2,3
South-Korea,Male,41,3,3,Full time employment,1,3,2,2,1
South-Korea,Male,29,3,0,Full time employment,1,3,2,1,1
South-Korea,Female,33,2,0,Full time employment,2,1,3,4,2
South-Korea,Male,25,3,0,Unemployed,1,2,5,3,3
South-Korea,Female,37,4,2,Full time employment,2,3,2,2,2
South-Korea,Female,41,3,1,Part time employment,1,2,4,3,2
South-Korea,Male,62,4,0,Full time employment,1,2,3,3,3
South-Korea,Female,47,5,2,Full time employment,3,3,3,3,3
South-Korea,Female,25,7,0,Full time employment,4,2,4,3,1
South-Korea,Female,51,4,2,Part time employment,3,1,2,3,3
South-Korea,Female,25,4,4,Part time employment,2,3,3,3,1
South-Korea,Male,33,2,0,Part time employment,3,3,2,3,3
South-Korea,Female,54,4,1,Full time employment,2,1,1,2,2
South-Korea,Female,42,3,0,Not working,4,4,3,3,4
South-Korea,Male,19,5,2,Full time student,3,3,3,3,3
South-Korea,Female,34,5,1,Full time employment,4,4,2,3,2
South-Korea,Female,27,2,0,Part time employment,1,3,1,1,1
South-Korea,Male,40,4,1,Full time employment,3,3,2,2,2
South-Korea,Male,49,3,0,Full time employment,4,4,4,5,5
South-Korea,Male,38,1,0,Full time employment,3,3,3,3,3
South-Korea,Male,53,4,0,Full time employment,1,2,1,2,1
South-Korea,Male,45,4,2,Full time employment,2,2,2,1,1
South-Korea,Male,41,Prefer not to say,0,Full time employment,1,1,2,5,3
South-Korea,Female,24,2,0,Full time student,1,1,3,1,1
South-Korea,Female,46,4,2,Full time employment,1,1,1,1,1
South-Korea,Male,48,4,4,Full time employment,1,4,1,1,1
South-Korea,Female,24,5,1,Full time student,2,2,2,3,3
South-Korea,Female,44,3,1,Not working,3,2,4,4,4
South-Korea,Male,42,6,0,Retired,4,4,3,4,5
South-Korea,Male,27,1,0,Full time employment,3,2,3,4,4
South-Korea,Female,21,4,1,Part time employment,2,1,1,2,4
South-Korea,Female,45,3,1,Other,1,1,3,4,2
South-Korea,Male,55,3,0,Full time employment,3,5,1,2,1
South-Korea,Female,46,2,0,Other,3,3,3,3,3
South-Korea,Female,29,3,1,Not working,2,1,3,2,4
South-Korea,Male,34,3,0,Full time employment,2,2,3,4,1
South-Korea,Male,35,4,2,Part time employment,1,1,1,5,5
South-Korea,Female,47,3,0,Full time employment,2,1,3,4,4
South-Korea,Female,38,2,0,Other,2,5,3,2,2
South-Korea,Male,43,4,2,Full time employment,2,3,2,3,2
South-Korea,Female,27,3,0,Not working,3,1,3,3,3
South-Korea,Male,34,4,2,Full time employment,2,1,2,1,1
South-Korea,Male,48,2,0,Full time employment,2,2,2,2,1
South-Korea,Male,24,3,0,Full time employment,2,3,2,4,3
South-Korea,Male,38,3,1,Full time employment,2,2,2,2,2
South-Korea,Male,47,1,1,Part time employment,3,3,3,3,3
South-Korea,Male,54,3,0,Not working,3,3,3,3,2
South-Korea,Female,22,6,0,Not working,1,2,2,3,2
South-Korea,Male,29,2,1,Full time employment,2,3,3,1,4
South-Korea,Female,49,4,2,Unemployed,3,3,4,2,2
South-Korea,Male,32,7,3,Full time employment,3,3,2,4,2
South-Korea,Male,23,2,1,Part time employment,5,2,1,1,3
South-Korea,Female,20,4,2,Full time employment,2,3,3,3,3
South-Korea,Male,63,2,0,Full time employment,2,4,1,2,2
South-Korea,Male,38,4,2,Full time employment,3,3,4,3,4
South-Korea,Male,46,2,1,Full time employment,2,2,1,5,4
South-Korea,Male,39,4,4,Full time employment,2,2,2,3,2
South-Korea,Male,45,4,1,Other,1,1,2,5,3
South-Korea,Male,41,3,1,Full time employment,2,2,2,3,2
South-Korea,Male,31,3,0,Full time employment,1,1,3,2,2
South-Korea,Male,22,4,0,Part time employment,4,2,5,3,5
South-Korea,Female,28,3,0,Full time employment,2,4,1,1,1
South-Korea,Male,43,3,1,Full time employment,4,2,2,3,3
South-Korea,Female,34,3,1,Full time employment,3,3,3,3,5
South-Korea,Male,23,5,2,Part time employment,4,3,2,3,2
South-Korea,Male,51,4,0,Full time employment,2,3,3,1,1
South-Korea,Male,37,4,0,Full time employment,2,4,2,3,4
South-Korea,Male,31,5,0,Full time employment,1,1,2,2,2
South-Korea,Male,41,1,0,Full time employment,2,2,3,1,1
South-Korea,Female,46,4,0,Not working,3,3,2,3,4
South-Korea,Male,45,3,1,Full time employment,4,4,3,2,2
South-Korea,Female,52,4,0,Full time employment,1,1,1,1,2
South-Korea,Female,22,4,0,Full time student,1,2,2,2,1
South-Korea,Male,47,4,2,Full time employment,3,4,2,3,3
South-Korea,Female,22,4,0,Full time student,5,5,3,4,3
South-Korea,Female,53,4,0,Full time employment,3,3,3,3,3
South-Korea,Male,36,6,2,Full time employment,3,3,4,4,1
South-Korea,Female,21,3,0,Full time employment,2,2,3,1,1
South-Korea,Female,37,2,0,Full time employment,1,1,5,5,5
South-Korea,Female,21,4,0,Full time student,3,1,1,2,2
South-Korea,Male,51,1,0,Other,1,1,1,1,1
South-Korea,Male,59,1,0,Full time employment,3,4,2,2,2
South-Korea,Female,36,4,2,Full time employment,3,5,4,4,4
South-Korea,Male,22,5,0,Not working,3,4,4,2,1
South-Korea,Female,18,4,1,Unemployed,5,1,2,5,5
South-Korea,Female,30,4,0,Full time employment,2,1,2,3,4
South-Korea,Female,21,4,0,Full time student,1,3,1,1,1
South-Korea,Female,31,2,0,Part time employment,1,1,5,4,5
South-Korea,Female,30,8 or more,2,Full time employment,1,2,2,1,1
South-Korea,Female,42,4,1,Full time employment,1,1,4,4,4
South-Korea,Female,33,4,2,Full time employment,3,3,3,3,3
South-Korea,Female,20,4,0,Full time employment,2,2,2,2,2
South-Korea,Male,29,1,0,Full time employment,3,3,4,3,3
South-Korea,Male,41,4,2,Full time employment,2,4,2,1,1
South-Korea,Male,22,4,4,Not working,3,3,4,3,3
South-Korea,Female,25,3,0,Part time employment,2,3,3,2,3
South-Korea,Female,33,3,1,Unemployed,2,2,3,3,3
South-Korea,Male,32,5,2,Full time employment,2,1,1,1,1
South-Korea,Male,61,5,0,Retired,2,4,2,3,1
South-Korea,Female,20,1,2,Part time employment,1,1,1,1,1
South-Korea,Female,28,4,1,Part time employment,4,3,2,1,4
South-Korea,Male,51,2,0,Full time employment,1,1,1,1,1
South-Korea,Male,19,2,0,Part time employment,5,2,2,1,2
South-Korea,Male,21,Prefer not to say,0,Other,1,2,1,4,1
South-Korea,Female,19,3,0,Other,4,4,3,3,3
South-Korea,Male,18,4,1,Unemployed,1,3,1,1,1
South-Korea,Male,44,3,0,Part time employment,3,2,3,3,3
South-Korea,Male,25,4,1,Full time employment,2,4,1,1,5
South-Korea,Female,54,4,2,Not working,3,3,3,3,4
South-Korea,Female,35,2,1,Full time employment,2,1,3,3,3
South-Korea,Female,31,3,0,Not working,1,2,3,4,3
South-Korea,Female,53,4,0,Not working,4,2,2,2,2
South-Korea,Male,26,4,4,Not working,1,1,1,1,1
South-Korea,Female,22,3,3,Not working,1,1,3,1,1
South-Korea,Female,37,5,0,Other,3,4,1,1,1
South-Korea,Male,19,4,2,Part time employment,2,1,5,3,4
South-Korea,Male,66,3,0,Retired,2,4,1,1,1
South-Korea,Male,25,3,1,Part time employment,5,2,2,3,2
South-Korea,Male,24,5,0,Full time student,3,3,2,3,3
South-Korea,Female,28,5,0,Full time employment,1,1,2,2,2
South-Korea,Male,24,4,0,Full time student,3,3,3,3,3
South-Korea,Male,43,5,3,Full time employment,4,3,4,4,4
South-Korea,Male,54,4,0,Not working,2,1,3,2,1
South-Korea,Female,18,4,1,Not working,3,1,5,5,5
South-Korea,Male,21,Prefer not to say,5 or more,Retired,2,2,2,2,2
South-Korea,Male,26,4,1,Part time employment,3,2,3,3,2
South-Korea,Female,22,4,1,Unemployed,2,4,1,1,1
South-Korea,Female,64,3,0,Retired,2,3,3,4,3
South-Korea,Female,32,1,0,Full time employment,3,3,2,3,2
South-Korea,Female,68,5,0,Full time employment,2,3,2,2,2
South-Korea,Female,35,1,0,Unemployed,3,3,3,3,4
South-Korea,Male,39,3,0,Full time employment,2,2,2,3,2
South-Korea,Female,24,3,1,Full time employment,1,1,3,4,3
South-Korea,Female,34,8 or more,3,Part time employment,5,5,1,1,1
South-Korea,Female,32,3,1,Not working,3,2,2,3,3
South-Korea,Female,21,6,2,Part time employment,1,1,1,1,1
South-Korea,Female,21,4,0,Full time student,2,1,2,5,4
South-Korea,Female,20,2,0,Full time student,2,2,1,1,2
South-Korea,Male,60,4,0,Part time employment,2,3,2,1,1
South-Korea,Female,31,4,2,Full time employment,2,3,1,1,2
South-Korea,Male,29,2,0,Full time employment,1,2,2,1,1
South-Korea,Female,27,2,0,Other,2,3,2,2,1
South-Korea,Female,47,3,1,Not working,3,3,2,2,2
South-Korea,Female,20,5,4,Full time student,3,3,2,4,2
South-Korea,Female,28,3,0,Full time employment,2,2,3,3,3
South-Korea,Male,49,3,1,Full time employment,1,1,1,1,1
South-Korea,Male,36,5,2,Full time employment,1,1,2,1,1
South-Korea,Female,20,5,0,Other,3,3,3,1,1
South-Korea,Female,21,4,0,Full time student,2,2,2,2,3
South-Korea,Male,23,4,0,Full time student,4,3,3,4,4
South-Korea,Male,30,2,0,Full time employment,2,3,3,3,3
South-Korea,Female,22,1,0,Part time employment,1,2,3,1,1
South-Korea,Female,50,4,0,Part time employment,1,1,3,3,3
South-Korea,Female,24,3,3,Not working,1,1,1,1,1
South-Korea,Male,22,5,1,Full time student,1,3,5,2,1
South-Korea,Male,50,1,0,Full time employment,2,2,4,4,5
South-Korea,Male,34,3,0,Full time employment,3,1,3,5,5
South-Korea,Male,55,2,0,Full time employment,3,1,1,3,5
South-Korea,Male,37,3,1,Full time employment,1,1,5,1,1
South-Korea,Female,67,2,0,Retired,2,2,3,3,3
South-Korea,Male,18,4,1,Full time student,1,1,3,3,2
South-Korea,Female,61,2,0,Not working,2,3,4,3,3
South-Korea,Female,64,3,0,Part time employment,1,5,3,2,5
South-Korea,Female,64,2,0,Full time employment,2,2,4,3,3
South-Korea,Male,20,3,0,Other,5,4,3,2,3
South-Korea,Male,46,5,2,Full time employment,1,1,2,4,1
South-Korea,Female,44,4,4,Full time employment,3,2,5,4,3
South-Korea,Female,49,4,2,Other,3,3,3,3,3
South-Korea,Male,34,3,1,Full time employment,4,2,4,3,3
South-Korea,Female,25,3,3,Part time employment,1,1,1,1,1
South-Korea,Male,37,3,0,Full time employment,1,1,5,5,5
South-Korea,Female,25,4,1,Part time employment,2,1,1,3,1
South-Korea,Male,43,4,2,Full time employment,3,3,3,4,5
South-Korea,Female,36,4,0,Part time employment,3,3,3,3,3
South-Korea,Male,33,5,2,Full time employment,2,2,3,1,1
South-Korea,Female,18,5,0,Full time student,1,1,1,2,1
South-Korea,Male,48,3,0,Full time employment,4,4,1,1,1
South-Korea,Female,68,3,0,Other,2,2,2,3,3
South-Korea,Female,29,4,0,Part time employment,1,1,3,3,3
South-Korea,Female,50,4,2,Part time employment,2,2,4,2,3
South-Korea,Male,21,2,2,Part time employment,3,1,2,1,1
South-Korea,Female,37,1,0,Full time employment,1,1,2,3,3
South-Korea,Male,41,3,1,Full time employment,2,2,1,3,1
South-Korea,Female,31,4,2,Full time employment,1,1,1,1,1
South-Korea,Male,20,1,0,Not working,1,2,1,1,1
South-Korea,Female,33,4,0,Part time employment,3,3,4,4,4
South-Korea,Male,25,3,0,Full time student,4,4,3,3,3
South-Korea,Female,26,4,0,Full time employment,3,1,3,3,5
South-Korea,Male,30,4,1,Full time employment,3,3,1,4,2
South-Korea,Female,28,5,0,Full time employment,2,2,2,2,2
South-Korea,Female,30,2,0,Other,2,2,2,3,3
South-Korea,Male,54,1,0,Unemployed,2,4,1,1,1
South-Korea,Female,31,5,1,Full time employment,1,1,2,1,1
South-Korea,Male,61,1,0,Full time employment,2,2,4,2,2
South-Korea,Female,45,4,2,Not working,2,2,3,3,2
South-Korea,Male,65,2,0,Full time employment,5,3,4,3,4
South-Korea,Female,49,4,1,Not working,3,3,2,1,1
South-Korea,Female,38,3,0,Not working,1,1,4,1,1
South-Korea,Male,25,4,0,Full time student,1,2,2,3,3
South-Korea,Male,21,3,0,Not working,3,2,2,2,2
South-Korea,Female,50,4,0,Not working,1,1,2,2,1
South-Korea,Female,51,5,2,Full time employment,4,1,2,3,1
South-Korea,Male,45,5,3,Full time employment,1,1,1,1,1
South-Korea,Male,51,4,2,Full time employment,2,3,3,2,1
South-Korea,Male,27,5,1,Not working,4,2,4,4,3
South-Korea,Male,25,Prefer not to say,4,Part time employment,3,2,3,2,1
South-Korea,Male,37,3,0,Full time employment,2,1,4,5,5
South-Korea,Male,39,2,2,Full time employment,5,1,5,5,5
South-Korea,Male,25,4,4,Part time employment,2,4,3,2,2
South-Korea,Male,35,1,0,Full time employment,3,3,1,3,3
South-Korea,Male,40,3,1,Full time employment,2,2,4,2,2
South-Korea,Male,66,5,0,Part time employment,1,1,2,3,1
South-Korea,Female,32,3,3,Full time employment,4,2,4,4,3
South-Korea,Male,57,4,1,Full time employment,1,2,1,2,1
South-Korea,Female,57,4,0,Full time employment,3,1,3,4,4
South-Korea,Male,28,3,1,Part time employment,5,5,4,5,5
South-Korea,Female,52,4,0,Not working,1,1,3,3,3
South-Korea,Male,49,5,3,Other,1,1,1,1,1
South-Korea,Female,68,3,0,Not working,2,1,3,2,1
South-Korea,Male,29,5,2,Part time employment,3,2,3,2,3
South-Korea,Male,45,4,1,Full time employment,3,2,2,2,1
South-Korea,Male,29,1,0,Part time employment,2,2,2,2,3
South-Korea,Female,46,2,0,Part time employment,2,4,2,1,1
South-Korea,Female,42,Prefer not to say,0,Other,1,1,2,2,2
South-Korea,Male,52,4,0,Full time employment,1,2,2,1,1
South-Korea,Female,47,2,2,Part time employment,2,3,2,3,2
South-Korea,Male,28,4,0,Unemployed,1,1,3,4,2
South-Korea,Female,39,2,2,Full time employment,3,3,1,3,3
South-Korea,Male,48,2,0,Full time employment,4,4,3,3,3
South-Korea,Male,37,3,0,Full time employment,1,3,5,3,1
South-Korea,Male,69,3,0,Full time employment,1,1,1,1,1
South-Korea,Female,68,2,0,Full time employment,2,3,2,3,1
South-Korea,Male,50,4,1,Full time employment,1,4,2,1,1
South-Korea,Male,40,1,0,Full time employment,5,5,5,5,5
South-Korea,Male,47,3,0,Full time employment,1,3,1,1,1
South-Korea,Male,44,3,1,Full time employment,3,4,3,3,3
South-Korea,Male,50,4,1,Full time employment,1,1,4,5,2
South-Korea,Female,39,4,2,Full time employment,5,4,3,4,5
South-Korea,Male,34,4,2,Full time employment,5,1,2,5,1
South-Korea,Male,37,2,2,Full time employment,3,1,2,2,1
South-Korea,Male,72,2,0,Retired,3,2,1,1,1
South-Korea,Female,37,3,1,Full time employment,4,4,4,3,3
South-Korea,Female,40,4,2,Full time employment,3,3,4,3,3
South-Korea,Male,77,6,2,Retired,1,2,3,1,1
South-Korea,Female,51,2,2,Not working,1,2,3,3,3
South-Korea,Female,49,3,0,Full time employment,3,3,3,2,1
South-Korea,Female,41,3,2,Full time employment,1,1,2,3,2
South-Korea,Male,41,4,2,Full time employment,2,1,1,2,3
South-Korea,Male,56,3,0,Full time employment,2,2,2,2,2
South-Korea,Male,53,4,1,Full time employment,3,2,2,3,1
South-Korea,Male,38,1,1,Full time employment,3,3,3,4,3
South-Korea,Female,42,5,3,Part time employment,2,1,2,1,2
South-Korea,Female,29,3,0,Full time employment,1,2,1,1,2
South-Korea,Female,35,4,2,Full time employment,1,1,2,3,3
South-Korea,Female,47,3,1,Unemployed,3,2,2,3,3
South-Korea,Female,60,3,0,Full time employment,5,4,4,4,4
South-Korea,Female,37,3,1,Not working,3,3,1,1,1
South-Korea,Male,42,4,2,Full time employment,3,4,1,1,1
South-Korea,Male,30,1,0,Full time employment,2,2,2,2,2
South-Korea,Female,71,4,4,Full time employment,1,2,1,1,1
South-Korea,Male,36,3,1,Full time employment,3,3,4,3,3
South-Korea,Male,47,3,2,Full time employment,3,3,1,1,1
South-Korea,Female,40,3,1,Full time employment,2,1,2,1,1
South-Korea,Female,63,2,0,Other,3,3,2,2,2
South-Korea,Male,38,4,2,Full time employment,1,2,4,3,3
South-Korea,Male,52,2,0,Other,5,1,5,5,5
South-Korea,Male,41,3,1,Full time employment,2,4,2,2,4
South-Korea,Female,38,4,2,Not working,1,1,4,3,2
South-Korea,Male,29,5,0,Full time employment,5,4,5,3,2
South-Korea,Male,75,1,0,Retired,2,3,1,1,1
South-Korea,Female,43,1,0,Full time employment,5,2,3,4,2
South-Korea,Male,46,1,0,Full time employment,3,3,4,3,3
South-Korea,Male,56,Prefer not to say,0,Full time employment,5,1,1,3,1
South-Korea,Male,29,4,0,Full time employment,2,2,3,3,3
South-Korea,Female,28,3,1,Full time employment,3,1,2,4,3
South-Korea,Male,38,5,3,Full time employment,3,4,2,3,5
South-Korea,Male,42,4,2,Full time employment,2,4,2,4,2
South-Korea,Female,45,3,1,Not working,2,3,1,1,1
South-Korea,Female,52,3,0,Full time employment,4,4,3,3,3
South-Korea,Male,44,3,1,Full time employment,1,2,2,2,2
South-Korea,Male,39,4,2,Full time employment,2,2,2,2,1
South-Korea,Female,52,5,1,Full time employment,3,2,3,3,2
South-Korea,Male,57,4,2,Full time employment,2,3,3,2,2
South-Korea,Male,66,2,0,Full time employment,2,2,2,2,1
South-Korea,Male,48,4,2,Full time employment,1,2,1,2,1
South-Korea,Female,39,5,5 or more,Full time employment,2,2,3,3,3
South-Korea,Male,61,3,3,Full time employment,2,2,2,1,1
South-Korea,Male,38,6,4,Full time employment,3,3,3,3,3
South-Korea,Male,27,4,0,Full time employment,1,1,3,4,2
South-Korea,Female,47,2,0,Full time employment,3,3,2,2,2
South-Korea,Male,55,3,0,Full time employment,3,3,3,3,3
South-Korea,Male,38,4,2,Full time employment,2,4,3,4,1
South-Korea,Male,52,4,1,Full time employment,2,1,2,2,1
South-Korea,Female,45,3,2,Other,2,1,3,4,3
South-Korea,Female,44,3,0,Full time employment,4,4,3,3,3
South-Korea,Male,61,4,2,Part time employment,3,3,3,4,2
South-Korea,Female,59,1,0,Full time employment,2,2,3,3,3
South-Korea,Female,51,1,0,Full time employment,3,2,2,2,2
South-Korea,Male,51,4,2,Full time employment,3,3,2,3,3
South-Korea,Male,51,4,1,Full time employment,2,1,1,3,3
South-Korea,Male,62,3,0,Full time employment,2,2,3,3,2
South-Korea,Male,62,3,0,Retired,1,3,2,3,4
South-Korea,Female,42,4,2,Part time employment,1,1,3,3,3
South-Korea,Male,36,2,0,Full time employment,2,3,1,1,1
South-Korea,Male,36,3,1,Full time employment,3,2,4,2,3
South-Korea,Female,37,3,0,Full time employment,1,1,1,1,1
South-Korea,Female,61,3,1,Part time employment,1,5,1,1,1
South-Korea,Male,46,3,2,Full time employment,3,3,5,3,3
South-Korea,Female,48,3,1,Full time employment,2,1,1,2,2
South-Korea,Male,39,4,2,Full time employment,2,2,2,3,4
South-Korea,Male,51,4,1,Full time employment,2,2,2,3,3
South-Korea,Male,59,4,0,Full time employment,1,2,3,1,1
South-Korea,Male,40,3,1,Full time employment,1,1,2,1,1
South-Korea,Female,43,2,0,Full time employment,1,1,2,3,3
South-Korea,Female,37,2,0,Full time employment,2,1,2,3,2
South-Korea,Female,36,4,4,Full time employment,3,3,4,4,5
South-Korea,Male,59,4,1,Full time employment,2,2,2,2,1
South-Korea,Male,66,3,0,Retired,2,2,3,1,1
South-Korea,Female,38,2,0,Full time employment,2,2,3,3,3
South-Korea,Male,64,2,0,Retired,1,2,1,2,2
South-Korea,Female,50,4,1,Full time employment,2,2,3,2,1
South-Korea,Male,33,3,3,Full time employment,5,1,3,4,4
South-Korea,Male,49,2,0,Part time employment,2,2,2,1,1
South-Korea,Male,57,4,0,Full time employment,2,1,2,3,2
South-Korea,Female,44,2,0,Full time employment,5,5,3,3,2
South-Korea,Female,43,3,1,Full time employment,5,4,4,4,4
South-Korea,Male,34,4,0,Full time employment,1,2,1,1,3
South-Korea,Male,54,4,0,Full time employment,3,2,4,3,4
South-Korea,Male,32,3,0,Full time employment,2,3,4,3,4
South-Korea,Female,47,4,2,Unemployed,1,1,3,3,3
South-Korea,Male,48,3,1,Full time employment,2,2,2,2,1
South-Korea,Female,65,4,0,Part time employment,4,3,3,4,3
South-Korea,Male,56,5,5 or more,Full time employment,1,1,2,1,4
South-Korea,Female,51,4,2,Part time employment,1,1,4,3,3
South-Korea,Male,74,2,0,Full time employment,1,1,1,2,1
South-Korea,Male,58,5,0,Full time employment,2,3,3,1,1
South-Korea,Male,64,3,0,Full time employment,3,2,4,3,2
South-Korea,Female,48,2,0,Not working,3,2,1,3,4
South-Korea,Male,72,6,4,Retired,2,2,2,2,1
South-Korea,Female,45,3,3,Full time employment,2,2,2,1,1
South-Korea,Male,48,3,3,Full time employment,4,4,4,4,4
South-Korea,Female,46,5,3,Full time employment,1,1,1,3,3
South-Korea,Male,59,4,0,Full time employment,4,4,4,3,3
South-Korea,Female,59,3,0,Full time employment,2,3,2,2,2
South-Korea,Female,46,4,1,Full time employment,3,4,3,4,4
South-Korea,Female,48,4,2,Part time employment,2,2,1,2,2
South-Korea,Male,69,4,0,Full time employment,2,2,3,3,2
South-Korea,Male,63,3,0,Retired,2,3,3,2,2
South-Korea,Male,63,3,0,Full time employment,1,3,1,1,1
South-Korea,Female,48,3,1,Full time employment,1,2,3,2,2
South-Korea,Female,51,2,0,Full time employment,4,3,3,3,4
South-Korea,Male,65,2,0,Full time employment,3,3,2,2,2
South-Korea,Female,54,2,0,Full time employment,1,1,1,1,1
South-Korea,Female,56,2,0,Retired,2,2,3,2,2
South-Korea,Male,58,2,0,Full time employment,2,1,3,3,3
South-Korea,Male,56,4,1,Full time employment,1,5,1,1,1
South-Korea,Female,58,4,1,Not working,2,1,2,3,2
South-Korea,Male,60,5,2,Full time employment,2,1,5,5,5
South-Korea,Female,73,2,0,Full time employment,3,3,1,3,3
South-Korea,Female,58,4,0,Full time employment,2,2,2,1,1
South-Korea,Female,59,4,0,Other,1,2,1,1,1
South-Korea,Male,59,4,0,Retired,3,2,1,3,3
South-Korea,Male,64,2,0,Part time employment,1,4,1,1,1
South-Korea,Male,63,6,0,Full time employment,3,2,4,3,1
South-Korea,Male,71,1,0,Part time employment,2,2,3,3,3
South-Korea,Male,64,3,0,Retired,3,4,1,1,1
South-Korea,Female,62,5,1,Unemployed,1,2,3,2,2
South-Korea,Male,66,2,0,Retired,5,1,1,5,4
South-Korea,Female,58,3,0,Full time employment,3,1,1,3,3
South-Korea,Male,60,4,0,Full time employment,4,4,3,3,3
South-Korea,Male,57,5,0,Part time employment,2,2,2,2,2
South-Korea,Male,60,5,1,Full time employment,4,4,1,1,1
South-Korea,Male,63,6,2,Retired,2,2,2,1,1
South-Korea,Female,68,3,0,Retired,3,2,2,1,1
South-Korea,Male,61,4,0,Full time employment,3,3,2,2,2
South-Korea,Male,60,4,0,Not working,4,3,3,3,3
South-Korea,Male,71,3,0,Full time employment,1,2,1,1,1
South-Korea,Male,60,3,1,Full time employment,3,2,1,1,3
South-Korea,Male,61,2,0,Full time employment,3,3,2,2,3
South-Korea,Male,70,4,0,Retired,1,1,1,1,1
South-Korea,Male,65,1,0,Retired,3,3,5,5,4
South-Korea,Female,59,2,0,Full time employment,1,1,3,1,4
South-Korea,Female,61,4,0,Retired,3,2,3,3,2
South-Korea,Female,59,4,0,Not working,3,4,4,1,1
South-Korea,Male,58,4,0,Full time employment,1,2,1,1,1
South-Korea,Male,56,1,0,Full time employment,1,3,1,3,2
South-Korea,Male,71,3,0,Part time employment,1,2,1,2,1
South-Korea,Male,63,2,0,Full time employment,1,3,1,1,1
South-Korea,Female,55,5,5 or more,Full time employment,2,2,1,2,1
South-Korea,Female,66,3,0,Part time employment,3,3,3,3,4
South-Korea,Male,59,4,0,Full time employment,4,4,4,3,4
South-Korea,Female,58,4,0,Retired,3,2,3,4,3
South-Korea,Female,59,2,0,Not working,4,2,3,4,5
South-Korea,Male,55,4,0,Full time employment,2,2,1,1,1
South-Korea,Male,58,2,0,Full time employment,3,3,3,4,4
South-Korea,Female,61,2,2,Not working,1,2,1,1,2
South-Korea,Male,58,2,0,Part time employment,2,3,2,2,2
South-Korea,Male,59,4,0,Full time employment,2,3,1,5,1
South-Korea,Male,55,3,1,Part time employment,1,4,1,1,1
South-Korea,Female,70,4,0,Full time employment,4,1,2,4,2
South-Korea,Female,58,3,0,Part time employment,5,5,5,5,5
South-Korea,Female,56,1,1,Part time employment,5,2,3,5,5
South-Korea,Male,61,4,0,Full time employment,1,3,2,2,1
South-Korea,Male,56,3,1,Full time employment,4,3,3,3,3
South-Korea,Female,68,2,0,Retired,2,2,1,2,1
South-Korea,Female,58,4,4,Not working,3,2,2,2,2
South-Korea,Male,64,4,0,Retired,2,3,1,2,3
South-Korea,Male,65,2,0,Part time employment,3,2,3,3,3
South-Korea,Female,64,2,0,Full time employment,4,4,3,3,3
South-Korea,Female,55,5,0,Retired,1,1,1,1,1
South-Korea,Female,67,3,0,Part time employment,2,3,2,2,2
South-Korea,Male,66,3,0,Full time employment,4,3,3,2,4
South-Korea,Male,59,2,0,Full time employment,3,3,3,3,2
South-Korea,Male,62,2,0,Full time employment,3,2,2,2,1
South-Korea,Male,63,4,0,Full time employment,1,2,2,1,1
South-Korea,Male,60,4,0,Full time employment,3,3,3,3,3
South-Korea,Male,63,2,0,Part time employment,2,2,4,2,1
South-Korea,Male,56,3,0,Full time employment,3,3,5,5,5
South-Korea,Female,55,5,1,Unemployed,3,2,2,3,3
South-Korea,Female,56,4,0,Full time employment,3,1,3,4,5
South-Korea,Female,66,3,1,Part time employment,1,1,1,1,1
South-Korea,Female,70,2,0,Part time employment,1,1,1,3,3
South-Korea,Female,57,1,0,Full time employment,2,4,3,3,2
South-Korea,Female,58,2,0,Full time employment,2,3,2,2,2
South-Korea,Male,21,4,0,Unemployed,3,1,1,4,1
South-Korea,Male,22,3,0,Part time employment,3,2,3,1,1
South-Korea,Male,19,4,1,Part time employment,2,2,1,2,1
South-Korea,Male,20,4,1,Full time student,1,1,3,3,3
South-Korea,Female,39,5,0,Full time employment,1,1,3,3,3
South-Korea,Female,44,1,0,Part time employment,1,4,1,1,1
South-Korea,Male,52,1,0,Full time employment,3,2,1,5,5
South-Korea,Male,38,5,2,Full time employment,3,2,3,3,4
South-Korea,Male,42,4,0,Full time employment,1,1,2,2,2
South-Korea,Male,59,5,1,Full time employment,4,5,4,4,5
South-Korea,Female,53,3,0,Not working,2,3,2,4,2
South-Korea,Female,50,4,0,Full time employment,2,1,2,3,3
South-Korea,Female,55,4,0,Not working,4,3,4,4,3
South-Korea,Male,66,2,2,Retired,2,4,1,2,1
South-Korea,Male,26,2,0,Full time employment,3,3,1,1,1
South-Korea,Male,60,4,1,Full time employment,4,4,5,5,5
South-Korea,Male,46,4,2,Part time employment,1,1,1,1,1
South-Korea,Male,67,6,0,Retired,1,1,2,2,2
South-Korea,Female,60,3,0,Retired,3,3,1,1,1
South-Korea,Female,62,3,0,Full time employment,4,3,4,3,3
South-Korea,Female,61,3,0,Full time employment,1,2,3,2,2
South-Korea,Female,81,5,2,Full time employment,2,1,2,4,1
